RADAR ID,APN,COUNTY,ADDRESS,CITY,STATE,ZIP,SUBDIVISION,LOTNUMBER,OWNER,OWNER FIRST NAME,OWNER LAST NAME,OWNER SPOUSE FIRST NAME,OWNER 2,OWNDER ADDRESS,OWNER CITY,OWNER STATE,OWNER ZIP,PRIMARY RESIDENCE,PROPERTY TYPE,UNIT,SQFT,YEAR BUILT,BEDS,BATHS,LOTSIZE,POOL,STORIES,ESTIMATED VALUE,ESTIMATED TOTAL LOAN BALANCE,EQUITY PERCENT,ASSESSED VALUE,ASSESSED YEAR,ANNUAL TAXES,TAX RATE AREA,IN FORECLOSURE,FIRST LOAN LENDER,FIRST LOAN DATE,FIRST LOAN AMOUNT,SECOND LOAN LENDER,SECOND LOAN DATE,SECOND LOAN AMOUNT,TRANSFER DATE,TRANSFER AMOUNT,LISTED FOR SALE,LISTING TYPE,LISTING PRICE,DATE
P11A3C49,501-162-030,RIVERSIDE,1184 E PAJARO RD,PALM SPRINGS,CA,92262,,30,"BRENNAN,ARLEA M",ARLEA M,BRENNAN,,,PO BOX 684,MERLIN,OR,97532,1,SFR,1,1189,1962,3,2,11326,0,1,503600,0,100,57560,2018,1142.36,11005,0,,,,,,,1983-02-01,0,0,,,2019-06-10
P1201827,2660-012-003,LOS ANGELES,10043 BURNET AVE,MISSION HILLS,CA,91345,17933,3,"WHITNALL,MICHAEL T",MICHAEL,WHITNALL,,,10043 BURNET AVE,MISSION HILLS,CA,91345,0,SFR,1,1206,1954,3,2,7671,0,1,546000,40039,93,328205,2018,4002,16,0,COAST FEDERAL BANK,1995-06-23,90750,,,,2008-04-24,0,0,,,2019-06-10
P1215839,8545-001-011,LOS ANGELES,12045 RANCHITO ST,EL MONTE,CA,91732,10545,17,"HOANG,ICH G",ICH G,HOANG,,"QUACH,ALAN V",12045 RANCHITO ST,EL MONTE,CA,91732,0,SFR,1,1826,1936,5,3,27647,0,1,791900,215532,73,517947,2018,7818.72,3621,0,T J FINANCIAL INC,2011-05-24,250000,,,,2011-05-24,460000,0,,,2019-06-10
P1221F57,6347-024-011,LOS ANGELES,4720 ORANGE ST,PICO RIVERA,CA,90660,8128,120,"MARRON,JESSIE JR & ROBERT",JESSIE,MARRON,ROBERT,,4720 ORANGE ST,PICO RIVERA,CA,90660,0,SFR,1,1076,1941,3,1,4161,0,1,430200,0,100,123753,2018,2067,6451,0,,,,,,,1980-06-04,0,0,,,2019-06-10
P122B4DF,7462-008-025,LOS ANGELES,654 W 19TH ST,SAN PEDRO,CA,90731,PECKS SUB,25,"CRUZ,JOSE L & GUADALUPE",JOSE,CRUZ,GUADALUPE,"WALDEN,YVETTE",654 W 19TH ST,SAN PEDRO,CA,90731,1,MFR,3,884,1921,4,3,4999,0,0,638500,324138,49,388217,2018,4686,14,0,FIRST FRANKLIN FINANCIAL CORP,2007-08-02,394100,,,,2002-12-30,305000,1,ShortSale,200000,2019-06-10
P1286D82,087-021-018,SANTA BARBARA,1128 N A ST,LOMPOC,CA,93436,LOM 43,3,"SILVA,SONIA",SONIA,SILVA,,,PO BOX 13222,BAKERSFIELD,CA,93389,0,SFR,1,1372,1960,3,2,6534,0,0,347100,0,100,250598,2018,2974,1000,0,,,,,,,1983-04-25,0,0,,,2019-06-10
P12DB963,165-130-003,RIVERSIDE,6091 HUDSON ST,RIVERSIDE,CA,92509,FAIRHAVEN FARMS,21,"RODRIGUEZ,EMILIO",EMILIO,RODRIGUEZ,,,6091 HUDSON ST,RIVERSIDE,CA,92509,0,SFR,1,1314,1952,4,2,18295,0,1,384500,0,100,98920,2018,1121,28033,0,,,,,,,2013-05-17,30000,0,,,2019-06-10
P137DF37,8032-004-004,LOS ANGELES,12027 EDDERTON AVE,WHITTIER,CA,90604,17941,215,"MORGAN,H M & M TRUST",H,MORGAN,M,,12027 EDDERTON AVE,WHITTIER,CA,90604,1,SFR,1,1045,1954,3,1,5772,0,1,512200,0,100,247361,2018,3239,6802,0,,,,,,,1990-06-28,91000,0,,,2019-06-10
P158FA4F,2169-021-038,LOS ANGELES,5227 SAN FELICIANO DR,WOODLAND HILLS,CA,91364,6170,1096,"RABINOWITZ,MICHAEL",MICHAEL,RABINOWITZ,,,5227 SAN FELICIANO DR,WOODLAND HILLS,CA,91364,0,SFR,1,1393,1955,3,2,10421,1,1,764700,260252,66,324575,2018,4069,37,0,KAREN G KRASNEY,2017-12-19,265000,,,,2002-03-19,250000,0,,,2019-06-10
P15B655F,7171-019-018,LOS ANGELES,5723 HERSHOLT AVE,LAKEWOOD,CA,90712,14594,266,"JONES,CARLA L LIVING TRUST",CARLA,JONES,,,5723 HERSHOLT AVE,LAKEWOOD,CA,90712,1,SFR,1,810,1950,2,1,5332,0,1,529300,0,100,57692,2018,964,2274,0,,,,,,,1987-03-27,0,0,,,2019-06-10
P15BA92E,6004-020-002,LOS ANGELES,619 W 65TH ST,LOS ANGELES,CA,90044,BURKE BROS ADD,356,"MINAFEE,SAMMIE J",SAMMIE J,MINAFEE,,"BROWN,ROBERT E",619 W 65TH ST,LOS ANGELES,CA,90044,1,SFR,1,936,1922,2,1,4051,0,1,414500,0,100,28169,2018,417.29,212,0,,,,,,,1993-03-19,13000,0,,,2019-06-10
P15CA037,6061-027-018,LOS ANGELES,529 W 104TH PL,LOS ANGELES,CA,90044,6110,18,"WHITE,MARY H",MARY,WHITE,,,529 W 104TH PL,LOS ANGELES,CA,90044,1,SFR,1,1022,1928,2,1,4871,0,1,405900,4812,99,34854,2018,499,212,0,SECURITY PACIFIC NATIONAL BANK,1989-06-20,70000,,,,,,0,,,2019-06-10
P14A7A48,6140-006-007,LOS ANGELES,913 E CLAUDE ST,CARSON,CA,90746,22702,24,"HUNDLEY,JEFFERSON & FANNIE J",JEFFERSON,HUNDLEY,FANNIE,,913 E CLAUDE ST,CARSON,CA,90746,0,SFR,1,1233,1957,4,2,5099,0,1,486400,0,100,193421,2018,2893,3788,0,RNG MORTGAGE SERVICES INC,1988-05-19,105097,,,,1988-05-19,115000,0,,,2019-06-10
P16C3156,8026-015-033,LOS ANGELES,13138 MICHELLE CIR,WHITTIER,CA,90605,27376,11,"MILLER,CLARK & HELEN TR",CLARK,MILLER,HELEN,"HELEN,CLARK & MILLER TRUST",13138 MICHELLE CIR,WHITTIER,CA,90605,1,SFR,1,1188,1975,3,2,6029,0,1,475200,0,100,78446,2018,1282,9118,0,,,,,,,1976-06-15,38000,0,,,2019-06-10
P14B14EC,686-182-054,RIVERSIDE,68390 INDIGO LN,CATHEDRAL CITY,CA,92234,4690,5,"PAXTON,DOUGLAS",DOUGLAS,PAXTON,,"VASSALLO,JOSEPH",68390 INDIGO LN,CATHEDRAL CITY,CA,92234,0,SFR,1,1520,1973,3,2,12632,1,1,416200,0,100,278382,2018,4929,19017,0,,,,,,,2007-12-19,224000,0,,,2019-06-10
P14B1804,675-174-012,RIVERSIDE,28503 AVENIDA MARQUESA,CATHEDRAL CITY,CA,92234,2232,425,"RODRIGUEZ,WILFREDO",WILFREDO,RODRIGUEZ,,,28503 AVENIDA MARQUESA,CATHEDRAL CITY,CA,92234,1,SFR,1,1759,1994,3,2,6970,0,1,338700,0,100,259162,2018,3739,19167,0,,,,,,,2008-11-26,229000,0,,,2019-06-10
P184916E,2676-010-034,LOS ANGELES,16433 GLEDHILL ST,NORTH HILLS,CA,91343,21180,61,GRK PROPERTY LLC,GRK PROPERTY LLC,,,,16433 GLEDHILL ST,NORTH HILLS,CA,91343,0,SFR,1,1421,1956,3,2,6420,0,1,608800,9401,98,525300,2018,6373,16,0,US SMALL BUSINESS ADMN,1994-08-30,22200,,,,1997-04-09,0,0,,,2019-06-10
P1879758,7009-005-053,LOS ANGELES,11832 ALGARDI ST,NORWALK,CA,90650,,30,"GONZALE,FULGENCIO P",FULGENCIO,GONZALE,,,11832 ALGARDI ST,NORWALK,CA,90650,1,SFR,1,1360,1966,4,2,4953,0,1,496200,95995,81,194905,2018,2646,6874,0,WASHINGTON MUTUAL FSB,2003-04-02,139000,,,,2001-03-05,0,0,,,2019-06-10
P188741B,7167-003-010,LOS ANGELES,6157 FIDLER AVE,LAKEWOOD,CA,90712,12894,11,"JOHNSON,ROBERT F & ROBERT F JR",ROBERT,JOHNSON,ROBERT,,6157 FIDLER AVE,LAKEWOOD,CA,90712,0,SFR,1,886,1942,2,1,6248,0,1,443400,0,100,57900,2018,1052,2274,0,,,,,,,1987-05-22,0,0,,,2019-06-10
P188796D,8023-002-010,LOS ANGELES,12028 SUMMER AVE,NORWALK,CA,90650,16645,73,"WILLIAMS,ROBERT & SANDRA TR",ROBERT,WILLIAMS,SANDRA,WILLIAMS FAMILY TRUST,12028 SUMMER AVE,NORWALK,CA,90650,1,SFR,1,1047,1951,3,1,5369,0,1,486300,23730,95,61869,2018,1209,5295,0,DONOVAN ARMOND & M TRUST,1997-08-18,43843,,,,1976-05-11,30500,0,,,2019-06-10
P14DB41A,8670-032-022,LOS ANGELES,258 ARMSTRONG DR,CLAREMONT,CA,91711,30508,22,"RENTERIA,JESSE TRUST",JESSE,RENTERIA,,"CONSUELO,RENTERIA TRUST",258 ARMSTRONG DR,CLAREMONT,CA,91711,0,SFR,1,2146,1977,4,2,13122,0,1,832200,163724,80,279709,2018,3835,2730,0,AMERICA'S WHOLESALE LENDER,2007-06-28,199000,,,,1984-09-10,40000,0,,,2019-06-10
P1AE92A1,225-021-017,RIVERSIDE,4226 JURUPA AVE,RIVERSIDE,CA,92506,GROFTHOLDT SUB,9,"PACE,REGINA H",REGINA,PACE,,,4226 JURUPA AVE,RIVERSIDE,CA,92506,0,SFR,1,1208,1922,2,1,7841,0,1,407800,0,100,37555,2018,503,9000,0,,,,,,,,,0,,,2019-06-10
P19D5D8A,7186-006-005,LOS ANGELES,6218 E CONANT ST,LONG BEACH,CA,90808,14261,85,"GIVEEN,ELIZABETH F TRUST",ELIZABETH,GIVEEN,,,6218 E CONANT ST,LONG BEACH,CA,90808,1,SFR,1,887,1950,2,1,5154,0,1,605900,10525,98,64363,2018,947,5517,0,ALLAN K ROLLOVER,2003-08-29,30900,,,,1986-10-02,0,0,,,2019-06-10
P1B431A9,8588-018-002,LOS ANGELES,9907 NADINE ST,TEMPLE CITY,CA,91780,17002,11,"GRIFFITHS,DOROTHY A TRUST",DOROTHY,GRIFFITHS,,GRIFFITHS TRUST,9907 NADINE ST,TEMPLE CITY,CA,91780,1,SFR,1,1132,1951,3,1,6232,0,1,746800,0,100,58126,2018,981,9285,0,,,,,,,,,0,,,2019-06-10
P1438B36,003-292-02,KERN,2815 21ST ST,BAKERSFIELD,CA,93301,MAP BOOK 01 PAGE 13,458,"O NEILL,E BYRON & ILENE M LIVING TRUST",E,O NEILL,ILENE,,32 ROYCROFT,IRVINE,CA,92620,0,SFR,1,3579,1941,3,2.75,0,1,2,453700,0,100,298506,2018,4090,1001,0,,,,,,,,,0,,,2019-06-10
P197F4F5,8641-005-007,LOS ANGELES,1240 S PENNSYLVANIA AVE,GLENDORA,CA,91740,19333,7,"BEAUSHEUR,ELAINE P",ELAINE P,BEAUSHEUR,,,1240 S PENNSYLVANIA AVE,GLENDORA,CA,91740,0,SFR,1,1121,1958,3,2,11468,0,1,556200,0,100,84683,2018,1437.2,2692,0,,,,,,,1987-04-21,0,0,,,2019-06-10
,,,,,,,,,,,,,,,,,,,,,,,,,,,,,,,,,,,,,,,,,,,,,,,
The information contained in this report is subject to the license restrictions and all other terms contained in PropertyRadar.com's User Agreement.,,,,,,,,,,,,,,,,,,,,,,,,,,,,,,,,,,,,,,,,,,,,,,,
