UNKNOWN,RADAR ID,APN,COUNTY,ADDRESS,CITY,STATE,ZIP,SUBDIVISION,LOTNUMBER,OWNER,OWNER FIRST NAME,OWNER LAST NAME,OWNER SPOUSE FIRST NAME,OWNER 2,OWNER ADDRESS,OWNER CITY,OWNER STATE,OWNER ZIP,PRIMARY RESIDENCE,PROPERTY TYPE,UNIT,SQFT,YEAR BUILT,BEDS,BATHS,LOTSIZE,POOL,STORIES,ESTIMATED VALUE,ESTIMATED TOTAL LOAN BALANCE,EQUITY PERCENT,ASSESSED VALUE,ASSESSED YEAR,ANNUAL TAXES,TAX RATE AREA,IN FORECLOSURE,FIRST LOAN LENDER,FIRST LOAN DATE,FIRST LOAN AMOUNT,SECOND LOAN LENDER,SECOND LOAN DATE,SECOND LOAN AMOUNT,TRANSFER DATE,TRANSFER AMOUNT,LISTED FOR SALE,LISTING TYPE,LISTING PRICE,DATE
2001-05-20,P144E832,6315-030-019,LOS ANGELES,6311 WOODLAWN AVE,BELL,CA,90201,3766,1546,"DUNCAN,NADIA A",NADIA,DUNCAN,,,6311 WOODLAWN AVE,BELL,CA,90201,1,SFR,1,1253,1938,2,1,7528,0,1,430000,0,100,134986,2018,2261,516,0,,,,,,,5/17/82,83000,0,,,2020-01-04
2001-05-20,P15AFB45,6248-010-018,LOS ANGELES,11527 HORLEY AVE,DOWNEY,CA,90241,15942,238,"GRIFFIN,ROBERT M CO TR TRUST",ROBERT,GRIFFIN,,,11527 HORLEY AVE,DOWNEY,CA,90241,1,SFR,1,1401,1950,3,1,5760,0,1,587100,100000,83,83809,2018,1202,3305,0,BANK OF AMERICA,2/19/03,100000,,,,2/20/80,0,0,,,2020-01-04
2001-05-20,P15BB6B9,6231-009-053,LOS ANGELES,9218 KARMONT AVE,SOUTH GATE,CA,90280,25450,32,"COCHRAN,JACQUELYN L TRUST",JACQUELYN,COCHRAN,,,9218 KARMONT AVE,SOUTH GATE,CA,90280,1,SFR,1,1385,1971,4,2,5121,0,1,467400,12740,97,113863,2018,1645,3319,0,IMCO REALTY SERVICES INC,5/14/90,80000,,,,1/14/77,41000,0,,,2020-01-04
2001-05-20,P1B3673E,8224-028-003,LOS ANGELES,15641 JANINE DR,WHITTIER,CA,90603,19859,6,"DANIEL,PAUL B TRUST",PAUL,DANIEL,,,PO BOX 366,WHITTIER,CA,90608,0,SFR,1,2421,1954,4,3,15148,1,1,892500,0,100,323760,2018,4236,3575,0,,,,,,,1/3/86,0,0,,,2020-01-04
2001-05-20,P137DF37,8032-004-004,LOS ANGELES,12027 EDDERTON AVE,WHITTIER,CA,90604,17941,215,"MORGAN,H M & M TRUST",H,MORGAN,M,,12027 EDDERTON AVE,WHITTIER,CA,90604,1,SFR,1,1045,1954,3,1,5772,0,1,496900,0,100,247361,2018,3239,6802,0,,,,,,,6/28/90,91000,0,,,2020-01-04
2001-05-20,P1520FA4,241-205-05,ORANGE,5202 MYRA AVE,CYPRESS,CA,90630,,35,"HULL,DOROTHY E",DOROTHY E,HULL,,,5202 MYRA AVE,CYPRESS,CA,90630,1,SFR,1,1249,1962,4,2,6000,0,1,607300,18876,97,54899,2018,883.16,19001,0,BANK OF AMERICA,3/12/96,40000,,,,,,0,,,2020-01-04
2001-05-20,P1A3A255,8070-024-017,LOS ANGELES,14346 MARILLA AVE,NORWALK,CA,90650,6234,"24,23","OHANA,HERMELINDA",HERMELINDA,OHANA,,,903 N HOBART BLVD APT 24,LOS ANGELES,CA,90029,0,SFR,1,936,1905,3,2,7981,0,1,412800,0,100,23868,2018,729,6761,0,,,,,,,,,0,,,2020-01-04
2001-05-20,P16B591F,7155-010-005,LOS ANGELES,5134 BARLIN AVE,LAKEWOOD,CA,90712,17225,207,"PINA,EDWARD E & MADELINE E ETAL",EDWARD,PINA,MADELINE,,5134 BARLIN AVE,LAKEWOOD,CA,90712,1,SFR,1,1162,1952,3,1,5836,0,1,594500,0,100,66094,2018,1147,5415,0,,,,,,,,,0,,,2020-01-04
2001-05-20,P16B7D91,7166-014-004,LOS ANGELES,6318 DROXFORD ST,LAKEWOOD,CA,90713,19981,13,"MRVOS,AURELIA C TRUST",AURELIA,MRVOS,,,6318 DROXFORD ST,LAKEWOOD,CA,90713,1,SFR,1,1108,1954,3,2,6213,0,1,602400,17853,97,84464,2018,1207,2274,0,MCDONNELL DOUGLAS WEST FCU,8/2/93,55000,,,,11/2/92,0,0,,,2020-01-04
2001-05-20,P14A72CE,7330-009-035,LOS ANGELES,23626 FRIGATE AVE,CARSON,CA,90745,29434,197,"DUPONT,JESSICA TRUST",JESSICA,DUPONT,,"LUISA,DUPONT TRUST",23626 FRIGATE AVE,CARSON,CA,90745,1,SFR,1,1986,1965,4,3,5077,0,1,672400,166109,75,251104,2018,3437,1050,0,J P MORGAN CHASE BANK,10/15/12,190254,,,,9/29/95,172000,0,,,2020-01-04
2001-05-20,P14AA390,7333-005-029,LOS ANGELES,377 E 224TH ST,CARSON,CA,90745,15838,57,"DUPERRON,REJANE L TR ETAL",REJANE,DUPERRON,,,377 E 224TH ST,CARSON,CA,90745,1,SFR,1,980,1951,3,1,4982,0,1,498000,2834,99,46918,2018,1161,1020,0,BANK OF AMERICA,11/8/90,14893,,,,3/15/66,0,0,,,2020-01-04
,P19FBA45,6052-001-017,LOS ANGELES,154 E 99TH ST,LOS ANGELES,CA,90003,6602,90,"KEELE,ESTHER L",ESTHER,KEELE,,,154 E 99TH ST,LOS ANGELES,CA,90003,0,SFR,1,957,1940,2,1,5103,0,1,394700,102118,74,27951,2018,687,461,0,COAST TO COAST FUNDING GROUP,3/29/12,117500,,,,3/1/94,0,0,,,2020-01-04
,P19ED6B7,5023-024-018,LOS ANGELES,4139 3RD AVE,LOS ANGELES,CA,90008,2195,316,"ALLEN,VICTOR L",VICTOR,ALLEN,,,425 BLUEBONNET TRL,GARLAND,TX,75043,0,SFR,1,1020,1924,2,1,5841,0,1,699700,0,100,201228,2018,2540,68,0,,,,,,,,,0,,,2020-01-04
,P19EC1EF,5041-032-012,LOS ANGELES,1556 W 37TH PL,LOS ANGELES,CA,90018,ODELL TR,12,"AUGBORNE,GENIVA",GENIVA,AUGBORNE,,,PO BOX 88159,LOS ANGELES,CA,90009,0,SFR,1,2086,1910,3,1,5517,0,2,691400,0,100,49032,2018,836,210,0,,,,,,,,,0,,,2020-01-04
,P134DE43,5309-026-015,LOS ANGELES,5643 BERKSHIRE DR,LOS ANGELES,CA,90032,SHORT LINE VILLA TR,98,"HURTADO,ALFRED G CO TR TRUST",ALFRED,HURTADO,,,5643 BERKSHIRE DR,LOS ANGELES,CA,90032,1,SFR,1,1280,1922,2,1,7418,0,1,705500,0,100,40026,2018,628,4,0,,,,,,,12/6/63,0,0,,,2020-01-04
,P14EF64F,6334-014-003,LOS ANGELES,2513 TRAVERS AVE,COMMERCE,CA,90040,10556,26,"ESQUIVEL,ERMINIA & JULIAN",ERMINIA,ESQUIVEL,JULIAN,,2513 TRAVERS AVE,COMMERCE,CA,90040,0,SFR,1,817,1944,2,1,5399,0,1,435400,0,100,53676,2018,948,6518,0,,,,,,,,,0,,,2020-01-04
,P15AB79F,5478-031-015,LOS ANGELES,632 N AVENUE 56,LOS ANGELES,CA,90042,DEAN HARTNEDY,14,"DONOHUE,MARTIN E",MARTIN,DONOHUE,,,632 N AVENUE 56,LOS ANGELES,CA,90042,0,SFR,1,943,1911,2,1,6048,0,1,696600,0,100,27959,2018,488,4,0,,,,,,,1/22/88,10500,0,,,2020-01-04
,P133B5E2,4005-010-018,LOS ANGELES,5819 MADDEN AVE,LOS ANGELES,CA,90043,4515,18,"JOHNSON,VERTIS D",VERTIS D,JOHNSON,,,826 W 132ND ST,GARDENA,CA,90247,0,SFR,1,1092,1922,2,1,4805,0,1,468900,0,100,36576,2018,613.9,212,0,,,,,,,4/16/64,0,0,,,2020-01-04
,P15BA92E,6004-020-002,LOS ANGELES,619 W 65TH ST,LOS ANGELES,CA,90044,BURKE BROS ADD,356,"MINAFEE,SAMMIE J",SAMMIE J,MINAFEE,,"BROWN,ROBERT E",619 W 65TH ST,LOS ANGELES,CA,90044,1,SFR,1,936,1922,2,1,4051,0,1,390100,0,100,28169,2018,417.29,212,0,,,,,,,3/19/93,13000,0,,,2020-01-04
,P16A8B27,6117-008-018,LOS ANGELES,12126 AINSWORTH ST,LOS ANGELES,CA,90044,1243,28,COBETTE BETTIE J LIVING TRUST,,,,,2058 W 99TH ST,LOS ANGELES,CA,90047,0,SFR,1,1342,1946,3,1,5075,0,1,556300,77993,86,453900,2019,1347.95,19,0,WELLS FARGO BK,2007-08-04,247000,US BANK NA ND,4/15/08,20001,2007-08-04,260000,0,,,2020-01-04
,P19E46FC,6089-002-016,LOS ANGELES,1219 W 121ST ST,LOS ANGELES,CA,90044,HOWARD,16,"MADURI,FRANCES TRUST",FRANCES,MADURI,,,1219 W 121ST ST,LOS ANGELES,CA,90044,1,SFR,1,1071,1947,2,1,7001,0,1,448900,0,100,43514,2018,978,1228,0,,,,,,,,,0,,,2020-01-04
,P19EF12D,6014-006-013,LOS ANGELES,1156 W 65TH ST,LOS ANGELES,CA,90044,5694,80,"GRIMES,GLORIA D TRUST",GLORIA,GRIMES,,,1156 W 65TH ST,LOS ANGELES,CA,90044,1,SFR,1,1608,1926,3,1,5385,0,1,497800,55963,89,167580,2018,2113,212,0,WASHINGTON MUTUAL FSB,8/18/03,78000,,,,9/23/92,110000,0,,,2020-01-04
,P18901BC,6037-024-049,LOS ANGELES,8779 S HOBART BLVD,LOS ANGELES,CA,90047,622,25,"TOUSSAINT,GAYLES E",GAYLES,TOUSSAINT,,,8779 S HOBART BLVD,LOS ANGELES,CA,90047,0,SFR,1,1764,1930,3,2,6496,0,1,587000,3608,99,285624,2018,12211,307,0,HOME SAVINGS OF AMERICA,12/30/88,99000,HOME SVGS/AMERICA,12/30/88,99000,11/5/92,0,0,,,2020-01-04
,P19E46CB,6065-014-008,LOS ANGELES,1563 E 108TH ST,LOS ANGELES,CA,90059,2,49,"LAWRENCE,JOHN T & CLIFFORD E",JOHN T,LAWRENCE,CLIFFORD E,"LAWRENCE,CLIFFORD E",1563 E 108TH ST,LOS ANGELES,CA,90059,0,SFR,1,1170,1920,3,1,7693,0,1,393100,22383,94,18478,2018,623.01,460,0,DEBORAH WILEY,2008-11-14,25000,,,,,,0,,,2020-01-04
,P19EFD00,6068-001-019,LOS ANGELES,10722 ANZAC AVE,LOS ANGELES,CA,90059,5432,18,"GUTIERREZ,ELISA S",ELISA,GUTIERREZ,,,10722 ANZAC AVE,LOS ANGELES,CA,90059,1,SFR,1,720,1923,2,1,5195,0,1,345400,0,100,10067,2018,423,460,0,,,,,,,8/16/02,0,0,,,2020-01-04
,P19E4BA6,5022-006-020,LOS ANGELES,1846 W 42ND PL,LOS ANGELES,CA,90062,VERMONT AVE SQUARE,20,"SUZUKI,ELLEN S TRUST",ELLEN,SUZUKI,,SUZUKI TRUST,1846 W 42ND PL,LOS ANGELES,CA,90062,1,SFR,1,1396,1922,3,1,5625,0,1,663900,0,100,38298,2018,571,68,0,,,,,,,,,0,,,2020-01-04
,P105A618,5225-015-002,LOS ANGELES,1404 N EASTERN AVE,LOS ANGELES,CA,90063,8907,2,"LOPEZ,MARGARET",MARGARET,LOPEZ,,"SOTELO,LOPEZ",1404 N EASTERN AVE,LOS ANGELES,CA,90063,1,SFR,1,1272,1939,3,1,4207,0,1,519100,0,100,41954,2018,1065.17,964,0,,,,,,,,,0,,,2020-01-04
,P105A61A,5225-015-022,LOS ANGELES,4312 COMLY ST,LOS ANGELES,CA,90063,8907,40,"MERAZ,RICHARD R CO TR TRUST",RICHARD,MERAZ,,,4312 COMLY ST,LOS ANGELES,CA,90063,1,SFR,1,810,1953,2,1,4285,0,1,476200,143434,70,37434,2018,966,964,0,BANK OF AMERICA,2008-02-11,107700,BANK OF AMERICA,2006-04-18,50000,9/3/93,0,0,,,2020-01-04
,P19ECA88,5225-023-020,LOS ANGELES,4213 FOLSOM ST,LOS ANGELES,CA,90063,4607,18,"BARBA,LUCY",LUCY,BARBA,,,4213 FOLSOM ST,LOS ANGELES,CA,90063,0,SFR,1,520,1922,1,1,5299,0,1,376700,0,100,116842,2018,1949,932,0,,,,,,,9/21/67,0,0,,,2020-01-04
,P19F70B7,5226-032-006,LOS ANGELES,1329 MILLER AVE,LOS ANGELES,CA,90063,6480,245,"BARRIGA,JUAN M SR & MARTHA",JUAN,BARRIGA,MARTHA,,1329 MILLER AVE,LOS ANGELES,CA,90063,1,SFR,1,1287,1936,2,2,3736,0,1,520900,125836,76,186762,2018,2709,964,0,CITICORP TRUST BANK FSB,2005-08-03,183137,,,,7/7/95,126000,0,,,2020-01-04
,P18656F8,5457-025-020,LOS ANGELES,2811 W AVENUE 34,LOS ANGELES,CA,90065,WASHINGTON PARK,125,"SOLIS,DAVID",DAVID,SOLIS,,,2811 W AVENUE 34,LOS ANGELES,CA,90065,1,SFR,1,1160,1921,2,2,5850,0,1,632900,56359,91,64843,2018,820,13,0,BANK OF AMERICA,5/11/94,47000,,10/8/96,45000,10/8/96,93000,0,,,2020-01-04
,P1360FD0,6143-005-020,LOS ANGELES,1801 W ARBUTUS ST,COMPTON,CA,90220,16966,57,"MURRAY,ALBERT J TRUST",ALBERT,MURRAY,,,1801 W ARBUTUS ST,COMPTON,CA,90220,0,SFR,1,1068,1951,3,1,5118,0,1,436900,0,100,306000,2018,4736,2800,0,MURRAY ALBERT J&,3/13/90,0,,,,12/14/15,0,0,,,2020-01-04
,P14EFEA2,6151-004-043,LOS ANGELES,713 W ARBUTUS ST,COMPTON,CA,90220,62,10,"ALFRED,DEANDRE",DEANDRE,ALFRED,,,713 W ARBUTUS ST,COMPTON,CA,90220,0,SFR,1,1669,1941,2,2,5751,0,1,467600,0,100,292751,2018,5063,2800,0,,,,,,,2009-07-10,260000,0,,,2020-01-04
,P11F1463,6166-024-004,LOS ANGELES,603 N SANTA FE AVE,COMPTON,CA,90221,4648,4,"GUTIERREZ,ENRRIQUE & CARMEN",ENRRIQUE,GUTIERREZ,CARMEN,,603 N SANTA FE AVE,COMPTON,CA,90221,1,SFR,1,1022,1925,2,1,6456,0,1,393100,0,100,69029,2018,1446,2800,0,,,,,,,4/1/80,38000,0,,,2020-01-04
,P121F0A1,6177-013-029,LOS ANGELES,1829 E KILLEN PL,COMPTON,CA,90221,11991,40,"LOZANO,JAIME A",JAIME A,LOZANO,,,1829 E KILLEN PL,COMPTON,CA,90221,1,SFR,1,1450,1946,3,2,6484,0,1,460900,245510,47,173585,2019,3178.23,2800,1,CITIMORTGAGE INC,8/29/07,290000,,,,2/15/00,126000,0,,,2020-01-04
,P1373595,7237-026-036,LOS ANGELES,430 MARBORA CT 103,LONG BEACH,CA,90803,35910,100,"BONAPROP,N V",N V,BONAPROP,,,825 3RD AVE 11,NEW YORK,NY,10022,0,SFR,1,1847,1983,2,3,2424,0,0,756400,0,100,395483,2018,5058.98,5517,0,,,,,,,12/26/86,0,0,,,2020-01-04
,P106A090,7136-005-014,LOS ANGELES,1419 E LURAY ST,LONG BEACH,CA,90807,12854,14,"LABORDE,ALICE D",ALICE,LABORDE,,,1419 E LURAY ST,LONG BEACH,CA,90807,0,SFR,1,812,1942,2,1,7222,0,1,485900,0,100,51653,2018,880,5500,0,,,,,,,,,0,,,2020-01-04
,P19D5D8A,7186-006-005,LOS ANGELES,6218 E CONANT ST,LONG BEACH,CA,90808,14261,85,"GIVEEN,ELIZABETH F TRUST",ELIZABETH,GIVEEN,,,6218 E CONANT ST,LONG BEACH,CA,90808,1,SFR,1,887,1950,2,1,5154,0,1,591000,10525,98,64363,2018,947,5517,0,ALLAN K ROLLOVER,8/29/03,30900,,,,10/2/86,0,0,,,2020-01-04
,P15C0330,7268-020-040,LOS ANGELES,1472 CERRITOS AVE,LONG BEACH,CA,90813,5020,4,"MCCANTS,BERNICE",BERNICE,MCCANTS,,,PO BOX 3452,CERRITOS,CA,90703,1,SFR,1,1334,1926,3,2,5375,0,1,458700,0,100,56868,2018,889.7,5500,0,,,,,,,12/27/78,26500,0,,,2020-01-04
,P13F5706,5852-012-028,LOS ANGELES,2186 NEW YORK DR,ALTADENA,CA,91001,875,7,"STEPHEN,GARY C",GARY,STEPHEN,,,2186 NEW YORK DR,ALTADENA,CA,91001,0,SFR,1,1134,1946,2,1,6889,0,1,640700,0,100,91610,2018,1457,10430,0,,,,,,,,,0,,,2020-01-04
,P15AF570,2870-012-039,LOS ANGELES,11391 ETIWANDA AVE,NORTHRIDGE,CA,91326,28660,106,"LAGREEN,LENNART & MARY L TR",LENNART,LAGREEN,MARY,LAGREEN FAMILY TRUST,11391 ETIWANDA AVE,NORTHRIDGE,CA,91326,1,SFR,1,1428,1965,3,2,7548,0,1,658200,0,100,110059,2018,1467,16,0,,,,,,,10/6/93,0,0,,,2020-01-04
,P134C05E,2511-009-016,LOS ANGELES,13243 RAVEN ST,SYLMAR,CA,91342,9596,73,PROFESSOR INVESTMENTS LLC,,,,,13243 RAVEN ST,SYLMAR,CA,91342,0,SFR,1,840,1947,2,1,8950,0,1,428800,0,100,190332,2019,5600.44,16,0,,,,,,,12/19/17,187000,0,,,2020-01-04
,P1B3CDA1,2502-028-022,LOS ANGELES,13416 GLENOAKS BLVD,SYLMAR,CA,91342,28363,53,"YSAIS,JESS J TRUST",JESS,YSAIS,,,13416 GLENOAKS BLVD,SYLMAR,CA,91342,1,SFR,1,1720,1965,4,2,12152,1,1,617500,100000,84,263524,2018,3313,16,0,AMERIPRISE BANK FSB,3/20/12,100000,,,,1/16/96,65000,0,,,2020-01-04
,P10475EC,2656-021-021,LOS ANGELES,9403 NOBLE AVE,NORTH HILLS,CA,91343,2070,64,"WARNER,JAMES N TRUST",JAMES,WARNER,,,9403 NOBLE AVE,NORTH HILLS,CA,91343,1,SFR,1,1640,1948,2,2,20159,0,1,510200,0,100,99969,2018,1416,16,0,,,,,,,8/3/82,0,0,,,2020-01-04
,P1A35050,2676-010-028,LOS ANGELES,16315 GLEDHILL ST,NORTH HILLS,CA,91343,21594,28,"PHILIPS,ADAM R",ADAM R,PHILIPS,,"ROBERTS,JULIA G",16315 GLEDHILL ST,NORTH HILLS,CA,91343,1,SFR,1,1472,1956,3,2,7142,0,1,541100,504000,7,103457,2019,1373.47,16,0,AUGUSTA FIN'L,2012-04-19,504000,,,,2012-04-19,560000,0,,,2020-01-04
,P183DDE6,2409-014-028,LOS ANGELES,10724 LULL ST,SUN VALLEY,CA,91352,12054,70,"GUZMAN,JIMMIE & ROSALBA",JIMMIE,GUZMAN,ROSALBA,,10724 LULL ST,SUN VALLEY,CA,91352,0,SFR,1,1488,1948,3,2,7139,0,1,409000,161130,61,404968,2018,4912,13,0,LOS ANGELES FCU,8/31/04,184000,WASHINGTON MUTUAL FSB,2012-12-06,100000,12/19/00,0,1,Market,399888,2020-01-04
,P1692763,2171-014-052,LOS ANGELES,21836 PROVIDENCIA ST,WOODLAND HILLS,CA,91364,6170,934,VELASCO TRUST,,,,,21836 PROVIDENCIA ST,WOODLAND HILLS,CA,91364,1,SFR,1,2313,1965,4,3,4933,0,2,850100,229387,73,558278,2019,6744.17,37,0,WELLS FARGO BANK,4/23/12,250001,CALHFA MORTGAGE ASSISTANCE COR,2007-08-14,25277,2001-03-03,385000,0,,,2020-01-04
,P1041EF3,2213-012-013,LOS ANGELES,8139 MATILIJA AVE,VAN NUYS,CA,91402,16679,151,"HENDERSON,DANIEL W JR",DANIEL,HENDERSON,,,8139 MATILIJA AVE,VAN NUYS,CA,91402,0,SFR,1,1040,1950,3,1,5923,1,1,502800,0,100,69750,2018,1016,13,0,,,,,,,,,0,,,2020-01-04
,P132F746,2216-005-001,LOS ANGELES,13910 CANTLAY ST,VAN NUYS,CA,91405,17806,15,"DAVIS,JAMIE",JAMIE,DAVIS,,,13910 CANTLAY ST,VAN NUYS,CA,91405,1,SFR,1,1381,1953,3,2,5900,1,1,620300,0,100,95115,2019,1194.15,13,0,,,,,,,,,0,,,2020-01-04
,P1A35DB0,2305-021-022,LOS ANGELES,7707 TEESDALE AVE,NORTH HOLLYWOOD,CA,91605,13695,22,"EBRAHIMI,ARBI",ARBI,EBRAHIMI,,"SHAHBAZIAN,ANITA",7707 TEESDALE AVE,NORTH HOLLYWOOD,CA,91605,1,SFR,1,1224,1955,3,2,7165,0,1,708300,198000,72,484931,2019,5157.23,13,0,US BK,2012-11-17,198000,,,,2002-11-10,305000,0,,,2020-01-04
,P15910BF,2332-019-013,LOS ANGELES,6052 BEEMAN AVE,NORTH HOLLYWOOD,CA,91606,15137,37,"KARAMANOUKIAN,ZEPUR",ZEPUR,KARAMANOUKIAN,,,19138 STARE ST,NORTHRIDGE,CA,91324,0,SFR,1,1605,1950,3,2,10149,1,1,833800,0,100,163255,2018,2118,13,0,,,,,,,9/16/76,55000,0,,,2020-01-04
,P1206621,8303-015-018,LOS ANGELES,940 KENT DR,CLAREMONT,CA,91711,22445,8,ARNOLD JOHN M JR (TE),,,,,940 KENT DR,CLAREMONT,CA,91711,1,SFR,1,1957,1963,4,2,11025,1,1,671200,33814,95,89806,2018,1646.06,2730,0,FOOTHILL INDEPENDENT BANK,5/15/00,50000,,,,4/16/86,0,0,,,2020-01-04
,P14DA7E7,8311-010-015,LOS ANGELES,910 POMONA CT,CLAREMONT,CA,91711,20980,32,"VOELKEL,MARTHA B",MARTHA B,VOELKEL,,,910 POMONA CT,CLAREMONT,CA,91711,1,SFR,1,2171,1958,4,3,15813,0,1,784800,185622,76,84413,2018,1665.82,2730,0,WASHINGTON MUTUAL FSB,2008-01-03,150000,ING BANK FSB,6/22/04,78000,,,0,,,2020-01-04
,P14DA974,8669-004-044,LOS ANGELES,2381 W SILVER TREE RD,CLAREMONT,CA,91711,27636,38,"CONKLIN,FREDERICK G CO TR TRUST",FREDERICK,CONKLIN,,"CONKLIN,FREDERICK G TRUST",2381 W SILVER TREE RD,CLAREMONT,CA,91711,1,SFR,1,2224,1963,5,3,12527,1,1,774700,100000,87,98712,2018,2440,2730,0,CALTECH EMPLOYEES FCU,9/26/06,100000,,,,3/20/69,5000,0,,,2020-01-04
,P14DAADF,8670-035-008,LOS ANGELES,133 ARMSTRONG DR,CLAREMONT,CA,91711,33010,8,"FREDIANI,STEVEN M & JULIE M",STEVEN,FREDIANI,JULIE,,133 ARMSTRONG DR,CLAREMONT,CA,91711,1,SFR,1,2708,1978,5,3,13751,0,2,863100,119641,86,471997,2018,5673,2831,0,WELLS FARGO BANK,8/28/12,139500,,,,5/28/92,290500,0,,,2020-01-04
,P14DBC40,8673-029-008,LOS ANGELES,4046 OLIVE HILL DR,CLAREMONT,CA,91711,13731,24,"WILLETT,CYNTHIA & THOMAS D TRUST",CYNTHIA,WILLETT,THOMAS,,4046 OLIVE HILL DR,CLAREMONT,CA,91711,1,SFR,1,2195,1958,2,3,13796,1,2,746500,0,100,335820,2018,3949,2760,0,,,,,,,2005-06-08,0,0,,,2020-01-04
,P14DBD89,8309-028-013,LOS ANGELES,459 HARRISON AVE,CLAREMONT,CA,91711,EUCACIA PARK,12,TELZER BRUCE R (TE),,,,"HAIMO,TELZER",459 HARRISON AVE,CLAREMONT,CA,91711,1,SFR,1,2152,1909,4,2,9911,0,2,803100,222849,72,237156,2018,3311.89,2730,0,BANK OF AMERICA,3/22/07,276600,,,,11/18/08,0,0,,,2020-01-04
,P120E04E,8421-010-022,LOS ANGELES,4661 N MIDSITE AVE,COVINA,CA,91722,18193,24,"GARBIN,VIOLET W TRUST",VIOLET,GARBIN,,,4661 N MIDSITE AVE,COVINA,CA,91722,1,SFR,1,1433,1954,4,2,7250,0,1,551200,0,100,76629,2018,1260,12033,0,,,,,,,,,0,,,2020-01-04
,P1215839,8545-001-011,LOS ANGELES,12045 RANCHITO ST,EL MONTE,CA,91732,10545,17,"HOANG,ICH G",ICH G,HOANG,,"QUACH,ALAN V",12045 RANCHITO ST,EL MONTE,CA,91732,0,SFR,1,1826,1936,5,3,27647,0,1,752100,215532,71,517947,2018,7818.72,3621,0,T J FINANCIAL INC,5/24/11,250000,,,,5/24/11,460000,0,,,2020-01-04
,P16C9022,8545-014-008,LOS ANGELES,4224 PENN MAR AVE,EL MONTE,CA,91732,11221,4,"EILERS,PERCY C",PERCY C,EILERS,,,4224 PENN MAR AVE,EL MONTE,CA,91732,1,SFR,1,1196,1943,2,1,13642,0,1,513300,0,100,51068,2018,1039.51,6549,0,,,,,,,7/10/75,25000,0,,,2020-01-04
,P1B3075F,8114-025-004,LOS ANGELES,1745 COGSWELL RD,SOUTH EL MONTE,CA,91733,14320,40,"MENG,SHERMAN X",SHERMAN,MENG,,"REN,JESSICA Y",1745 COGSWELL RD,EL MONTE,CA,91733,1,SFR,1,2874,2018,4,4,6856,0,1,800600,211735,74,339066,2018,3062,12377,0,TJ FIN'L,12/21/16,220000,,,,2010-01-10,213000,0,,,2020-01-04
,P197F4F5,8641-005-007,LOS ANGELES,1240 S PENNSYLVANIA AVE,GLENDORA,CA,91740,19333,7,"BEAUSHEUR,ELAINE P",ELAINE P,BEAUSHEUR,,,1240 S PENNSYLVANIA AVE,GLENDORA,CA,91740,0,SFR,1,1121,1958,3,2,11468,0,1,556100,0,100,84683,2018,1437.2,2692,0,,,,,,,4/21/87,0,0,,,2020-01-04
,P16BC5CF,8248-010-005,LOS ANGELES,17028 POCONO ST,LA PUENTE,CA,91744,21408,46,"HOUGENSEN,JOYCE H",JOYCE,HOUGENSEN,,,17028 POCONO ST,LA PUENTE,CA,91744,0,SFR,1,1242,1955,3,2,5855,1,1,491600,100000,80,55102,2018,1056,5613,0,WASHINGTON MUTUAL FSB,2/15/07,100000,,,,8/23/88,0,0,,,2020-01-04
,P123088D,8381-023-002,LOS ANGELES,1495 3RD ST,LA VERNE,CA,91750,6654,6,"SULLIVAN,ERMAGENE J TRUST",ERMAGENE,SULLIVAN,,,1495 3RD ST,LA VERNE,CA,91750,1,SFR,1,1211,1952,2,1,8713,0,1,524900,64404,88,203570,2018,2487,5283,0,NORTH AMERICAN MORTGAGE,4/16/96,128750,,,,4/16/96,125000,0,,,2020-01-04
,P15B3DDD,8381-011-015,LOS ANGELES,1618 MAPLEWOOD ST,LA VERNE,CA,91750,17459,33,"DAVIS,CHARLES A CO TR TRUST",CHARLES,DAVIS,,C TRUST,1618 MAPLEWOOD ST,LA VERNE,CA,91750,1,SFR,1,1444,1952,3,2,6943,0,1,585700,26720,95,198615,2018,2437,5044,0,BANK OF AMERICA,1/5/94,77000,,,,4/4/86,62500,0,,,2020-01-04
,P15CBD2B,8664-019-006,LOS ANGELES,1616 DIANE DR,LA VERNE,CA,91750,28914,6,HAMMAN-SHELTON TRUST,HAMMAN-SHELTON TRUST,,,,1616 DIANE DR,LA VERNE,CA,91750,0,SFR,1,2397,1971,4,2,11873,0,1,750100,33173,96,114786,2018,1533,5034,0,BANK OF WHITTIER,7/26/95,100000,DITECH COM,2/21/02,15000,,,0,,,2020-01-04
,P16BCF1E,8370-035-090,LOS ANGELES,3018 N WHITE AVE,LA VERNE,CA,91750,29007,107,"WILSON,WALTER F & SHIRLEY B",WALTER,WILSON,SHIRLEY,,3018 N WHITE AVE,LA VERNE,CA,91750,1,SFR,1,1808,1964,3,2,7233,1,1,612400,15464,97,70405,2018,1067,5283,0,AMERICAN BAPTIST CU,5/5/94,38000,,,,3/15/65,0,0,,,2020-01-04
,P19B8799,8664-010-002,LOS ANGELES,1121 ALDERSGATE DR,LA VERNE,CA,91750,27726,2,"NEIHOUSE,LOUIS & ROSALIND TR",LOUIS,NEIHOUSE,ROSALIND,L TRUST,1121 ALDERSGATE DR,LA VERNE,CA,91750,1,SFR,1,1841,1974,4,2,20436,1,1,755500,34491,95,130459,2018,1749,5034,0,CROSSLAND MORTGAGE CORP,7/31/00,102365,,,,7/31/00,330000,0,,,2020-01-04
,P18B46B7,8370-024-023,LOS ANGELES,2802 CHERRY WAY,POMONA,CA,91767,54003,15,KREUZ TRUST,,,,,2802 CHERRY WAY,POMONA,CA,91767,0,SFR,1,2614,2004,5,3,7915,0,0,660900,0,100,77755,2019,1292.44,13304,0,,,,,,,3/31/17,559000,0,,,2020-01-04
,P18BE112,8707-014-039,LOS ANGELES,452 JANSU PL,POMONA,CA,91768,19951,38,"ATER,SHARI",SHARI,ATER,,,452 JANSU PL,POMONA,CA,91768,0,SFR,1,1200,1954,4,2,6100,0,1,383800,0,100,45366,2019,889.3,7771,0,,,,,,,1/14/10,0,0,,,2020-01-04
,P10785EA,8665-003-015,LOS ANGELES,1412 N CATARACT AVE,SAN DIMAS,CA,91773,SAN JOSE RHO ADD,5,"PIKE,ROGER A & REBECCA A TR",ROGER,PIKE,REBECCA,PIKE FAMILY TRUST,1412 N CATARACT AVE,SAN DIMAS,CA,91773,1,SFR,1,1535,1956,2,2,16821,0,0,620200,200616,68,290410,2018,3646,6292,0,BANK OF AMERICA,12/14/12,229000,,,,8/30/99,215000,0,,,2020-01-04
,P1339CCF,8385-012-001,LOS ANGELES,903 CYPRESS ST,SAN DIMAS,CA,91773,27092,1,"OWENSBY,LORRAINE F",LORRAINE,OWENSBY,,,903 CYPRESS ST,SAN DIMAS,CA,91773,1,SFR,1,1566,1963,3,2,7862,1,1,602900,59551,90,73642,2018,1263,5063,0,AMERICA'S WHOLESALE LENDER,2008-05-03,83000,,,,,,0,,,2020-01-04
,P169B6C5,8385-005-006,LOS ANGELES,1152 W TUDOR ST,SAN DIMAS,CA,91773,25446,16,"RANTA,RANDI J",RANDI,RANTA,,,1152 W TUDOR ST,SAN DIMAS,CA,91773,1,SFR,1,1170,1961,3,2,7534,0,1,524300,0,100,50579,2018,987,5063,0,,,,,,,6/20/73,0,0,,,2020-01-04
,P1B431A9,8588-018-002,LOS ANGELES,9907 NADINE ST,TEMPLE CITY,CA,91780,17002,11,"GRIFFITHS,DOROTHY A TRUST",DOROTHY,GRIFFITHS,,GRIFFITHS TRUST,9907 NADINE ST,TEMPLE CITY,CA,91780,1,SFR,1,1132,1951,3,1,6232,0,1,692000,0,100,58126,2018,981,9285,0,,,,,,,,,0,,,2020-01-04
,P16BB4EC,8762-028-018,LOS ANGELES,1275 CALBOURNE DR,WALNUT,CA,91789,29185,18,"PEREZ,SANDRA M",SANDRA,PEREZ,,,1275 CALBOURNE DR,WALNUT,CA,91789,0,SFR,1,1689,1964,4,2,8377,0,0,650100,144642,78,274846,2018,3474,10074,0,COMMONWEALTH MORTGAGE,8/18/89,153000,COMMONWEALTH CORP,8/18/89,153000,8/18/89,170000,0,,,2020-01-04
,P15B453E,8476-023-028,LOS ANGELES,523 S DAWLEY AVE,WEST COVINA,CA,91790,19167,21,TADROS MARGARET A FAMILY TRUST,,,,,523 S DAWLEY AVE,WEST COVINA,CA,91790,1,SFR,1,1794,1957,3,2,10181,1,1,645100,0,100,88460,2018,1392.84,9495,0,,,,,,,7/23/75,40182,0,,,2020-01-04
,P18A69BB,8493-005-013,LOS ANGELES,1805 E CAJON CIR,WEST COVINA,CA,91791,18205,40,"CHASE,CAROLYN L",CAROLYN,CHASE,,,1805 E CAJON CIR,WEST COVINA,CA,91791,1,SFR,1,1534,1955,2,2,14240,0,1,609500,3256,99,93156,2018,1416,9483,0,CITY OF WEST COVINA REDEVELOPM,12/16/09,3848,,,,6/30/76,45000,0,,,2020-01-04
,P17F467A,105-232-25,ORANGE,28875 MODJESKA CANYON RD,SILVERADO,CA,92676,MODJESKA HOME SHEET A,27,"JAMES,SONDRA J",SONDRA J,JAMES,,,28875 MODJESKA CANYON RD,SILVERADO,CA,92676,0,SFR,1,998,1958,1,1,7200,0,1,598000,155157,74,490056,2018,5209.66,76172,0,HOMESERVICES LENDING LLC,2006-12-09,185000,,,,6/17/03,385000,0,,,2020-01-04
,P180D50F,890-039-12,ORANGE,202 PRINCESS LN,SANTA ANA,CA,92704,,,"TORREZ,CATALINA & BRENDA",CATALINA,TORREZ,BRENDA,"TORREZ,BRENDA",202 PRINCESS LN,SANTA ANA,CA,92704,0,SFR,1,0,0,0,0,0,0,0,453624,0,100,19754,2018,217.48,11901,0,,,,,,,,,0,,,2020-01-04
,P17050F4,069-0-052-345,VENTURA,241 FRANKLIN LN,VENTURA,CA,93001,,22,"MOSS,SALLY C E",SALLY C,MOSS,,,241 FRANKLIN LN,VENTURA,CA,93001,1,SFR,1,656,1926,2,1,4747,0,1,338700,0,100,16056,2018,203,5075,0,,,,,,,10/20/65,0,0,,,2020-01-04
,P15F0B50,075-0-104-160,VENTURA,344 S EVERGREEN DR,VENTURA,CA,93003,JONES 01,32,"LAMBERT,KRISTINE E",KRISTINE E,LAMBERT,,,344 S EVERGREEN DR,VENTURA,CA,93003,1,SFR,1,918,1922,2,1,6000,0,1,505600,450000,11,42734,2019,477.74,5001,0,AAESJ EDUCATIONAL TRUST (CT),2012-04-19,450000,,,,7/30/91,,0,,,2020-01-04
,P126F112,640-0-223-145,VENTURA,1831 KEARNEY AVE,SIMI VALLEY,CA,93065,,61,"MARQUEZ,FRANK TRUST EST",FRANK,MARQUEZ,,,843 ASHLAND AVE,SIMI VALLEY,CA,93065,0,SFR,1,1226,1962,4,1.5,8932,0,1,502900,0,100,352690,2018,4388,9006,0,,,,,,,6/8/70,0,0,,,2020-01-04
,P16CC4CD,490-071-13,KERN,2424 CAMELLIA ST,WASCO,CA,93280,,13,"SANDOVAL,MARIA R",MARIA,SANDOVAL,,,2424 CAMELLIA ST,WASCO,CA,93280,1,SFR,1,1476,1975,3,1.75,0,0,1,192500,8931,95,69806,2018,886,7056,0,WELLS FARGO BANK,7/12/93,30000,,,,,,0,,,2020-01-04
,P1139333,003-676-027,SAN LUIS OBISPO,2219 BOULEVARD DEL CAMPO,SAN LUIS OBISPO,CA,93401,PARCEL MAP SL-86-255,,MICHAEL GERALD L FAMILY TRUST,,,,,2219 BOULEVARD DEL CAMPO,SAN LUIS OBISPO,CA,93401,1,SFR,1,0,0,0,0,7821,0,0,727200,250000,66,328336,2018,3445.52,3000,0,JP MORGAN CHASE BK NA,2/27/15,250000,,,,,,0,,,2020-01-04
,P1745B6F,004-775-005,SAN LUIS OBISPO,1254 SAN MATEO DR,SAN LUIS OBISPO,CA,93401,TRACT 107,5,"LAWRENCE,VINCY J",VINCY J,LAWRENCE,,,1254 SAN MATEO DR,SAN LUIS OBISPO,CA,93401,0,SFR,1,2131,1959,3,2,6300,0,2,893300,317836,64,693769,2018,7438.92,3000,0,BANK OF AMERICA,4/17/13,370000,,,,8/25/08,613000,0,,,2020-01-04
,P1A8DAB5,003-653-001,SAN LUIS OBISPO,2006 SWAZEY ST,SAN LUIS OBISPO,CA,93401,BUENA VISTA ADD,1,DELRIO FRANK X (TE),FRANK X,DELRIO,,,2006 SWAZEY ST,SAN LUIS OBISPO,CA,93401,1,SFR,1,0,0,0,0,6984,0,0,597300,0,100,23441,2018,176.28,3000,0,,,,,,,,,0,,,2020-01-04
,P1293C14,007-861-003,SAN LUIS OBISPO,286 STAGECOACH RD,ARROYO GRANDE,CA,93420,555 UN 01,3,BOWERS DEBBIE L (TE),DEBBIE L,BOWERS,,,286 STAGECOACH RD,ARROYO GRANDE,CA,93420,1,SFR,1,1272,1979,3,3,6666,0,2,609000,100000,84,291309,2018,3153.2,1000,0,BANK OF AMERICA CALIFORNIA NA,2004-05-18,100000,,,,11/14/83,160000,0,,,2020-01-04
,P14B3623,064-172-011,SAN LUIS OBISPO,1535 CASS AVE,CAYUCOS,CA,93430,PASO ROBLES 02,12,ZINN SHARON B (TE),SHARON B,ZINN,,,1535 CASS AVE,CAYUCOS,CA,93430,1,SFR,1,1024,1969,2,2,3680,0,0,739500,202861,73,153988,2018,1677.78,63008,0,J P MORGAN CHASE BANK,2011-03-10,240939,,,,,,0,,,2020-01-04
,P1190991,060-621-053,SAN LUIS OBISPO,546 S 16TH ST,GROVER BEACH,CA,93433,PARCEL MAP G-77-263,2,SWOR ROBERT G (TE),ROBERT G,SWOR,,,546 S 16TH ST,GROVER BEACH,CA,93433,1,SFR,1,997,1952,2,1,7500,0,0,406800,0,100,220777,2018,2552.66,5000,0,,,,,,,7/27/11,200000,0,,,2020-01-04
,P1A24712,066-084-066,SAN LUIS OBISPO,741 BUTTE AVE,MORRO BAY,CA,93442,MORRO BAY VISTA TR,"5,6","FIELDS,DORIS E TR ETAL",DORIS,FIELDS,,,741 BUTTE AVE,MORRO BAY,CA,93442,0,SFR,1,1512,1990,2,2,5377,0,0,675000,0,100,249711,2017,2677,6002,0,,,,,,,,,0,,,2020-01-04
,P114F66E,107-022-012,SANTA BARBARA,571 ASTER PL,SANTA MARIA,CA,93455,,53,"BUMANN,FREDRICK C & MARY J",FREDRICK C,BUMANN,MARY J,"BUMANN,MARY J",571 ASTER PL,SANTA MARIA,CA,93455,1,SFR,1,1234,1959,3,1.75,10454,0,0,372500,29759,92,58901,2018,1610.62,80041,0,WELLS FARGO BANK,6/16/93,100000,,,,8/8/80,49000,0,,,2020-01-04
,P1A6177A,3012-045-022,LOS ANGELES,1315 GARNET AVE,PALMDALE,CA,93550,44579,64,"ARELLANO,GUILLERMO",GUILLERMO,ARELLANO,,,1315 GARNET AVE,PALMDALE,CA,93550,0,SFR,1,1565,1987,4,2,7057,0,0,297200,0,100,211251,2018,3628,11507,0,,,,,,,2009-05-14,200000,0,,,2020-01-04
,P1032B41,067-343-05,KERN,625 RANDALL ST,RIDGECREST,CA,93555,,17,"WILKINS,LOWELL H & LLOYDA M",LOWELL,WILKINS,LLOYDA,,231 S ALPINE DR,ALPINE,UT,84004,0,SFR,1,1999,1970,4,1.75,9760,0,1,287500,0,100,95141,2018,1493,10002,0,,,,,,,7/31/76,51000,0,,,2020-01-04
,P1207995,3030-021-040,LOS ANGELES,18607 E AVENUE R,PALMDALE,CA,93591,,3,"MOSES,MARY L",MARY,MOSES,,,9442 SOMERSET BLVD,BELLFLOWER,CA,90706,1,SFR,1,2960,1990,4,4,223077,0,0,329400,4941,98,347198,2018,11991,9820,0,GASCO CU,9/18/91,20000,,,,,,0,,,2020-01-04
,,,,,,,,,,,,,,,,,,,,,,,,,,,,,,,,,,,,,,,,,,,,,,,,
,The information contained in this report is subject to the license restrictions and all other terms contained in PropertyRadar.com's User Agreement.,,,,,,,,,,,,,,,,,,,,,,,,,,,,,,,,,,,,,,,,,,,,,,,
