RADAR ID,APN,COUNTY,ADDRESS,CITY,STATE,ZIP,SUBDIVISION,LOTNUMBER,OWNER,OWNER FIRST NAME,OWNER LAST NAME,OWNER SPOUSE FIRST NAME,OWNER 2,OWNER ADDRESS,OWNER CITY,OWNER STATE,OWNER ZIP,PRIMARY RESIDENCE,PROPERTY TYPE,UNIT,SQFT,YEAR BUILT,BEDS,BATHS,LOTSIZE,POOL,STORIES,ESTIMATED VALUE,ESTIMATED TOTAL LOAN BALANCE,EQUITY PERCENT,ASSESSED VALUE,ASSESSED YEAR,ANNUAL TAXES,TAX RATE AREA,IN FORECLOSURE,FIRST LOAN LENDER,FIRST LOAN DATE,FIRST LOAN AMOUNT,SECOND LOAN LENDER,SECOND LOAN DATE,SECOND LOAN AMOUNT,TRANSFER DATE,TRANSFER AMOUNT,LISTED FOR SALE,LISTING TYPE,LISTING PRICE,DATE
P16CC4CD,490-071-13,KERN,2424 CAMELLIA ST,WASCO,CA,93280,,13,"SANDOVAL,MARIA R",MARIA,SANDOVAL,,,2424 CAMELLIA ST,WASCO,CA,93280,1,SFR,1,1476,1975,3,1.75,0,0,1,196100,8931,95,69806,2018,886,7056,0,WELLS FARGO BANK,7/12/93,30000,,,,,,0,,,2019-10-14
P1041EF3,2213-012-013,LOS ANGELES,8139 MATILIJA AVE,VAN NUYS,CA,91402,16679,151,"HENDERSON,DANIEL W JR",DANIEL,HENDERSON,,,8139 MATILIJA AVE,VAN NUYS,CA,91402,0,SFR,1,1040,1950,3,1,5923,1,1,527900,0,100,69750,2018,1016,13,0,,,,,,,,,0,,,2019-10-14
P10475EC,2656-021-021,LOS ANGELES,9403 NOBLE AVE,NORTH HILLS,CA,91343,2070,64,"WARNER,JAMES N TRUST",JAMES,WARNER,,,9403 NOBLE AVE,NORTH HILLS,CA,91343,1,SFR,1,1640,1948,2,2,20159,0,1,527500,0,100,99969,2018,1416,16,0,,,,,,,8/3/82,0,0,,,2019-10-14
P105A618,5225-015-002,LOS ANGELES,1404 N EASTERN AVE,LOS ANGELES,CA,90063,8907,2,"LOPEZ,MARGARET",MARGARET,LOPEZ,,"SOTELO,LOPEZ",1404 N EASTERN AVE,LOS ANGELES,CA,90063,1,SFR,1,1272,1939,3,1,4207,0,1,546700,0,100,41954,2018,1065.17,964,0,,,,,,,,,0,,,2019-10-14
P105A61A,5225-015-022,LOS ANGELES,4312 COMLY ST,LOS ANGELES,CA,90063,8907,40,"MERAZ,RICHARD R CO TR TRUST",RICHARD,MERAZ,,,4312 COMLY ST,LOS ANGELES,CA,90063,1,SFR,1,810,1953,2,1,4285,0,1,470800,143434,70,37434,2018,966,964,0,BANK OF AMERICA,2008-02-11,107700,BANK OF AMERICA,2006-04-18,50000,9/3/93,0,0,,,2019-10-14
P106A090,7136-005-014,LOS ANGELES,1419 E LURAY ST,LONG BEACH,CA,90807,12854,14,"LABORDE,ALICE D",ALICE,LABORDE,,,1419 E LURAY ST,LONG BEACH,CA,90807,0,SFR,1,812,1942,2,1,7222,0,1,517000,0,100,51653,2018,880,5500,0,,,,,,,,,0,,,2019-10-14
P106ECEF,7465-026-015,LOS ANGELES,3115 S DENISON AVE,SAN PEDRO,CA,90731,66,17,"JAMES,BARBARA L",BARBARA,JAMES,,,3115 S DENISON AVE,SAN PEDRO,CA,90731,1,SFR,1,2000,1923,3,3,2500,0,1,749900,69750,91,445735,2018,5294,14,0,INDEPENDENCE MORTGAGE,7/1/92,247500,,,,1/16/91,226000,0,,,2019-10-14
P107160D,8082-005-047,LOS ANGELES,15420 CAULFIELD AVE,NORWALK,CA,90650,25079,70,"STOIKE,NANCY C TRUST",NANCY,STOIKE,,STOIKE TRUST,15420 CAULFIELD AVE,NORWALK,CA,90650,1,SFR,1,2151,1972,4,3,5674,0,2,678400,0,100,109621,2018,1594,2579,0,,,,,,,12/18/72,43500,0,,,2019-10-14
P1073775,8267-033-011,LOS ANGELES,1889 KASHLAN RD,LA HABRA HEIGHTS,CA,90631,LA HABRA HEIGHTS TR,8,"BUCKHORN,CARL W & MIRELLA A",CARL,BUCKHORN,MIRELLA,,1889 KASHLAN RD,LA HABRA HEIGHTS,CA,90631,1,SFR,1,2361,1965,4,3,41802,1,1,772900,262961,66,453180,2018,5429,6054,0,GREENLIGHT LOANS,1/30/17,273000,,,,12/10/98,0,0,,,2019-10-14
P10785EA,8665-003-015,LOS ANGELES,1412 N CATARACT AVE,SAN DIMAS,CA,91773,SAN JOSE RHO ADD,5,"PIKE,ROGER A & REBECCA A TR",ROGER,PIKE,REBECCA,PIKE FAMILY TRUST,1412 N CATARACT AVE,SAN DIMAS,CA,91773,1,SFR,1,1535,1956,2,2,16821,0,0,660600,200616,70,290410,2018,3646,6292,0,BANK OF AMERICA,12/14/12,229000,,,,8/30/99,215000,0,,,2019-10-14
P11F1463,6166-024-004,LOS ANGELES,603 N SANTA FE AVE,COMPTON,CA,90221,4648,4,"GUTIERREZ,ENRRIQUE & CARMEN",ENRRIQUE,GUTIERREZ,CARMEN,,603 N SANTA FE AVE,COMPTON,CA,90221,1,SFR,1,1022,1925,2,1,6456,0,1,393100,0,100,69029,2018,1446,2800,0,,,,,,,4/1/80,38000,0,,,2019-10-14
P1206621,8303-015-018,LOS ANGELES,940 KENT DR,CLAREMONT,CA,91711,22445,8,ARNOLD JOHN M JR (TE),,,,,940 KENT DR,CLAREMONT,CA,91711,1,SFR,1,1957,1963,4,2,11025,1,1,733100,33814,95,89806,2018,1646.06,2730,0,FOOTHILL INDEPENDENT BANK,5/15/00,50000,,,,4/16/86,0,0,,,2019-10-14
P1215839,8545-001-011,LOS ANGELES,12045 RANCHITO ST,EL MONTE,CA,91732,10545,17,"HOANG,ICH G",ICH G,HOANG,,"QUACH,ALAN V",12045 RANCHITO ST,EL MONTE,CA,91732,0,SFR,1,1826,1936,5,3,27647,0,1,747300,215532,71,517947,2018,7818.72,3621,0,T J FINANCIAL INC,5/24/11,250000,,,,5/24/11,460000,0,,,2019-10-14
P121F0A1,6177-013-029,LOS ANGELES,1829 E KILLEN PL,COMPTON,CA,90221,11991,40,"LOZANO,JAIME A",JAIME,LOZANO,,,1829 E KILLEN PL,COMPTON,CA,90221,1,SFR,1,1450,1946,3,2,6484,0,1,466600,247163,47,170182,2018,3093,2800,1,CITIMORTGAGE INC,8/29/07,290000,,,,2/15/00,126000,0,,,2019-10-14
P1221FB0,6368-019-014,LOS ANGELES,8454 TERRADELL ST,PICO RIVERA,CA,90660,SANTA GERTRUDES RHO,,MISSION PROP INVS INC,,,,,PO BOX 39065,DOWNEY,CA,90239,1,SFR,1,1841,1965,4,3,7160,1,1,592600,510000,14,100533,2018,1831.65,7948,0,WADLEIGH D H & E J JOI (LT),8/30/19,510000,,,,8/30/19,510000,0,,,2019-10-14
P134DE43,5309-026-015,LOS ANGELES,5643 BERKSHIRE DR,LOS ANGELES,CA,90032,SHORT LINE VILLA TR,98,"HURTADO,ALFRED G CO TR TRUST",ALFRED,HURTADO,,,5643 BERKSHIRE DR,LOS ANGELES,CA,90032,1,SFR,1,1280,1922,2,1,7418,0,1,731500,0,100,40026,2018,628,4,0,,,,,,,12/6/63,0,0,,,2019-10-14
P137DF37,8032-004-004,LOS ANGELES,12027 EDDERTON AVE,WHITTIER,CA,90604,17941,215,"MORGAN,H M & M TRUST",H,MORGAN,M,,12027 EDDERTON AVE,WHITTIER,CA,90604,1,SFR,1,1045,1954,3,1,5772,0,1,512700,0,100,247361,2018,3239,6802,0,,,,,,,6/28/90,91000,0,,,2019-10-14
P15AB79F,5478-031-015,LOS ANGELES,632 N AVENUE 56,LOS ANGELES,CA,90042,DEAN HARTNEDY,14,"DONOHUE,MARTIN E",MARTIN,DONOHUE,,,632 N AVENUE 56,LOS ANGELES,CA,90042,0,SFR,1,943,1911,2,1,6048,0,1,755800,0,100,27959,2018,488,4,0,,,,,,,1/22/88,10500,0,,,2019-10-14
P15AF570,2870-012-039,LOS ANGELES,11391 ETIWANDA AVE,NORTHRIDGE,CA,91326,28660,106,"LAGREEN,LENNART & MARY L TR",LENNART,LAGREEN,MARY,LAGREEN FAMILY TRUST,11391 ETIWANDA AVE,NORTHRIDGE,CA,91326,1,SFR,1,1428,1965,3,2,7548,0,1,688900,0,100,110059,2018,1467,16,0,,,,,,,10/6/93,0,0,,,2019-10-14
P15AFB45,6248-010-018,LOS ANGELES,11527 HORLEY AVE,DOWNEY,CA,90241,15942,238,"GRIFFIN,ROBERT M CO TR TRUST",ROBERT,GRIFFIN,,,11527 HORLEY AVE,DOWNEY,CA,90241,1,SFR,1,1401,1950,3,1,5760,0,1,592300,100000,83,83809,2018,1202,3305,0,BANK OF AMERICA,2/19/03,100000,,,,2/20/80,0,0,,,2019-10-14
P15B3DDD,8381-011-015,LOS ANGELES,1618 MAPLEWOOD ST,LA VERNE,CA,91750,17459,33,"DAVIS,CHARLES A CO TR TRUST",CHARLES,DAVIS,,C TRUST,1618 MAPLEWOOD ST,LA VERNE,CA,91750,1,SFR,1,1444,1952,3,2,6943,0,1,615900,26720,96,198615,2018,2437,5044,0,BANK OF AMERICA,1/5/94,77000,,,,4/4/86,62500,0,,,2019-10-14
P15B453E,8476-023-028,LOS ANGELES,523 S DAWLEY AVE,WEST COVINA,CA,91790,19167,21,TADROS MARGARET A FAMILY TRUST,,,,,523 S DAWLEY AVE,WEST COVINA,CA,91790,1,SFR,1,1794,1957,3,2,10181,1,1,654700,0,100,88460,2018,1392.84,9495,0,,,,,,,7/23/75,40182,0,,,2019-10-14
P15B67A4,7175-016-017,LOS ANGELES,4715 BRIERCREST AVE,LAKEWOOD,CA,90713,1622,409,"DEVER,LAURENCE CO TR TRUST",LAURENCE,DEVER,,,4715 BRIERCREST AVE,LAKEWOOD,CA,90713,1,SFR,1,1478,1950,3,1,5225,0,1,662100,0,100,66735,2018,1170,5415,0,,,,,,,,,0,,,2019-10-14
P14A72CE,7330-009-035,LOS ANGELES,23626 FRIGATE AVE,CARSON,CA,90745,29434,197,"DUPONT,JESSICA TRUST",JESSICA,DUPONT,,"LUISA,DUPONT TRUST",23626 FRIGATE AVE,CARSON,CA,90745,1,SFR,1,1986,1965,4,3,5077,0,1,662300,166109,75,251104,2018,3437,1050,0,J P MORGAN CHASE BANK,10/15/12,190254,,,,9/29/95,172000,0,,,2019-10-14
P15BA92E,6004-020-002,LOS ANGELES,619 W 65TH ST,LOS ANGELES,CA,90044,BURKE BROS ADD,356,"MINAFEE,SAMMIE J",SAMMIE J,MINAFEE,,"BROWN,ROBERT E",619 W 65TH ST,LOS ANGELES,CA,90044,1,SFR,1,936,1922,2,1,4051,0,1,431400,0,100,28169,2018,417.29,212,0,,,,,,,3/19/93,13000,0,,,2019-10-14
P15BB6B9,6231-009-053,LOS ANGELES,9218 KARMONT AVE,SOUTH GATE,CA,90280,25450,32,"COCHRAN,JACQUELYN L TRUST",JACQUELYN,COCHRAN,,,9218 KARMONT AVE,SOUTH GATE,CA,90280,1,SFR,1,1385,1971,4,2,5121,0,1,490100,12740,97,113863,2018,1645,3319,0,IMCO REALTY SERVICES INC,5/14/90,80000,,,,1/14/77,41000,0,,,2019-10-14
P15BB8A3,8370-035-089,LOS ANGELES,2504 KENDALL ST,LA VERNE,CA,91750,29007,106,"SWEET,REBECCA & CAROLINE",REBECCA,SWEET,CAROLINE,"SWEET,CAROLINE",2504 KENDALL ST,LA VERNE,CA,91750,1,SFR,1,1808,1964,3,2,7540,1,1,597600,605000,-1,76431,2018,1154,5283,0,HOMEBRIDGE FIN'L SVCS INC,9/19/19,605000,,,,9/19/19,605000,0,,,2019-10-14
P15C0330,7268-020-040,LOS ANGELES,1472 CERRITOS AVE,LONG BEACH,CA,90813,5020,4,"MCCANTS,BERNICE",BERNICE,MCCANTS,,,PO BOX 3452,CERRITOS,CA,90703,1,SFR,1,1334,1926,3,2,5375,0,1,469200,0,100,56868,2018,889.7,5500,0,,,,,,,12/27/78,26500,0,,,2019-10-14
P14DA7E7,8311-010-015,LOS ANGELES,910 POMONA CT,CLAREMONT,CA,91711,20980,32,"VOELKEL,MARTHA B",MARTHA B,VOELKEL,,,910 POMONA CT,CLAREMONT,CA,91711,1,SFR,1,2171,1958,4,3,15813,0,1,843600,185622,78,84413,2018,1665.82,2730,0,WASHINGTON MUTUAL FSB,2008-01-03,150000,ING BANK FSB,6/22/04,78000,,,0,,,2019-10-14
P15CBD2B,8664-019-006,LOS ANGELES,1616 DIANE DR,LA VERNE,CA,91750,28914,6,HAMMAN-SHELTON TRUST,HAMMAN-SHELTON TRUST,,,,1616 DIANE DR,LA VERNE,CA,91750,0,SFR,1,2397,1971,4,2,11873,0,1,821100,33173,96,114786,2018,1533,5034,0,BANK OF WHITTIER,7/26/95,100000,DITECH COM,2/21/02,15000,,,0,,,2019-10-14
P1698E43,7469-022-078,LOS ANGELES,3636 BARBARA ST,SAN PEDRO,CA,90731,7117,8,"STALEY,DAVID L TRUST",DAVID,STALEY,,STALEY & EULBERG TRUST,3636 BARBARA ST,SAN PEDRO,CA,90731,1,SFR,1,1100,1952,3,1,6249,0,1,761300,120941,84,282205,2018,3362,21,0,CALIFORNIA UNITED BANK,4/21/92,111000,FLAGSTAR BK FSB,2006-08-10,110500,2006-08-10,0,0,,,2019-10-14
P14DA974,8669-004-044,LOS ANGELES,2381 W SILVER TREE RD,CLAREMONT,CA,91711,27636,38,"CONKLIN,FREDERICK G CO TR TRUST",FREDERICK,CONKLIN,,"CONKLIN,FREDERICK G TRUST",2381 W SILVER TREE RD,CLAREMONT,CA,91711,1,SFR,1,2224,1963,5,3,12527,1,1,811900,100000,88,98712,2018,2440,2730,0,CALTECH EMPLOYEES FCU,9/26/06,100000,,,,3/20/69,5000,0,,,2019-10-14
P169B6C5,8385-005-006,LOS ANGELES,1152 W TUDOR ST,SAN DIMAS,CA,91773,25446,16,"RANTA,RANDI J",RANDI,RANTA,,,1152 W TUDOR ST,SAN DIMAS,CA,91773,1,SFR,1,1170,1961,3,2,7534,0,1,538100,0,100,50579,2018,987,5063,0,,,,,,,6/20/73,0,0,,,2019-10-14
P16A8B27,6117-008-018,LOS ANGELES,12126 AINSWORTH ST,LOS ANGELES,CA,90044,1243,28,"COBETTE,BETTIE J LIVING TRUST",BETTIE,COBETTE,,,12126 AINSWORTH ST,LOS ANGELES,CA,90044,0,SFR,1,1342,1946,3,1,5101,0,1,519800,78800,85,82180,2018,1318,19,0,WELLS FARGO BK,2007-08-04,247000,US BANK NA ND,4/15/08,20001,2007-08-04,260000,0,,,2019-10-14
P144E832,6315-030-019,LOS ANGELES,6311 WOODLAWN AVE,BELL,CA,90201,3766,1546,"DUNCAN,NADIA A",NADIA,DUNCAN,,,6311 WOODLAWN AVE,BELL,CA,90201,1,SFR,1,1253,1938,2,1,7528,0,1,463900,0,100,134986,2018,2261,516,0,,,,,,,5/17/82,83000,0,,,2019-10-14
P16B1DBF,4048-013-017,LOS ANGELES,3824 W 118TH PL,HAWTHORNE,CA,90250,2603,779,"ORONA,FRED H & STELLA G TR",FRED,ORONA,STELLA,"STELLA,FRED & ORONA TRUST",3824 W 118TH PL,HAWTHORNE,CA,90250,1,SFR,1,856,1947,2,1,6006,0,1,523900,0,100,80157,2018,1269,4261,0,,,,,,,10/28/77,39500,0,,,2019-10-14
P16B591F,7155-010-005,LOS ANGELES,5134 BARLIN AVE,LAKEWOOD,CA,90712,17225,207,"PINA,EDWARD E & MADELINE E ETAL",EDWARD,PINA,MADELINE,,5134 BARLIN AVE,LAKEWOOD,CA,90712,1,SFR,1,1162,1952,3,1,5836,0,1,604700,0,100,66094,2018,1147,5415,0,,,,,,,,,0,,,2019-10-14
P16B7D91,7166-014-004,LOS ANGELES,6318 DROXFORD ST,LAKEWOOD,CA,90713,19981,13,"MRVOS,AURELIA C TRUST",AURELIA,MRVOS,,,6318 DROXFORD ST,LAKEWOOD,CA,90713,1,SFR,1,1108,1954,3,2,6213,0,1,622900,17853,97,84464,2018,1207,2274,0,MCDONNELL DOUGLAS WEST FCU,8/2/93,55000,,,,11/2/92,0,0,,,2019-10-14
P16BB4EC,8762-028-018,LOS ANGELES,1275 CALBOURNE DR,WALNUT,CA,91789,29185,18,"PEREZ,SANDRA M",SANDRA,PEREZ,,,1275 CALBOURNE DR,WALNUT,CA,91789,0,SFR,1,1689,1964,4,2,8377,0,0,673500,144642,79,274846,2018,3474,10074,0,COMMONWEALTH MORTGAGE,8/18/89,153000,COMMONWEALTH CORP,8/18/89,153000,8/18/89,170000,0,,,2019-10-14
P16BC5CF,8248-010-005,LOS ANGELES,17028 POCONO ST,LA PUENTE,CA,91744,21408,46,"HOUGENSEN,JOYCE H",JOYCE,HOUGENSEN,,,17028 POCONO ST,LA PUENTE,CA,91744,0,SFR,1,1242,1955,3,2,5855,1,1,512200,100000,80,55102,2018,1056,5613,0,WASHINGTON MUTUAL FSB,2/15/07,100000,,,,8/23/88,0,0,,,2019-10-14
P16BCF1E,8370-035-090,LOS ANGELES,3018 N WHITE AVE,LA VERNE,CA,91750,29007,107,"WILSON,WALTER F & SHIRLEY B",WALTER,WILSON,SHIRLEY,,3018 N WHITE AVE,LA VERNE,CA,91750,1,SFR,1,1808,1964,3,2,7233,1,1,618700,15464,98,70405,2018,1067,5283,0,AMERICAN BAPTIST CU,5/5/94,38000,,,,3/15/65,0,0,,,2019-10-14
P16C9022,8545-014-008,LOS ANGELES,4224 PENN MAR AVE,EL MONTE,CA,91732,11221,4,"EILERS,PERCY C & PAULINE",PERCY,EILERS,PAULINE,,4224 PENN MAR AVE,EL MONTE,CA,91732,1,SFR,1,1196,1943,2,1,13678,0,1,516000,0,100,51068,2018,1017,6549,0,,,,,,,7/10/75,25000,0,,,2019-10-14
P183DDE6,2409-014-028,LOS ANGELES,10724 LULL ST,SUN VALLEY,CA,91352,12054,70,"GUZMAN,JIMMIE & ROSALBA",JIMMIE,GUZMAN,ROSALBA,,10724 LULL ST,SUN VALLEY,CA,91352,0,SFR,1,1488,1948,3,2,7139,0,1,614000,161130,74,404968,2018,4912,13,0,LOS ANGELES FCU,8/31/04,184000,WASHINGTON MUTUAL FSB,2012-12-06,100000,12/19/00,0,0,,,2019-10-14
P18656F8,5457-025-020,LOS ANGELES,2811 W AVENUE 34,LOS ANGELES,CA,90065,WASHINGTON PARK,125,"SOLIS,DAVID",DAVID,SOLIS,,,2811 W AVENUE 34,LOS ANGELES,CA,90065,1,SFR,1,1160,1921,2,2,5850,0,1,665200,56359,92,64843,2018,820,13,0,BANK OF AMERICA,5/11/94,47000,,10/8/96,45000,10/8/96,93000,0,,,2019-10-14
P187F56F,6253-010-038,LOS ANGELES,8448 7TH ST,DOWNEY,CA,90241,24446,1,"EDDY,JACK D",JACK D,EDDY,,,5881 ABRAHAM AVE,WESTMINSTER,CA,92683,0,SFR,1,1719,1958,3,2,4998,0,1,684100,0,100,91932,2018,1418.42,3304,0,,,,,,,11/22/85,0,0,,,2019-10-14
P18901BC,6037-024-049,LOS ANGELES,8779 S HOBART BLVD,LOS ANGELES,CA,90047,622,25,"TOUSSAINT,GAYLES E",GAYLES,TOUSSAINT,,,8779 S HOBART BLVD,LOS ANGELES,CA,90047,0,SFR,1,1764,1930,3,2,6496,0,1,584200,3608,99,285624,2018,12211,307,0,HOME SAVINGS OF AMERICA,12/30/88,99000,HOME SVGS/AMERICA,12/30/88,99000,11/5/92,0,0,,,2019-10-14
P1891D3A,6249-019-018,LOS ANGELES,7509 FOSTORIA ST,DOWNEY,CA,90241,16445,106,"MEURSINGE,PETER & PATRICIA TR",PETER,MEURSINGE,PATRICIA,MEURSINGE TRUST,7509 FOSTORIA ST,DOWNEY,CA,90241,1,SFR,1,1378,1950,4,1,7537,0,1,604900,0,100,92784,2018,1311,3304,0,,,,,,,,,0,,,2019-10-14
P18986A8,6253-010-006,LOS ANGELES,8408 7TH ST,DOWNEY,CA,90241,16622,10,"COLWELL,BARBARA E",BARBARA E,COLWELL,,,8408 7TH ST,DOWNEY,CA,90241,1,SFR,1,1085,1951,3,1,5994,0,1,537700,135659,75,58338,2018,917.27,3304,0,BANK OF AMERICA,1/31/12,160654,,,,6/18/02,230000,0,,,2019-10-14
P19D5D8A,7186-006-005,LOS ANGELES,6218 E CONANT ST,LONG BEACH,CA,90808,14261,85,"GIVEEN,ELIZABETH F TRUST",ELIZABETH,GIVEEN,,,6218 E CONANT ST,LONG BEACH,CA,90808,1,SFR,1,887,1950,2,1,5154,0,1,624900,10525,98,64363,2018,947,5517,0,ALLAN K ROLLOVER,8/29/03,30900,,,,10/2/86,0,0,,,2019-10-14
P1B3673E,8224-028-003,LOS ANGELES,15641 JANINE DR,WHITTIER,CA,90603,19859,6,"DANIEL,PAUL B TRUST",PAUL,DANIEL,,,PO BOX 366,WHITTIER,CA,90608,0,SFR,1,2421,1954,4,3,15148,1,1,943500,0,100,323760,2018,4236,3575,0,,,,,,,1/3/86,0,0,,,2019-10-14
P19E46CB,6065-014-008,LOS ANGELES,1563 E 108TH ST,LOS ANGELES,CA,90059,2,49,"LAWRENCE,JOHN T & CLIFFORD E",JOHN T,LAWRENCE,CLIFFORD E,"LAWRENCE,CLIFFORD E",1563 E 108TH ST,LOS ANGELES,CA,90059,0,SFR,1,1170,1920,3,1,7693,0,1,396600,22383,94,18478,2018,623.01,460,0,DEBORAH WILEY,2008-11-14,25000,,,,,,0,,,2019-10-14
P19E46FC,6089-002-016,LOS ANGELES,1219 W 121ST ST,LOS ANGELES,CA,90044,HOWARD,16,"MADURI,FRANCES TRUST",FRANCES,MADURI,,,1219 W 121ST ST,LOS ANGELES,CA,90044,1,SFR,1,1071,1947,2,1,7001,0,1,445900,0,100,43514,2018,978,1228,0,,,,,,,,,0,,,2019-10-14
P19C3DAE,7065-012-024,LOS ANGELES,11521 MASSINGER ST,LAKEWOOD,CA,90715,21664,40,"SMILDE,EDWARD FAMILY TRUST","SMILDE,EDWARD FAMILY TRUST",,,,PO BOX 564,SAN JUAN CAPISTRANO,CA,92693,0,SFR,1,1064,1959,3,1,5001,0,1,549000,0,100,154734,2018,2067,2467,0,,,,,,,11/16/83,85000,0,,,2019-10-14
P19ECA88,5225-023-020,LOS ANGELES,4213 FOLSOM ST,LOS ANGELES,CA,90063,4607,18,"BARBA,LUCY",LUCY,BARBA,,,4213 FOLSOM ST,LOS ANGELES,CA,90063,0,SFR,1,520,1922,1,1,5299,0,1,365900,0,100,116842,2018,1949,932,0,,,,,,,9/21/67,0,0,,,2019-10-14
P1B431A9,8588-018-002,LOS ANGELES,9907 NADINE ST,TEMPLE CITY,CA,91780,17002,11,"GRIFFITHS,DOROTHY A TRUST",DOROTHY,GRIFFITHS,,GRIFFITHS TRUST,9907 NADINE ST,TEMPLE CITY,CA,91780,1,SFR,1,1132,1951,3,1,6232,0,1,749800,0,100,58126,2018,981,9285,0,,,,,,,,,0,,,2019-10-14
P19ED6B7,5023-024-018,LOS ANGELES,4139 3RD AVE,LOS ANGELES,CA,90008,2195,316,"ALLEN,VICTOR L",VICTOR,ALLEN,,,425 BLUEBONNET TRL,GARLAND,TX,75043,0,SFR,1,1020,1924,2,1,5841,0,1,661800,0,100,201228,2018,2540,68,0,,,,,,,,,0,,,2019-10-14
P1A3A255,8070-024-017,LOS ANGELES,14346 MARILLA AVE,NORWALK,CA,90650,6234,"24,23","OHANA,HERMELINDA",HERMELINDA,OHANA,,,903 N HOBART BLVD APT 24,LOS ANGELES,CA,90029,0,SFR,1,936,1905,3,2,7981,0,1,453000,0,100,23868,2018,729,6761,0,,,,,,,,,0,,,2019-10-14
P13F5706,5852-012-028,LOS ANGELES,2186 NEW YORK DR,ALTADENA,CA,91001,875,7,"STEPHEN,GARY C",GARY,STEPHEN,,,2186 NEW YORK DR,ALTADENA,CA,91001,0,SFR,1,1134,1946,2,1,6889,0,1,684000,0,100,91610,2018,1457,10430,0,,,,,,,,,0,,,2019-10-14
P19EF12D,6014-006-013,LOS ANGELES,1156 W 65TH ST,LOS ANGELES,CA,90044,5694,80,"GRIMES,GLORIA D TRUST",GLORIA,GRIMES,,,1156 W 65TH ST,LOS ANGELES,CA,90044,1,SFR,1,1608,1926,3,1,5385,0,1,502000,55963,89,167580,2018,2113,212,0,WASHINGTON MUTUAL FSB,8/18/03,78000,,,,9/23/92,110000,0,,,2019-10-14
P1B47D56,6212-022-040,LOS ANGELES,3005 SANTA ANA ST,SOUTH GATE,CA,90280,2262,944,"DESPOT,MICHAEL",MICHAEL,DESPOT,,,1108 W LAS PALMAS DR,FULLERTON,CA,92835,0,SFR,1,1008,1926,2,1,5257,0,1,434600,0,100,41751,2018,946,664,0,,,,,,,,,0,,,2019-10-14
P14EF64F,6334-014-003,LOS ANGELES,2513 TRAVERS AVE,COMMERCE,CA,90040,10556,26,"ESQUIVEL,ERMINIA & JULIAN",ERMINIA,ESQUIVEL,JULIAN,,2513 TRAVERS AVE,COMMERCE,CA,90040,0,SFR,1,817,1944,2,1,5399,0,1,471000,0,100,53676,2018,948,6518,0,,,,,,,,,0,,,2019-10-14
P19EFD00,6068-001-019,LOS ANGELES,10722 ANZAC AVE,LOS ANGELES,CA,90059,5432,18,"GUTIERREZ,ELISA S",ELISA,GUTIERREZ,,,10722 ANZAC AVE,LOS ANGELES,CA,90059,1,SFR,1,720,1923,2,1,5195,0,1,336000,0,100,10067,2018,423,460,0,,,,,,,8/16/02,0,0,,,2019-10-14
P14DBC40,8673-029-008,LOS ANGELES,4046 OLIVE HILL DR,CLAREMONT,CA,91711,13731,24,"WILLETT,CYNTHIA & THOMAS D TRUST",CYNTHIA,WILLETT,THOMAS,,4046 OLIVE HILL DR,CLAREMONT,CA,91711,1,SFR,1,2195,1958,2,3,13796,1,2,879100,0,100,335820,2018,3949,2760,0,,,,,,,2005-06-08,0,0,,,2019-10-14
P14DBD89,8309-028-013,LOS ANGELES,459 HARRISON AVE,CLAREMONT,CA,91711,EUCACIA PARK,12,TELZER BRUCE R (TE),,,,"HAIMO,TELZER",459 HARRISON AVE,CLAREMONT,CA,91711,1,SFR,1,2152,1909,4,2,9911,0,2,902500,222849,75,237156,2018,3311.89,2730,0,BANK OF AMERICA,3/22/07,276600,,,,11/18/08,0,0,,,2019-10-14
P19F70B7,5226-032-006,LOS ANGELES,1329 MILLER AVE,LOS ANGELES,CA,90063,6480,245,"BARRIGA,JUAN M SR & MARTHA",JUAN,BARRIGA,MARTHA,,1329 MILLER AVE,LOS ANGELES,CA,90063,1,SFR,1,1287,1936,2,2,3736,0,1,516400,125836,76,186762,2018,2709,964,0,CITICORP TRUST BANK FSB,2005-08-03,183137,,,,7/7/95,126000,0,,,2019-10-14
P19FBA45,6052-001-017,LOS ANGELES,154 E 99TH ST,LOS ANGELES,CA,90003,6602,90,"KEELE,ESTHER L",ESTHER,KEELE,,,154 E 99TH ST,LOS ANGELES,CA,90003,0,SFR,1,957,1940,2,1,5103,0,1,449400,102118,77,27951,2018,687,461,0,COAST TO COAST FUNDING GROUP,3/29/12,117500,,,,3/1/94,0,0,,,2019-10-14
P197F4F5,8641-005-007,LOS ANGELES,1240 S PENNSYLVANIA AVE,GLENDORA,CA,91740,19333,7,"BEAUSHEUR,ELAINE P",ELAINE P,BEAUSHEUR,,,1240 S PENNSYLVANIA AVE,GLENDORA,CA,91740,0,SFR,1,1121,1958,3,2,11468,0,1,570900,0,100,84683,2018,1437.2,2692,0,,,,,,,4/21/87,0,0,,,2019-10-14
P1520FA4,241-205-05,ORANGE,5202 MYRA AVE,CYPRESS,CA,90630,,35,"HULL,DOROTHY E",DOROTHY E,HULL,,,5202 MYRA AVE,CYPRESS,CA,90630,1,SFR,1,1249,1962,4,2,6000,0,1,633900,18876,97,54899,2018,883.16,19001,0,BANK OF AMERICA,3/12/96,40000,,,,,,0,,,2019-10-14
P13FF829,234-141-08,ORANGE,943 S CLAUDINA ST,ANAHEIM,CA,92805,,7,"CROWDER,MAX R",MAX R,CROWDER,,,943 S CLAUDINA ST,ANAHEIM,CA,92805,1,SFR,1,1215,1950,3,2,6300,0,1,539200,0,100,52601,2018,865.86,1001,0,,,,,,,,,1,Market,565000,2019-10-14
P1139333,003-676-027,SAN LUIS OBISPO,2219 BOULEVARD DEL CAMPO,SAN LUIS OBISPO,CA,93401,PARCEL MAP SL-86-255,,MICHAEL GERALD L FAMILY TRUST,,,,,2219 BOULEVARD DEL CAMPO,SAN LUIS OBISPO,CA,93401,1,SFR,1,0,0,0,0,7821,0,0,749000,250000,67,328336,2018,3445.52,3000,0,JP MORGAN CHASE BK NA,2/27/15,250000,,,,,,0,,,2019-10-14
P1190991,060-621-053,SAN LUIS OBISPO,546 S 16TH ST,GROVER BEACH,CA,93433,PARCEL MAP G-77-263,2,SWOR ROBERT G (TE),ROBERT G,SWOR,,,546 S 16TH ST,GROVER BEACH,CA,93433,1,SFR,1,997,1952,2,1,7500,0,0,384100,0,100,220777,2018,2552.66,5000,0,,,,,,,7/27/11,200000,0,,,2019-10-14
P1293C14,007-861-003,SAN LUIS OBISPO,286 STAGECOACH RD,ARROYO GRANDE,CA,93420,555 UN 01,3,BOWERS DEBBIE L (TE),DEBBIE L,BOWERS,,,286 STAGECOACH RD,ARROYO GRANDE,CA,93420,1,SFR,1,1272,1979,3,3,6666,0,2,647500,100000,85,291309,2018,3153.2,1000,0,BANK OF AMERICA CALIFORNIA NA,2004-05-18,100000,,,,11/14/83,160000,0,,,2019-10-14
P1745B6F,004-775-005,SAN LUIS OBISPO,1254 SAN MATEO DR,SAN LUIS OBISPO,CA,93401,TRACT 107,5,"LAWRENCE,VINCY J",VINCY J,LAWRENCE,,,1254 SAN MATEO DR,SAN LUIS OBISPO,CA,93401,0,SFR,1,2131,1959,3,2,6300,0,2,875700,317836,64,693769,2018,7438.92,3000,0,BANK OF AMERICA,4/17/13,370000,,,,8/25/08,613000,0,,,2019-10-14
P1A8DAB5,003-653-001,SAN LUIS OBISPO,2006 SWAZEY ST,SAN LUIS OBISPO,CA,93401,BUENA VISTA ADD,1,DELRIO FRANK X (TE),FRANK X,DELRIO,,,2006 SWAZEY ST,SAN LUIS OBISPO,CA,93401,1,SFR,1,0,0,0,0,6984,0,0,621900,0,100,23441,2018,176.28,3000,0,,,,,,,,,0,,,2019-10-14
P1A24712,066-084-066,SAN LUIS OBISPO,741 BUTTE AVE,MORRO BAY,CA,93442,MORRO BAY VISTA TR,"5,6","FIELDS,DORIS E TR ETAL",DORIS,FIELDS,,,741 BUTTE AVE,MORRO BAY,CA,93442,0,SFR,1,1512,1990,2,2,5377,0,0,675000,0,100,249711,2017,2677,6002,0,,,,,,,,,0,,,2019-10-14
P114F66E,107-022-012,SANTA BARBARA,571 ASTER PL,SANTA MARIA,CA,93455,,53,"BUMANN,FREDRICK C & MARY J",FREDRICK C,BUMANN,MARY J,"BUMANN,MARY J",571 ASTER PL,SANTA MARIA,CA,93455,1,SFR,1,1234,1959,3,1.75,10454,0,0,378800,29759,92,58901,2018,1610.62,80041,0,WELLS FARGO BANK,6/16/93,100000,,,,8/8/80,49000,0,,,2019-10-14
,,,,,,,,,,,,,,,,,,,,,,,,,,,,,,,,,,,,,,,,,,,,,,,
The information contained in this report is subject to the license restrictions and all other terms contained in PropertyRadar.com's User Agreement.,,,,,,,,,,,,,,,,,,,,,,,,,,,,,,,,,,,,,,,,,,,,,,,
