RADAR ID,APN,COUNTY,ADDRESS,CITY,STATE,ZIP,SUBDIVISION,LOTNUMBER,OWNER,OWNER FIRST NAME,OWNER LAST NAME,OWNER SPOUSE FIRST NAME,OWNER 2,OWNER ADDRESS,OWNER CITY,OWNER STATE,OWNER ZIP,PRIMARY RESIDENCE,PROPERTY TYPE,UNIT,SQFT,YEAR BUILT,BEDS,BATHS,LOTSIZE,POOL,STORIES,ESTIMATED VALUE,ESTIMATED TOTAL LOAN BALANCE,EQUITY PERCENT,ASSESSED VALUE,ASSESSED YEAR,ANNUAL TAXES,TAX RATE AREA,IN FORECLOSURE,FIRST LOAN LENDER,FIRST LOAN DATE,FIRST LOAN AMOUNT,SECOND LOAN LENDER,SECOND LOAN DATE,SECOND LOAN AMOUNT,TRANSFER DATE,TRANSFER AMOUNT,LISTED FOR SALE,LISTING TYPE ,LISTING PRICE,DATE
P10ED244,1061-721-18-0000,SAN BERNARDINO,5644 PERIDOT AVE,RANCHO CUCAMONGA,CA,91701,,10,"FALABELLA,JEANINE B",JEANINE B,FALABELLA,,,5644 PERIDOT AVE,RANCHO CUCAMONGA,CA,91701,0,SFR,1,2141,1968,4,2,20068,0,1,707500,0,100,81855,2018,975.13,15003,0,,,,,,,,,0,,,2020-01-01
P10ED25B,1062-211-18-0000,SAN BERNARDINO,8958 SUNFLOWER AVE,RANCHO CUCAMONGA,CA,91701,,"13,13","BROUSSARD,SOLOMON E",SOLOMON,BROUSSARD,,,8958 SUNFLOWER AVE,RANCHO CUCAMONGA,CA,91701,0,SFR,1,3105,1979,3,2.5,19950,1,1,828500,35942,96,401432,2018,2299,15002,0,INDIVIDUAL,7/7/93,115000,,,,8/31/79,90000,0,,,2020-01-01
P1185D05,1062-391-47-0000,SAN BERNARDINO,6106 ONYX AVE,RANCHO CUCAMONGA,CA,91701,,"26,26","HICKAM,WILLIAM A JR & CHERYL L",WILLIAM,HICKAM,CHERYL,,6106 ONYX AVE,RANCHO CUCAMONGA,CA,91701,0,SFR,1,2293,1977,4,2.5,14125,1,1,696300,172988,75,194536,2018,2245,15005,0,IRWIN MORTGAGE CORP,12/18/03,244000,,,,10/5/78,85000,0,,,2020-01-01
P12C744E,0202-161-11-0000,SAN BERNARDINO,7271 AMETHYST AVE,RANCHO CUCAMONGA,CA,91701,CUCAMONGA HOMESTEAD,6,NAS ALTA LOMA LLC,NAS ALTA LOMA LLC,,,,7271 AMETHYST AVE,RANCHO CUCAMONGA,CA,91701,0,SFR,1,728,1926,2,1,7000,0,1,349700,34229,90,174712,2017,2012,15004,0,M W & NANCY E BRINDLEY,2005-08-03,100000,,,,2005-08-03,125000,0,,,2020-01-01
P1548DF4,1089-272-15-0000,SAN BERNARDINO,7029 NOVARA PL,RANCHO CUCAMONGA,CA,91701,,67,"LI,YANYAN",YANYAN,LI,,,7029 NOVARA PL,RANCHO CUCAMONGA,CA,91701,0,SFR,1,2601,1989,4,3,7260,1,2,674500,0,100,582420,2018,7069.74,15080,0,,,,,,,2001-03-17,571000,0,,,2020-01-01
P13F3543,1076-231-54-0000,SAN BERNARDINO,7165 TEAK WAY,ALTA LOMA,CA,91701,,47,"MAYFIELD,LYDIA",LYDIA,MAYFIELD,,,7165 TEAK WAY,RANCHO CUCAMONGA,CA,91701,1,SFR,1,1490,1975,3,2,8073,0,1,490300,0,100,191609,2018,2133.17,15004,0,,,,,,,,,0,,,2020-01-01
P1A8335C,0201-064-28-0000,SAN BERNARDINO,6515 NAPA AVE,RANCHO CUCAMONGA,CA,91701,,"12,12",TAYLOR FAMILY TRUST,TAYLOR FAMILY TRUST,,,,6515 NAPA AVE,RANCHO CUCAMONGA,CA,91701,1,SFR,1,2499,1990,3,2.5,10432,0,2,679300,55092,92,399718,2018,4629,15112,0,FRONTLINE MORTGAGE CO,9/10/93,175000,,,,2/18/92,252000,0,,,2020-01-01
P11C4DD3,1028-601-47-0000,SAN BERNARDINO,15811 ROAN RD,CHINO HILLS,CA,91709,,22,"XU,XIAOLIAN",XIAOLIAN,XU,,"DING,YINGYING",15811 ROAN RD,CHINO HILLS,CA,91709,1,SFR,1,2066,2001,4,3,4000,0,2,661900,98248,85,594900,2018,8823.97,24080,0,PYC FINANCIAL,2003-09-18,100000,,,,8/17/17,595000,0,,,2020-01-01
P11C8C20,1025-371-11-0000,SAN BERNARDINO,3671 WHIRLAWAY LN,CHINO HILLS,CA,91709,9069,"24,24","YU,KER NAN",KER,YU,,"CHANG,MIN-HWI",3671 WHIRLAWAY LN,CHINO HILLS,CA,91709,0,SFR,1,1584,1977,4,1.75,10850,1,1,643000,0,100,451394,2018,5023,24012,0,,,,,,,2006-09-11,401000,0,,,2020-01-01
P12D69EF,1023-721-68-0000,SAN BERNARDINO,2948 RUSTIC BRG,CHINO HILLS,CA,91709,14442,"68,68","LIU,SHUANG",SHUANG,LIU,,,2948 RUSTIC BRG,CHINO HILLS,CA,91709,0,SFR,1,1840,1995,4,2.5,3800,0,2,724500,0,100,663000,2018,8187,24065,0,,,,,,,11/18/16,650000,0,,,2020-01-01
P14C5EFC,1023-521-26-0000,SAN BERNARDINO,2364 WANDERING RIDGE DR,CHINO HILLS,CA,91709,12929,"106,106","KORCOK,LOUIS",LOUIS,KORCOK,,"YVONNE,ANN T TRUST",2364 WANDERING RIDGE DR,CHINO HILLS,CA,91709,1,SFR,1,1847,1987,4,2.5,9027,1,2,732600,130560,82,296732,2018,3478,24066,0,BANK OF AMERICA,2005-04-05,162000,BANK OF AMERICA,11/23/05,10000,4/25/88,162000,0,,,2020-01-01
P14C6E37,1025-631-03-0000,SAN BERNARDINO,3463 PALISADE ST,CHINO HILLS,CA,91709,,122,"TALLEY,VIRGINIA PROP",VIRGINIA PROP,TALLEY,,,3463 PALISADE ST,CHINO HILLS,CA,91709,0,SFR,1,1920,1978,3,2.5,3000,0,2,515200,65961,87,147298,2018,1657.16,24012,0,UNION SECURITY MORTGAGE INC,12/18/92,127000,MILLENNIA MORTGAGE CORP,6/23/00,44000,9/29/78,73500,0,,,2020-01-01
P11BD469,1020-501-06-0000,SAN BERNARDINO,13571 MAGNOLIA AVE,CHINO,CA,91710,12585,"4,4","KILDARE,MARIA M",MARIA,KILDARE,,,13571 MAGNOLIA AVE,CHINO,CA,91710,1,SFR,1,1537,1987,3,2.5,5170,0,2,504600,64156,87,245564,2018,2675,1001,0,BAYHILL SERVICE,8/24/88,132300,BSC MORTGAGE CORP,12/22/89,176000,4/7/94,152500,0,,,2020-01-01
P14C1E4A,1020-511-29-0000,SAN BERNARDINO,13547 OXFORD CT,CHINO,CA,91710,,5,"ITO,GEREGORY A & TERESA M",GEREGORY,ITO,TERESA,,13547 OXFORD CT,CHINO,CA,91710,1,SFR,0,3501,2005,5,2.75,7309,0,2,762500,216473,72,655200,2018,7699,1057,0,EVERBANK,7/14/16,227500,,,,2008-10-05,644500,0,,,2020-01-01
P14C525A,1013-241-03-0000,SAN BERNARDINO,4054 FRANCIS AVE,CHINO,CA,91710,,32,"COOPER,ALEXANDER TRUST",ALEXANDER,COOPER,,,4054 FRANCIS AVE,CHINO,CA,91710,0,SFR,1,1752,1942,2,1,72105,1,1,644000,0,100,327419,2018,3653,61102,0,,,,,,,3/14/80,58700,0,,,2020-01-01
P110DD95,0207-352-13-0000,SAN BERNARDINO,8388 VIA AIROSA,RANCHO CUCAMONGA,CA,91730,,64,"LIU,YACHAO",YACHAO,LIU,,,8388 VIA AIROSA,RANCHO CUCAMONGA,CA,91730,0,SFR,1,1284,1955,3,2,8475,0,1,512700,0,100,401381,2018,4489.89,15012,0,,,,,,,2004-05-18,475000,0,,,2020-01-01
P163A11B,0207-361-17-0000,SAN BERNARDINO,7529 CERRITO ROJO DR,RANCHO CUCAMONGA,CA,91730,,"5,5",MOORE FAMILY TRUST 1998 AMEND,MOORE FAMILY TRUST 1998 AMEND,,,,7529 CERRITO ROJO DR,RANCHO CUCAMONGA,CA,91730,0,SFR,1,2392,1957,5,2.5,11440,0,1,702200,0,100,624240,2018,6953,15011,0,,,,,,,3/24/16,600000,0,,,2020-01-01
P17B0AA3,1090-071-12-0000,SAN BERNARDINO,11524 CHESTERTON DR,RANCHO CUCAMONGA,CA,91730,,94,"HUANG,JINFEN",JINFEN,HUANG,,,11524 CHESTERTON DR,RANCHO CUCAMONGA,CA,91730,0,SFR,1,3631,2002,4,2.5,9147,0,2,771600,0,100,652291,2018,7704,15080,0,,,,,,,2005-10-17,639500,0,,,2020-01-01
P12E3EE8,1014-141-24-0000,SAN BERNARDINO,1521 S PINE AVE,ONTARIO,CA,91762,,"66,66","GONG,AI PING",AI,GONG,,,1521 S PINE AVE,ONTARIO,CA,91762,1,SFR,1,1800,1977,4,2,7150,0,1,473300,0,100,289288,2018,3241,4052,0,,,,,,,2008-05-09,255000,0,,,2020-01-01
P17A9F37,1047-581-57-0000,SAN BERNARDINO,621 W PRINCETON ST,ONTARIO,CA,91762,,40,"VALENZUELA,PETRA",PETRA,VALENZUELA,,,621 W PRINCETON ST,ONTARIO,CA,91762,0,SFR,1,1320,1951,2,1.5,7656,0,1,444900,10815,98,242375,2018,2722,4000,0,WORLD SAVINGS & LOAN,11/29/89,119900,,,,11/29/89,150000,0,,,2020-01-01
P1A4D036,1008-421-09-0000,SAN BERNARDINO,1312 N BENSON AVE,ONTARIO,CA,91762,ONTARIO,745,"EVANS,MARJORIE A TRUST 2016",MARJORIE,EVANS,,,1312 N BENSON AVE,ONTARIO,CA,91762,1,SFR,1,1260,1956,2,2,7744,0,1,409100,100000,76,55105,2018,557,4000,0,BANK OF AMERICA,2002-09-06,100000,,,,6/30/75,0,0,,,2020-01-01
P1A4D4CC,1008-461-16-0000,SAN BERNARDINO,946 W BONNIE BRAE CT,ONTARIO,CA,91762,,"47,47","MAC KNIGHT,GUY S & DOROTHY L TRUST",GUY,MAC KNIGHT,DOROTHY,,946 W BONNIE BRAE CT,ONTARIO,CA,91762,1,SFR,1,1398,1957,4,2,9230,0,1,441200,0,100,59893,2018,610,4000,0,,,,,,,,,0,,,2020-01-01
P1643450,1008-601-20-0000,SAN BERNARDINO,5426 YALE ST,MONTCLAIR,CA,91763,,15,"DOWNS,JACOB & HILDEAN TRUST",JACOB,DOWNS,HILDEAN,,5426 YALE ST,MONTCLAIR,CA,91763,1,SFR,1,1523,1955,3,2.5,7910,0,1,467100,21601,95,166103,2018,1794,11008,0,HOME SAVINGS OF AMERICA,4/22/93,70000,,,,3/23/84,70750,0,,,2020-01-01
P17A9C7D,1047-353-03-0000,SAN BERNARDINO,324 E 6TH ST,ONTARIO,CA,91764,ONTARIO MAP,731,"STOECKLEIN,KAYLA",KAYLA,STOECKLEIN,,,324 E 6TH ST,ONTARIO,CA,91764,0,SFR,1,1734,1953,3,2,9100,0,1,524700,0,100,445900,2018,4912.86,4000,0,,,,,,,2003-07-19,525000,0,,,2020-01-01
P17AA04E,1048-161-01-0000,SAN BERNARDINO,1157 E G ST,ONTARIO,CA,91764,4141,29,"DE LA TORRE,EMELIA",EMELIA,DE LA TORRE,,,1157 E G ST,ONTARIO,CA,91764,1,SFR,1,1008,1953,3,1,6000,0,1,379500,62259,84,65215,2018,670.12,4002,0,HCL FIN,9/24/02,94000,,,,8/18/97,,0,,,2020-01-01
P17D3B56,1013-041-22-0000,SAN BERNARDINO,4116 COVECREST CT,POMONA,CA,91766,,8,"CHOU,BI YEUH & HSIEN YU",BI,CHOU,HSIEN,,4116 COVECREST CT,POMONA,CA,91766,1,SFR,1,2956,2007,4,4,8182,0,2,701300,0,100,519485,2018,6498,98010,0,,,,,,,1/28/09,0,0,,,2020-01-01
P1ADB3D9,1004-191-50-0000,SAN BERNARDINO,1512 MANSFIELD CT,UPLAND,CA,91784,13109,"49,49","HOM,RICHARD & DIANE M",RICHARD,HOM,DIANE,,1512 MANSFIELD CT,UPLAND,CA,91784,0,SFR,1,1957,1986,4,2.5,11560,0,2,673700,109667,84,373293,2018,4201,8027,0,PHH US MORTGAGE,4/1/93,218050,WASHINGTON MUTUAL FSB,2005-09-01,65000,4/1/93,245000,0,,,2020-01-01
P1BBE599,1044-012-10-0000,SAN BERNARDINO,615 KENWOOD ST,UPLAND,CA,91784,12713,"7,7","SWEENEY,MICHAEL L",MICHAEL,SWEENEY,,,615 KENWOOD ST,UPLAND,CA,91784,1,SFR,1,2392,1986,4,2.5,15680,0,2,693500,138554,80,344326,2018,5899,8001,0,HOME BUYERS MORTGAGE,4/20/01,208000,,,,4/20/01,260000,0,,,2020-01-01
P10A2EFD,1006-461-05-0000,SAN BERNARDINO,1395 MAGNOLIA AVE,UPLAND,CA,91786,,"16,16","BASS,PAUL E & DOROTHY R TRUST",PAUL,BASS,DOROTHY,,1395 MAGNOLIA AVE,UPLAND,CA,91786,1,SFR,1,1847,1963,3,2,10033,0,1,563300,23138,96,77804,2018,941,8001,0,FIRST AMERICAN BANK,1/9/91,250000,,,,,,0,,,2020-01-01
P11DBFF1,614-382-018,RIVERSIDE,82197 CROSBY DR,INDIO,CA,92201,RANCHO RAMON 11,18,"HAMBLING,GRANT & PENNIE",GRANT,HAMBLING,PENNIE,,82197 CROSBY DR,INDIO,CA,92201,0,SFR,0,2948,2005,3,3,7841,1,1,526200,0,100,436331,2018,5857,7007,0,,,,,,,2012-09-13,405000,0,,,2020-01-01
P12FECBD,600-371-007,RIVERSIDE,80629 MARTINIQUE AVE,INDIO,CA,92201,,98,"STEEVES,JOHN & SPARKLE",JOHN,STEEVES,SPARKLE,"STEEVES,SPARKLE",80629 MARTINIQUE AVE,INDIO,CA,92201,0,SFR,0,2119,2004,4,3,6970,1,1,345300,0,100,280664,2018,4140.5,7041,0,,,,,,,10/17/08,248000,0,,,2020-01-01
P156EB24,614-530-026,RIVERSIDE,49508 WAYNE ST,INDIO,CA,92201,,23,"RACANELLI,GIUSEPPINA & NICOLA",GIUSEPPINA,RACANELLI,NICOLA,"RACANELLI,NICOLA",49508 WAYNE ST,INDIO,CA,92201,0,SFR,0,2112,2004,4,3,5227,1,1,371300,0,100,279764,2018,4632.9,7007,0,,,,,,,4/14/10,222000,0,,,2020-01-01
P1660E9E,602-050-028,RIVERSIDE,48869 ANDORRA ST,INDIO,CA,92201,,28,"AKERS,GEORGE W TRUST",GEORGE,AKERS,,,48869 ANDORRA ST,INDIO,CA,92201,0,SFR,1,2754,1994,4,3,9583,0,1,446800,0,100,290787,2018,4687,7040,0,,,,,,,7/6/94,197000,0,,,2020-01-01
P166A90C,616-430-069,RIVERSIDE,81308 AVENIDA ESMERALDA,INDIO,CA,92201,,20,"LITTLE,CRAIG R & ROSEMARY",CRAIG R,LITTLE,ROSEMARY,"LITTLE,ROSEMARY",81308 AVENIDA ESMERALDA,INDIO,CA,92201,0,SFR,0,2476,2005,4,3,9583,1,1,376700,0,100,219557,2018,5162.72,7017,0,,,,,,,2003-11-11,195000,0,,,2020-01-01
P166AF50,602-510-010,RIVERSIDE,49690 JORDAN ST,INDIO,CA,92201,,10,DOUG ROBERTSON HOLDINGS LTD,,,,,49690 JORDAN ST,INDIO,CA,92201,0,SFR,0,3150,2005,4,5,21344,1,1,720300,0,100,428859,2018,6028.38,7157,0,,,,,,,2003-02-12,388500,0,,,2020-01-01
P17EC054,616-460-001,RIVERSIDE,48781 RENEWAL ST,INDIO,CA,92201,,92,"SPARROW,GREG & THERESA",GREG,SPARROW,THERESA,"SPARROW,THERESA",48781 RENEWAL ST,INDIO,CA,92201,0,SFR,0,2931,2005,4,4,13939,1,1,663200,0,100,550383,2018,7739.9,7012,0,,,,,,,2008-01-08,457000,0,,,2020-01-01
P17ED3DB,614-450-041,RIVERSIDE,49047 BIERY ST,INDIO,CA,92201,,1,"PARK,CHULSE",CHULSE,PARK,,,49047 BIERY ST,INDIO,CA,92201,0,SFR,0,2005,2006,3,2,6534,0,1,353700,0,100,254324,2018,4324,7007,0,,,,,,,2/21/13,235000,0,,,2020-01-01
P17F86D7,602-450-049,RIVERSIDE,48581 VIENNA CT,INDIO,CA,92201,,49,"SCHILLER,MILES GERALD & HEATHER MARIE",MILES GERALD,SCHILLER,HEATHER MARIE,"SCHILLER,HEATHER MARIE",48581 VIENNA CT,INDIO,CA,92201,0,SFR,0,2866,2004,5,3,11326,1,1,519200,0,100,370440,2018,5336.82,7040,0,,,,,,,3/30/11,329000,0,,,2020-01-01
P19A0924,606-370-021,RIVERSIDE,80462 MUIRFIELD DR,INDIO,CA,92201,,20,"SANTOIANNI,MARILYN J",MARILYN,SANTOIANNI,,,80462 MUIRFIELD DR,INDIO,CA,92201,1,SFR,1,2466,1999,2,2,6098,0,1,474100,0,100,391306,2018,5126,7091,0,,,,,,,10/7/99,290000,0,,,2020-01-01
P19A251E,602-420-024,RIVERSIDE,80895 GENTLE BREEZE DR,INDIO,CA,92201,,44,"TAYS,BRUCE & JOANNA",BRUCE,TAYS,JOANNA,,80895 GENTLE BREEZE DR,INDIO,CA,92201,0,SFR,0,3152,2004,5,4,13068,1,1,722900,0,100,510497,2018,7142,7012,0,,,,,,,4/29/10,450000,0,,,2020-01-01
P12EE7FA,609-570-037,RIVERSIDE,79258 SIENA DR,BERMUDA DUNES,CA,92203,,37,"THORN,BENGT O & EVA",BENGT,THORN,EVA,,79258 SIENA DR,BERMUDA DUNES,CA,92203,0,SFR,0,2203,2004,3,3,8276,0,1,464300,0,100,457000,2018,5903,75010,0,,,,,,,1/13/05,500000,0,,,2020-01-01
P145B056,607-170-064,RIVERSIDE,78659 SOPHIA CIR,BERMUDA DUNES,CA,92203,,A,"LANGTHORNE,ROBERT THOMAS",ROBERT THOMAS,LANGTHORNE,,,78659 SOPHIA CIR,BERMUDA DUNES,CA,92203,0,SFR,0,3313,2007,4,5,22651,1,1,733900,0,100,668000,2018,8532.22,75010,0,,,,,,,6/22/07,855000,0,,,2020-01-01
P843F506,696-330-004,RIVERSIDE,85549 TREVISO DR,INDIO,CA,92203,32341-2,4,"GODFREY,DONALD E & RUTH B",DONALD E,GODFREY,RUTH B,"GODFREY,RUTH B",85549 TREVISO DR,INDIO,CA,92203,0,SFR,0,1704,2014,2,2,4792,0,1,314100,0,100,239310,2018,3896.7,7098,0,,,,,,,1/27/15,227000,0,,,2020-01-01
P11DC9A8,633-860-007,RIVERSIDE,76101 VIA MONTELENA,INDIAN WELLS,CA,92210,,7,"BOIRE,MARIA I",MARIA I,BOIRE,,,76101 VIA MONTELENA,INDIAN WELLS,CA,92210,0,SFR,0,2362,2004,3,4,10019,1,1,722500,0,100,664000,2018,9613.62,16078,0,,,,,,,11/20/09,790000,0,,,2020-01-01
P110B7F7,626-300-010,RIVERSIDE,231 AUGUSTA DR,PALM DESERT,CA,92211,,10,"DALOCK,INGRID & I",INGRID,DALOCK,I,,231 AUGUSTA DR,PALM DESERT,CA,92211,1,SFR,1,2664,1989,4,5,8712,1,1,612200,78948,87,573982,2018,7383,18064,0,HAMMOND MORTGAGE BANKERS,10/2/92,281000,,,,10/1/89,345000,0,,,2020-01-01
P17EABA5,694-211-020,RIVERSIDE,74120 WINDFLOWER CT,PALM DESERT,CA,92211,,4,"WILSON,JEFFRY E F",JEFFRY E,WILSON,,,74120 WINDFLOWER CT,PALM DESERT,CA,92211,1,SFR,1,2560,2003,4,3,10019,0,1,527500,0,100,386361,2018,5372,18081,0,,,,,,,1/31/06,575000,0,,,2020-01-01
P1A5A021,626-272-023,RIVERSIDE,76819 LANCELOT CT,PALM DESERT,CA,92211,21651,45,"TENNANT,MORGAN A",MORGAN A,TENNANT,,,76819 LANCELOT CT,PALM DESERT,CA,92211,0,SFR,1,2128,1989,3,3,12197,1,1,405400,0,100,292077,2018,4109.26,18222,0,,,,,,,2003-08-18,370000,0,,,2020-01-01
P1A5A57F,632-380-023,RIVERSIDE,77558 CARINDA CT,PALM DESERT,CA,92211,,23,"DISPIRITO,ANTHONY NEIL",ANTHONY,DISPIRITO,,,77558 CARINDA CT,PALM DESERT,CA,92211,1,SFR,1,2660,1990,4,3,8276,1,1,475000,0,100,471000,2018,6149,18266,0,,,,,,,4/13/07,475000,0,,,2020-01-01
P1A5B0F9,694-232-008,RIVERSIDE,74142 E PETUNIA PL,PALM DESERT,CA,92211,,24,"HOAG,STEVEN M & MARY PAT",STEVEN M,HOAG,MARY PAT,"HOAG,MARY PAT",74142 E PETUNIA PL,PALM DESERT,CA,92211,0,SFR,1,2166,2002,3,2,9148,1,1,456000,60750,87,402900,2018,5817.32,18357,0,US BK,2008-01-17,60750,,,,2006-09-17,395000,0,,,2020-01-01
P12F011D,531-020-008,RIVERSIDE,10125 GILMAN ST,BANNING,CA,92220,BANNING HEIGHTS,48,"WIESAND,THEODORE & ROSALINDA",THEODORE,WIESAND,ROSALINDA,,10125 GILMAN ST,BANNING,CA,92220,1,SFR,1,3298,1956,4,3,175982,1,1,638300,49576,92,416663,2018,5899,55008,0,HASTINGS 1993 TRUST (PT),10/18/12,450000,,,,10/18/12,800000,0,,,2020-01-01
P12F429F,531-240-017,RIVERSIDE,43000 DILLON RD,BANNING,CA,92220,BANNING HEIGHTS,32,EVANGELICAL LAYMANS CHURCH,,,,,PO BOX 431,BEDFORD HILLS,NY,10507,0,SFR,1,4370,2003,2,3,172933,0,2,735200,0,100,703357,2018,10085.48,1014,0,,,,,,,10/23/09,620000,0,,,2020-01-01
P1447329,440-290-002,RIVERSIDE,5544 BRECKENRIDGE AVE,BANNING,CA,92220,,2,"GAYLORD,JOHN E & PATRICIA L",JOHN E,GAYLORD,PATRICIA L,"GAYLORD,PATRICIA L",5544 BRECKENRIDGE AVE,BANNING,CA,92220,0,SFR,1,1683,2003,2,2,9148,0,1,370100,0,100,319000,2018,4605.76,1054,0,,,,,,,,,0,,,2020-01-01
P1447CCA,440-220-012,RIVERSIDE,1856 LITCHFIELD DR,BANNING,CA,92220,,32,"MATYAS,GEORGE",GEORGE,MATYAS,,,1856 LITCHFIELD DR,BANNING,CA,92220,1,SFR,1,1683,2003,2,2,8276,0,1,357300,0,100,311000,2018,4391.92,1054,0,,,,,,,5/20/04,292500,0,,,2020-01-01
P1447E82,440-310-068,RIVERSIDE,1672 FAIRWAY OAKS AVE,BANNING,CA,92220,,116,MCNEVIN T W & N TRUST,,,,,1672 FAIRWAY OAKS AVE,BANNING,CA,92220,0,SFR,1,1668,1996,2,2,4792,0,1,348500,0,100,290000,2018,4191.12,1054,0,,,,,,,2004-03-18,344000,0,,,2020-01-01
P144C34F,414-311-001,RIVERSIDE,1137 HIGHLAND CT,BEAUMONT,CA,92223,,15,"DAMAVANDL,MEHRANGIZ & MEHRDAD",MEHRANGIZ,DAMAVANDL,MEHRDAD,"DAMAVANDL,MEHRDAD",PO BOX 182,BIG BEAR LAKE,CA,92315,0,SFR,1,2382,2003,4,3,14810,0,2,397600,0,100,295926,2018,5026.16,2018,0,,,,,,,3/15/18,370000,0,,,2020-01-01
P1267DC4,675-112-012,RIVERSIDE,68205 BELLA VISTA RD,CATHEDRAL CITY,CA,92234,SECTION 2040,504,"BAILEY,JASON MARCUS JAMES & GLENIS CHRISTINE",JASON MARCUS JAMES,BAILEY,GLENIS CHRISTINE,"BAILEY,GLENIS CHRISTINE",68205 BELLA VISTA RD,CATHEDRAL CITY,CA,92234,0,SFR,1,1636,1985,4,2,7841,1,1,323300,0,100,270477,2018,3957.4,19167,0,,,,,,,8/19/08,239000,0,,,2020-01-01
P12FE9B6,686-151-016,RIVERSIDE,39550 ELNA WAY,CATHEDRAL CITY,CA,92234,CATHEDRAL CANYON VISTA,42,HONDORP D J & K L LIVING TRUST,,,,,39550 ELNA WAY,CATHEDRAL CITY,CA,92234,1,SFR,1,1284,1977,3,2,18731,1,1,396900,0,100,205663,2018,2705.14,19017,0,,,,,,,2/1/83,13500,0,,,2020-01-01
P130832F,009-617-552,RIVERSIDE,67670 S NATOMA DR,CATHEDRAL CITY,CA,92234,,8-P,"DOWNES,JOHN P",JOHN P,DOWNES,,"HAMBLING,DIANE",67670 S NATOMA DR,CATHEDRAL CITY,CA,92234,0,SFR,0,1905,2004,2,3,6098,1,1,401300,0,100,444316,2018,6044.72,19061,0,,,,,,,2004-11-12,390000,0,,,2020-01-01
P14B0042,687-135-015,RIVERSIDE,37880 RONALD CT,CATHEDRAL CITY,CA,92234,SUNAIR TR 6,234,"TERRY,LARRY D",LARRY,TERRY,,"THOMAS,BRYON D",37880 RONALD CT,CATHEDRAL CITY,CA,92234,0,SFR,1,1750,1970,3,2,10890,1,1,470400,0,100,447371,2018,7387,19005,0,,,,,,,2006-09-16,430000,0,,,2020-01-01
P14B0ED4,678-133-012,RIVERSIDE,30650 AVENIDA XIMINO,CATHEDRAL CITY,CA,92234,,12,"CHU,ADAM & LINDA",ADAM,CHU,LINDA,"CHU,LINDA",123 E COLORADO BLVD,MONROVIA,CA,91016,0,SFR,1,1640,1986,3,2,7841,1,1,323000,0,100,173392,2018,2682,19123,0,,,,,,,1/1/87,89000,0,,,2020-01-01
P14B0FA2,675-233-023,RIVERSIDE,68150 TORTUGA RD,CATHEDRAL CITY,CA,92234,PALM SPGS PANORAMA 2,843,"SANCHEZ,ELBIO G & MARIA C",ELBIO G,SANCHEZ,MARIA C,"SANCHEZ,MARIA C",68150 TORTUGA RD,CATHEDRAL CITY,CA,92234,0,SFR,1,1991,1992,5,3,8712,0,1,317200,0,100,135275,2018,2185.84,19167,0,,,,,,,1/26/18,279000,0,,,2020-01-01
P14B14EC,686-182-054,RIVERSIDE,68390 INDIGO LN,CATHEDRAL CITY,CA,92234,4690,5,"PAXTON,DOUGLAS",DOUGLAS,PAXTON,,"VASSALLO,JOSEPH",68390 INDIGO LN,CATHEDRAL CITY,CA,92234,0,SFR,1,1520,1973,3,2,12632,1,1,416200,0,100,278382,2018,4929,19017,0,,,,,,,12/19/07,224000,0,,,2020-01-01
P14B1804,675-174-012,RIVERSIDE,28503 AVENIDA MARQUESA,CATHEDRAL CITY,CA,92234,2232,425,"RODRIGUEZ,WILFREDO",WILFREDO,RODRIGUEZ,,,28503 AVENIDA MARQUESA,CATHEDRAL CITY,CA,92234,1,SFR,1,1759,1994,3,2,6970,0,1,338700,0,100,259162,2018,3739,19167,0,,,,,,,11/26/08,229000,0,,,2020-01-01
P14B25E0,009-617-476,RIVERSIDE,67636 S NATOMA DR,CATHEDRAL CITY,CA,92234,,"9,10","GAFFNEY,TIMOTHY J REVOC TRUST",TIMOTHY,GAFFNEY,,LENNAR HOMES OF CALIF INC,PO BOX 165,KEY WEST,FL,33041,0,SFR,0,1533,2004,2,3,5663,0,1,326400,0,100,237659,2018,3256,19061,0,,,,,,,12/15/09,202500,0,,,2020-01-01
P14B2E7C,677-111-028,RIVERSIDE,67360 QUIJO RD,CATHEDRAL CITY,CA,92234,,232,"QUACH,BRIAN XUONG H",BRIAN XUONG,QUACH,,,67360 QUIJO RD,CATHEDRAL CITY,CA,92234,0,SFR,1,2327,2003,4,2,7841,1,1,373300,0,100,291620,2018,4506,19178,0,,,,,,,2012-06-10,259000,0,,,2020-01-01
P17D9DC1,661-063-004,RIVERSIDE,9038 CLUBHOUSE BLVD,DESERT HOT SPRINGS,CA,92240,,491,"MEYER,TED",TED,MEYER,,"LADD,KATHERINE",9038 CLUBHOUSE BLVD,DESERT HOT SPRINGS,CA,92240,0,SFR,1,2624,1988,3,3,6970,1,1,367600,0,100,292202,2018,3656.38,61093,0,,,,,,,5/23/13,270000,0,,,2020-01-01
P111105B,646-330-058,RIVERSIDE,78920 VIA VENTANA,LA QUINTA,CA,92253,,A,"LEITHAL,RUTH MARIKA",RUTH MARIKA,LEITHAL,,,78920 VIA VENTANA,LA QUINTA,CA,92253,0,SFR,1,2074,1998,3,3,9583,1,1,537000,0,100,474000,2018,6295.76,20042,0,,,,,,,2001-08-08,579000,0,,,2020-01-01
P11E5F2F,762-210-014,RIVERSIDE,57317 SAINT ANDREWS,LA QUINTA,CA,92253,,14,"KONDRO,WILLARD BRUCE & ELAINE AUDREY",WILLARD BRUCE,KONDRO,ELAINE AUDREY,"KONDRO,ELAINE AUDREY",57317 SAINT ANDREWS,LA QUINTA,CA,92253,0,SFR,1,2379,2000,3,3,12197,1,1,763000,0,100,714700,2018,9828.78,20171,0,,,,,,,3/31/10,630000,0,,,2020-01-01
P1565B8E,646-380-043,RIVERSIDE,48460 VIA SOLANA,LA QUINTA,CA,92253,,73,"KENNEDY,JOHN D & JOHN C",JOHN D,KENNEDY,JOHN C,"KENNEDY,JOHN C",48460 VIA SOLANA,LA QUINTA,CA,92253,0,SFR,1,2040,1994,3,3,7405,0,1,616100,0,100,565100,2018,7401.68,20027,0,,,,,,,2/24/15,535000,0,,,2020-01-01
P156ABCE,775-280-057,RIVERSIDE,55786 BRAE BURN,LA QUINTA,CA,92253,,11,"MA,VICKY",VICKY,MA,,,55786 BRAE BURN,LA QUINTA,CA,92253,0,SFR,1,2655,1999,3,3,11761,0,1,782300,0,100,619281,2018,8526.1,20025,0,,,,,,,6/28/11,550000,0,,,2020-01-01
P1669F60,609-590-010,RIVERSIDE,79640 CORTE BELLA,LA QUINTA,CA,92253,,28,"CAMPBELL,COLIN E & BRENDA J",COLIN,CAMPBELL,BRENDA,,79640 CORTE BELLA,LA QUINTA,CA,92253,0,SFR,1,3067,2003,4,4,14375,1,1,602700,0,100,476462,2018,6325,20136,0,,,,,,,2005-03-10,420000,0,,,2020-01-01
P17CED76,646-330-018,RIVERSIDE,78940 RIO SECO,LA QUINTA,CA,92253,,A,"MCQUAID,MARTIN",MARTIN,MCQUAID,,,78940 RIO SECO,LA QUINTA,CA,92253,0,SFR,1,2566,1999,3,3,9583,1,1,567700,0,100,446250,2018,5958.88,20042,0,,,,,,,2004-09-18,520000,0,,,2020-01-01
P17DDCC5,604-424-002,RIVERSIDE,45575 SUNBROOK LN,LA QUINTA,CA,92253,,22,"REICHHOLD,JON & DEBRA E",JON,REICHHOLD,DEBRA,,45575 SUNBROOK LN,LA QUINTA,CA,92253,1,SFR,1,1800,2001,3,2,9148,1,1,392600,0,100,313187,2018,4850,20026,0,,,,,,,12/14/01,223500,0,,,2020-01-01
P17E7532,646-122-016,RIVERSIDE,48537 VIA AMISTAD,LA QUINTA,CA,92253,,16,"MCKAY,SANDRA TERESE & GILBERT KEMP",SANDRA TERESE,MCKAY,GILBERT KEMP,"MCKAY,GILBERT KEMP",48537 VIA AMISTAD,LA QUINTA,CA,92253,0,SFR,1,1980,1993,3,3,6534,0,1,452700,0,100,310540,2018,4311.42,20005,0,,,,,,,4/19/12,308000,0,,,2020-01-01
P110C43E,624-282-010,RIVERSIDE,74205 CLARIDGE PL,PALM DESERT,CA,92260,,6,"RUTKOWSKI,RONALD & SYDNE",RONALD,RUTKOWSKI,SYDNE,,74205 CLARIDGE PL,PALM DESERT,CA,92260,0,SFR,1,2830,2001,4,3,11761,1,1,703900,210241,70,555264,2018,7200,18032,0,HOMECOMINGS FINANCIAL NETWORK,9/17/02,310000,,,,2003-05-01,419500,0,,,2020-01-01
P165E271,630-100-017,RIVERSIDE,46340 BURROWEED LN,PALM DESERT,CA,92260,,13,"CLARK,MICHELLE MUNSON & BETTY SMITH",MICHELLE,CLARK,BETTY,"CLARK,DAVID HUTCHINS & MICHELLE",46340 BURROWEED LN,PALM DESERT,CA,92260,0,SFR,1,1766,1969,2,2,4792,1,1,396400,0,100,128393,2018,2185,18312,0,,,,,,,2003-09-09,0,0,,,2020-01-01
P16606F1,622-180-010,RIVERSIDE,73953 KRUG AVE,PALM DESERT,CA,92260,12181-2,10,"DYCK,EDWARD J & LINDA S",EDWARD J,DYCK,LINDA S,"DYCK,LINDA S",73953 KRUG AVE,PALM DESERT,CA,92260,0,SFR,1,1343,1983,3,2,8276,1,1,338700,0,100,258968,2018,3772.18,18056,0,,,,,,,2003-11-11,230000,0,,,2020-01-01
P16624A4,625-552-013,RIVERSIDE,44250 INDIAN CANYON LN,PALM DESERT,CA,92260,24984-1,13,"BALES,BARBARA A",BARBARA,BALES,,,44250 INDIAN CANYON LN,PALM DESERT,CA,92260,0,SFR,1,2307,1992,3,3,8276,1,1,495100,94281,81,430725,2018,4284,18007,0,CITICORP SVGS/IL,2001-06-16,100000,,,,2001-06-16,414000,0,,,2020-01-01
P1A59A4A,625-265-010,RIVERSIDE,74425 COVERED WAGON TRL,PALM DESERT,CA,92260,DEEP CANYON RANCH PROPERTIES,130,"BROWN,BARBARA J",BARBARA,BROWN,,,74425 COVERED WAGON TRL,PALM DESERT,CA,92260,0,SFR,1,1893,1964,3,3,12197,1,1,488100,156807,68,204374,2018,1425,18006,0,SCME MORTGAGE BANKERS INC,6/14/96,111690,PROVIDENT SAVINGS BANK,2006-03-03,150000,6/14/96,109500,0,,,2020-01-01
P1A5A69F,620-352-001,RIVERSIDE,27 COVINGTON DR,PALM DESERT,CA,92260,24530,26,"DI MARCELLO,AUSTIN & KAREN",AUSTIN,DI MARCELLO,KAREN,"DI MARCELLO,KAREN",27 COVINGTON DR,PALM DESERT,CA,92260,0,SFR,1,3310,1994,3,4,10454,1,1,692000,208334,70,447074,2018,5927.5,18074,0,QUICKEN LNS,7/26/18,210000,,,,7/26/18,705000,0,,,2020-01-01
P1A5C021,624-380-006,RIVERSIDE,21 VIA PALMIRA,PALM DESERT,CA,92260,,6,"ENDRESEN,DARRELL J & PAMELA L",DARRELL,ENDRESEN,PAMELA,,21 VIA PALMIRA,PALM DESERT,CA,92260,0,SFR,1,2309,1999,3,3,9148,1,1,545400,0,100,460000,2018,6114,18312,0,,,,,,,2003-01-10,420000,0,,,2020-01-01
P12EE064,501-401-012,RIVERSIDE,2960 E VERONA RD,PALM SPRINGS,CA,92262,RANCH COUNTRY CLUB ESTATES 1,10,"LOVETT,STEVEN & JILL VERONICA",STEVEN,LOVETT,JILL,,2960 E VERONA RD,PALM SPRINGS,CA,92262,0,SFR,1,2175,1977,3,3,12632,1,1,592400,0,100,478584,2018,6227,11030,0,,,,,,,10/19/15,460000,0,,,2020-01-01
P130EF67,677-680-031,RIVERSIDE,4610 KELLOGG WAY,PALM SPRINGS,CA,92262,,74,"LEFEVRE,GORDON H",GORDON,LEFEVRE,,,4610 KELLOGG WAY,PALM SPRINGS,CA,92262,1,SFR,0,2192,2013,2,3,6970,1,1,777900,0,100,644877,2018,8658,11005,0,,,,,,,2012-12-13,599000,0,,,2020-01-01
P1574984,677-670-009,RIVERSIDE,539 SORIANO WAY,PALM SPRINGS,CA,92262,TRACT 32233 3,9,"MILLER,GARY STEPHEN",GARY STEPHEN,MILLER,,"BORROMEO,MARIA JOSEFINA",539 SORIANO WAY,PALM SPRINGS,CA,92262,1,SFR,0,2029,2006,2,3,5663,1,1,685700,193353,72,599760,2018,8096.06,11005,0,QUICKEN LNS,2003-09-17,200000,,,,2003-09-17,588000,0,,,2020-01-01
P166A2D8,669-530-035,RIVERSIDE,3640 VISTA VERDE,PALM SPRINGS,CA,92262,,84,"BARTMAN,HASKIEL & CELINA",HASKIEL,BARTMAN,CELINA,"BARTMAN,CELINA",3640 VISTA VERDE,PALM SPRINGS,CA,92262,0,SFR,0,2517,2004,4,3,10454,1,1,561000,0,100,487810,2018,7552.9,11005,0,,,,,,,10/23/09,430036,0,,,2020-01-01
P1676166,677-660-041,RIVERSIDE,4324 VANTAGE LN,PALM SPRINGS,CA,92262,,101,"CHERRY,MARK",MARK,CHERRY,,"CHERRY,IRIS",4324 VANTAGE LN,PALM SPRINGS,CA,92262,0,SFR,0,2869,2006,2,3,7841,1,1,753800,215161,71,415832,2018,4214,11005,0,UNIVERSAL AMERICAN MTG CO CA,2001-06-11,252600,,,,2001-06-11,353000,0,,,2020-01-01
P17D03AF,501-072-017,RIVERSIDE,2627 N MCCARN RD,PALM SPRINGS,CA,92262,RACQUET CLUB ROAD ESTATES 5,17,"JOHNSON,PAUL J & AURORA TRUST",PAUL,JOHNSON,AURORA,,2627 N MCCARN RD,PALM SPRINGS,CA,92262,1,SFR,1,1533,1960,4,2,10019,1,1,705300,0,100,69826,2018,1048,11005,0,,,,,,,,,0,,,2020-01-01
P17D744F,501-214-009,RIVERSIDE,2939 N CHUPEROSA RD,PALM SPRINGS,CA,92262,DESERT PARK ESTATES 11,67,"AMIRAT,ANNE MARIE MYRIAM",ANNE MARIE,AMIRAT,,"AMBLARD,DOMINIQUE JEAN",2939 N CHUPEROSA RD,PALM SPRINGS,CA,92262,0,SFR,1,1680,1981,4,2,10019,1,1,460000,0,100,270557,2018,3636,11030,0,,,,,,,2007-03-12,250000,0,,,2020-01-01
P17E6E52,677-470-016,RIVERSIDE,3415 ARNICO ST,PALM SPRINGS,CA,92262,,16,"SALEH,ASTAR",ASTAR,SALEH,,"DEPACE,PAUL",3415 ARNICO ST,PALM SPRINGS,CA,92262,0,SFR,1,1401,1990,3,2,7405,1,1,359300,0,100,295800,2018,3950,11072,0,,,,,,,10/24/16,290000,0,,,2020-01-01
P1A5C557,501-345-013,RIVERSIDE,2033 N FARRELL DR,PALM SPRINGS,CA,92262,DESERT PARK ESTATES 2,38,"GONZALEZ,PORFIRIO & EVANGELINA",PORFIRIO,GONZALEZ,EVANGELINA,,2033 N FARRELL DR,PALM SPRINGS,CA,92262,0,SFR,1,1644,1959,3,3,15682,1,1,440600,86628,80,157628,2018,2524,11005,0,PMC BANCORP,6/30/11,101000,,,,6/30/11,140000,0,,,2020-01-01
P1A5C919,504-112-010,RIVERSIDE,355 W PICO RD,PALM SPRINGS,CA,92262,SPAULDINGS PALM SPGS ESTATES,10,"ELKINS,DARREN D & JESSICA",DARREN,ELKINS,JESSICA,,355 W PICO RD,PALM SPRINGS,CA,92262,1,SFR,1,2154,1997,4,4,10019,0,1,484200,110087,77,357000,2018,4625,11023,0,FRANKLIN LN CTR,11/23/16,115000,,,,11/23/16,350000,0,,,2020-01-01
P1A5CA5D,501-042-004,RIVERSIDE,454 E LINDSEY DR,PALM SPRINGS,CA,92262,CLUB ESTATES,4,"BAKER,DONALD E",DONALD,BAKER,,"SAWARD,JANET",454 E LINDSEY DR,PALM SPRINGS,CA,92262,1,SFR,1,1225,1959,3,2,10890,1,1,569300,131003,77,59561,2018,920,11005,0,COUNTRYWIDE BANK,2/27/08,158528,,,,9/1/87,0,0,,,2020-01-01
P1A5CBD1,501-510-046,RIVERSIDE,1091 E EL CONQUISTADOR,PALM SPRINGS,CA,92262,,46,USA BIA,,,,,1091 E EL CONQUISTADOR,PALM SPRINGS,CA,92262,0,SFR,1,1462,1977,3,2,10019,1,1,466200,85136,82,0,0,0,11005,0,ACCREDITED HOME LENDERS,5/15/98,119000,FIRST FRANKLIN FINANCIAL CORP,8/2/00,158350,5/15/98,0,0,,,2020-01-01
P1A5CF30,507-241-004,RIVERSIDE,1283 E TACHEVAH DR,PALM SPRINGS,CA,92262,DESERT SANDS 2,1,"RUIZ,ALFREDO B",ALFREDO B,RUIZ,,,1283 E TACHEVAH DR,PALM SPRINGS,CA,92262,0,SFR,1,2071,1955,3,3,7841,1,1,782300,0,100,688500,2018,8843,11021,0,,,,,,,2004-03-18,750000,0,,,2020-01-01
P1A5DC15,677-680-006,RIVERSIDE,4946 GEARY WAY,PALM SPRINGS,CA,92262,,49,"CISEK,ALAN S",ALAN,CISEK,,,4946 GEARY WAY,PALM SPRINGS,CA,92262,1,SFR,0,2422,2011,3,4,6098,0,2,682700,100000,85,553008,2018,7513,11005,0,BANK OF AMERICA CALIFORNIA NA,10/18/16,100000,,,,2005-01-15,511000,0,,,2020-01-01
PBC23A36,677-720-007,RIVERSIDE,1335 PASSAGE ST,PALM SPRINGS,CA,92262,,59,"BROUSSEAU,DAVID A",DAVID,BROUSSEAU,,"OSHIMA,MARK M",1335 PASSAGE ST,PALM SPRINGS,CA,92262,1,SFR,0,2060,2015,2,3,6098,1,1,791100,0,100,802068,2018,10616,11005,0,,,,,,,9/30/15,771000,0,,,2020-01-01
PBC23A38,677-720-009,RIVERSIDE,1355 PASSAGE ST,PALM SPRINGS,CA,92262,TRACT 32233,61,WINDEMERE HOLDINGS,,,,,1355 PASSAGE ST,PALM SPRINGS,CA,92262,0,SFR,0,2060,2015,2,3,6098,1,1,771100,0,100,765000,2018,10242.06,11005,0,,,,,,,3/17/17,750000,0,,,2020-01-01
P11E3D1B,508-255-002,RIVERSIDE,1271 E SAN LUCAS RD,PALM SPRINGS,CA,92264,TAHQUITZ RIVER ESTATES,2,"HANLON,JOHN R TRUST",JOHN,HANLON,,,1271 E SAN LUCAS RD,PALM SPRINGS,CA,92264,0,SFR,1,1318,1952,3,2,10019,1,1,578100,0,100,310047,2018,4128,11003,0,,,,,,,5/14/10,264000,0,,,2020-01-01
P1266199,680-491-016,RIVERSIDE,1622 TAM O SHANTER PLZ,PALM SPRINGS,CA,92264,,6,USA BIA,,,,,1622 TAM O SHANTER PLZ,PALM SPRINGS,CA,92264,0,SFR,1,1455,1977,3,1.75,2614,0,1,518500,0,100,0,0,0,11011,0,,,,,,,8/1/80,0,0,,,2020-01-01
P1266206,502-431-021,RIVERSIDE,2462 VIA SONOMA B,PALM SPRINGS,CA,92264,,2,USA BIA,,,,,2462 VIA SONOMA B,PALM SPRINGS,CA,92264,0,SFR,1,1710,1977,3,1.75,2034,0,1,601300,0,100,0,0,0,11003,0,,,,,,,6/20/95,95000,0,,,2020-01-01
P1267FB7,680-494-008,RIVERSIDE,6044 FAIRWAY CIR,PALM SPRINGS,CA,92264,,8,USA BIA,,,,,6044 FAIRWAY CIR,PALM SPRINGS,CA,92264,0,SFR,1,1455,1977,2,2,3049,0,1,419700,0,100,0,0,0,11011,0,,,,,,,6/23/98,0,0,,,2020-01-01
P1661794,511-370-024,RIVERSIDE,2349 S SIERRA MADRE,PALM SPRINGS,CA,92264,,21,USA BIA,,,,,2349 S SIERRA MADRE,PALM SPRINGS,CA,92264,0,SFR,1,1716,1963,3,2,2614,0,1,437500,64103,85,82663,2018,0,11003,0,WASHINGTON MUTUAL BK FA,2011-06-02,95000,,,,6/20/00,122000,0,,,2020-01-01
P17DCBD2,508-201-001,RIVERSIDE,825 S RIVERSIDE DR,PALM SPRINGS,CA,92264,TAHQUITZ RIVER ESTATES,1,LOMA PALISADES BUSINESS CENTER,LOMA PALISADES BUSINESS CENTER,,,,825 S RIVERSIDE DR,PALM SPRINGS,CA,92264,0,SFR,1,1905,1957,3,2,13068,1,1,781600,0,100,686460,2018,8817,11003,0,,,,,,,2008-04-15,650000,0,,,2020-01-01
P17E00EA,680-531-001,RIVERSIDE,3508 E ESCOBA DR,PALM SPRINGS,CA,92264,6069,1,DJB PROPERTIES LLC,,,,,3508 E ESCOBA DR,PALM SPRINGS,CA,92264,0,SFR,1,1659,1977,3,2,10454,1,1,527900,0,100,441000,2018,5759.66,11003,0,,,,,,,7/24/18,535000,0,,,2020-01-01
P1A5CB7F,511-360-034,RIVERSIDE,443 E AZUL CIR,PALM SPRINGS,CA,92264,,15,USA BIA,,,,,443 E AZUL CIR,PALM SPRINGS,CA,92264,0,SFR,1,1632,1963,2,2,3049,0,1,385800,0,100,98767,2018,0,11003,0,,,,,,,1/9/97,105000,0,,,2020-01-01
P1A5CD88,508-291-026,RIVERSIDE,150 E PALO VERDE AVE,PALM SPRINGS,CA,92264,PALOS VERDES TR,27,"HARDISTY,JANE E",JANE E,HARDISTY,,,150 E PALO VERDE AVE,PALM SPRINGS,CA,92264,0,SFR,1,1626,2000,2,2,12197,0,1,594100,0,100,612000,2018,7889.94,11003,0,,,,,,,2006-07-18,595000,0,,,2020-01-01
P110C9E3,676-050-011,RIVERSIDE,111 MISSION HILLS DR,RANCHO MIRAGE,CA,92270,,11,USA BIA,,,,,111 MISSION HILLS DR,RANCHO MIRAGE,CA,92270,0,SFR,1,2420,1977,3,2.75,2570040,0,1,587100,96000,84,187130,2018,0,17008,0,MERRILL LYNCH CREDIT CORP,10/24/95,96000,,,,7/31/98,205000,0,,,2020-01-01
P11A5FE3,676-050-012,RIVERSIDE,112 MISSION HILLS DR,RANCHO MIRAGE,CA,92270,,12,USA BIA,,,,,112 MISSION HILLS DR,RANCHO MIRAGE,CA,92270,0,SFR,1,1984,1977,2,1.75,2570040,0,1,584600,0,100,151366,2018,0,17008,0,,,,,,,5/1/80,0,0,,,2020-01-01
P11D4E1F,676-050-042,RIVERSIDE,142 DESERT WEST DR,RANCHO MIRAGE,CA,92270,,42,USA BIA,,,,,142 DESERT WEST DR,RANCHO MIRAGE,CA,92270,0,SFR,1,2420,1977,3,2.75,2570040,0,1,460800,0,100,131071,2018,0,17008,0,,,,,,,2008-01-09,0,0,,,2020-01-01
P12F5607,676-050-033,RIVERSIDE,133 DESERT WEST DR,RANCHO MIRAGE,CA,92270,,33,USA BIA,,,,,133 DESERT WEST DR,RANCHO MIRAGE,CA,92270,0,SFR,1,2188,1977,2,1.75,2570040,0,1,479700,0,100,127082,2018,0,17008,0,,,,,,,3/7/00,0,0,,,2020-01-01
P130617D,673-660-045,RIVERSIDE,130 MISSION LAKE WAY,RANCHO MIRAGE,CA,92270,,30,"DONOHUE,DEBORAH",DEBORAH,DONOHUE,,,130 MISSION LAKE WAY,RANCHO MIRAGE,CA,92270,0,SFR,1,2149,2002,3,3,10019,1,1,619800,0,100,541123,2018,7563.16,17007,0,,,,,,,2004-04-13,500000,0,,,2020-01-01
P156559D,682-430-022,RIVERSIDE,6 NOVATO TER,RANCHO MIRAGE,CA,92270,25851-2,6,"MARSHALL,JAMES R",JAMES R,MARSHALL,,"CAPPUCCINI,MARSHALLKATHY PATRICIA",6 NOVATO TER,RANCHO MIRAGE,CA,92270,0,SFR,1,2120,1997,3,2,8276,1,1,554000,0,100,470776,2018,6546.72,17194,0,,,,,,,2006-07-13,435000,0,,,2020-01-01
P1659BED,673-560-007,RIVERSIDE,52 VIA BELLA,RANCHO MIRAGE,CA,92270,,26,"REDDICOPP,DEAN",DEAN,REDDICOPP,,"KYTE,TAMMY",52 VIA BELLA,RANCHO MIRAGE,CA,92270,0,SFR,1,2724,2001,3,4,9148,1,1,724500,0,100,579004,2018,8035.08,17118,0,,,,,,,2007-11-12,535000,0,,,2020-01-01
P1660F50,676-050-015,RIVERSIDE,115 MISSION HILLS DR,RANCHO MIRAGE,CA,92270,,15,USA BIA,,,,,115 MISSION HILLS DR,RANCHO MIRAGE,CA,92270,0,SFR,1,1984,1977,2,1.75,2570040,0,1,626800,0,100,151366,2018,0,17008,0,,,,,,,4/1/87,0,0,,,2020-01-01
P17B8514,670-480-055,RIVERSIDE,234 VIA FIRENZA,RANCHO MIRAGE,CA,92270,,112,"NUNN,TERRANCE C BERNARD & SUSAN ANN",TERRANCE C BERNARD,NUNN,SUSAN ANN,"NUNN,SUSAN ANN",234 VIA FIRENZA,RANCHO MIRAGE,CA,92270,1,SFR,0,2434,2003,4,2,7841,0,1,500000,0,100,354676,2018,5153.18,17201,0,,,,,,,2006-01-11,315000,0,,,2020-01-01
P17E7022,674-202-005,RIVERSIDE,70365 MOTTLE CIR,RANCHO MIRAGE,CA,92270,,43,"WALKER,KYLE",KYLE,WALKER,,,70365 MOTTLE CIR,RANCHO MIRAGE,CA,92270,0,SFR,1,1705,1965,3,3,10890,1,1,507700,0,100,479400,2018,6830,17228,0,,,,,,,4/17/17,470000,0,,,2020-01-01
P17E9F3E,673-620-004,RIVERSIDE,69 VIA LAS FLORES,RANCHO MIRAGE,CA,92270,,24,"CHING,ROBERT",ROBERT,CHING,,,69 VIA LAS FLORES,RANCHO MIRAGE,CA,92270,0,SFR,1,2333,2003,3,3,8276,1,1,703700,0,100,716447,2018,9747.36,17118,0,,,,,,,6/13/14,665000,0,,,2020-01-01
P17F0704,684-113-009,RIVERSIDE,29 PARK MIRAGE LN,RANCHO MIRAGE,CA,92270,,29,"COTTER,DARLENE K",DARLENE,COTTER,,,29 PARK MIRAGE LN,RANCHO MIRAGE,CA,92270,0,SFR,1,2598,1990,4,4,8712,1,1,543000,0,100,538000,2018,7145,17059,0,,,,,,,8/14/17,530000,0,,,2020-01-01
P1AF8234,676-050-018,RIVERSIDE,118 MISSION HILLS DR,RANCHO MIRAGE,CA,92270,,18,USA BIA,,,,,118 MISSION HILLS DR,RANCHO MIRAGE,CA,92270,0,SFR,1,2922,1977,3,2.75,2570040,0,1,714200,0,100,212119,2018,0,17008,0,,,,,,,,,0,,,2020-01-01
P1AF8236,676-050-028,RIVERSIDE,128 DESERT WEST DR,RANCHO MIRAGE,CA,92270,,28,USA BIA,,,,,128 DESERT WEST DR,RANCHO MIRAGE,CA,92270,0,SFR,1,1984,1977,2,1.75,2570040,0,1,466000,46060,90,133274,2018,0,17008,0,FRANKLIN LOAN CENTER,9/13/94,175500,GLENDORA MORTGAGE INC,12/18/97,35000,9/13/94,195000,0,,,2020-01-01
P1AF8A90,676-050-019,RIVERSIDE,119 MISSION HILLS DR,RANCHO MIRAGE,CA,92270,,19,USA BIA,,,,,119 MISSION HILLS DR,RANCHO MIRAGE,CA,92270,0,SFR,1,2922,1977,3,2.75,2570040,0,1,404100,103393,74,212119,2018,0,17008,0,DUVAL CNTY HSNG FIN AUTH,2/17/94,300000,,,,2/27/03,390000,0,,,2020-01-01
P1B0015E,676-050-049,RIVERSIDE,149 DESERT WEST DR,RANCHO MIRAGE,CA,92270,,49,USA BIA,,,,,149 DESERT WEST DR,RANCHO MIRAGE,CA,92270,0,SFR,1,2420,1977,3,2.75,2570040,0,1,491800,0,100,114969,2018,0,17008,0,,,,,,,,,0,,,2020-01-01
P1B8E26D,676-040-008,RIVERSIDE,508 DESERT WEST DR,RANCHO MIRAGE,CA,92270,,8,USA BIA,,,,,508 DESERT WEST DR,RANCHO MIRAGE,CA,92270,0,SFR,1,2727,1979,3,2.75,4267,0,1,585400,59347,90,0,0,0,17008,0,STANDARD FEDERAL BANK,5/14/99,200000,,,,5/14/99,265000,0,,,2020-01-01
P1646159,0596-544-02-0000,SAN BERNARDINO,5168 WALLABY ST,YUCCA VALLEY,CA,92284,,37,ARROYO RENEE,,,,,5168 WALLABY ST,YUCCA VALLEY,CA,92284,0,SFR,1,2839,1987,3,2.5,107157,0,1,405600,0,100,320888,2018,3968.3,23003,0,,,,,,,5/9/89,185000,0,,,2020-01-01
P1ADB8D6,0596-034-03-0000,SAN BERNARDINO,5003 MORMAN AVE,YUCCA VALLEY,CA,92284,,"3,3","MCGILL,JOHN A",JOHN,MCGILL,,"BOER,ROBERT",5003 MORMAN AVE,YUCCA VALLEY,CA,92284,0,SFR,1,3467,1966,5,3,113256,0,1,368900,0,100,87251,2018,1116,23003,0,,,,,,,1/25/13,197000,0,,,2020-01-01
P10EA996,3112-233-16-0000,SAN BERNARDINO,20478 KONNAROCK RD,APPLE VALLEY,CA,92307,,76,"SMITH,MARGARET S REVOC TRUST",MARGARET,SMITH,,,20478 KONNAROCK RD,APPLE VALLEY,CA,92307,1,SFR,1,2493,1997,4,2,20100,1,1,354100,0,100,281812,2018,3248,21007,0,,,,,,,5/26/09,249000,0,,,2020-01-01
P118E272,0473-535-02-0000,SAN BERNARDINO,16434 MENAHKA RD,APPLE VALLEY,CA,92307,7972,"800,800","RUVALCABA,RICHARD J & ROMELIA",RICHARD,RUVALCABA,ROMELIA,,16434 MENAHKA RD,APPLE VALLEY,CA,92307,0,SFR,1,2365,1999,4,2,20612,0,1,362700,0,100,248007,2018,2916,21028,0,,,,,,,5/4/99,180000,0,,,2020-01-01
P140EA22,0437-545-32-0000,SAN BERNARDINO,23520 PALA LN,APPLE VALLEY,CA,92307,,,TIMBER CREEK REV LIVING TRUST,TIMBER CREEK REV LIVING TRUST,,,,23520 PALA LN,APPLE VALLEY,CA,92307,0,SFR,0,1979,2004,4,2,91476,0,1,357100,0,100,238000,2018,2891,54002,0,,,,,,,7/23/04,286000,0,,,2020-01-01
P12C9804,0424-051-48-0000,SAN BERNARDINO,31888 SOAPMINE RD,BARSTOW,CA,92311,,,"JERSCHEID,MARGARET A",MARGARET A,JERSCHEID,,,31888 SOAPMINE RD,BARSTOW,CA,92311,1,SFR,1,720,1973,2,1,126324,0,0,375400,0,100,229903,2018,2752.25,56115,0,,,,,,,9/19/89,11500,0,,,2020-01-01
P11B333B,0276-191-11-0000,SAN BERNARDINO,22644 MINONA DR,GRAND TERRACE,CA,92313,,59,"TWISS,JOHN L & DOROTHY R LIV TRUST",JOHN,TWISS,DOROTHY,,22644 MINONA DR,GRAND TERRACE,CA,92313,1,SFR,1,1335,1956,3,1.5,15960,0,1,344200,0,100,56868,2018,656,16001,0,,,,,,,9/28/82,0,0,,,2020-01-01
P10E39BC,0253-281-29-0000,SAN BERNARDINO,731 W EL MOLINO ST,BLOOMINGTON,CA,92316,,"29,29","OEN,LIANG-DJIN & SENG JONG",LIANG-DJIN,OEN,SENG,,731 W EL MOLINO ST,BLOOMINGTON,CA,92316,1,SFR,1,1726,1986,4,3,7700,0,2,391300,0,100,181798,2018,2709,6004,0,,,,,,,,,0,,,2020-01-01
P12D9DF0,0257-231-17-0000,SAN BERNARDINO,11109 LARCH AVE,BLOOMINGTON,CA,92316,SEMI-TROPIC LAND & WATER CO,17,"GONZALEZ,ESTELA",ESTELA,GONZALEZ,,"GARCIA,PEDRO G",11109 LARCH AVE,BLOOMINGTON,CA,92316,0,SFR,1,1305,1961,3,1,21900,0,1,325700,0,100,250920,2018,3284.91,64027,0,,,,,,,9/18/18,290000,0,,,2020-01-01
P14651A5,0256-091-04-0000,SAN BERNARDINO,17827 SANTA ANA AVE,BLOOMINGTON,CA,92316,SEMI-TROPIC LAND &,"478,2","DE LA TORRE,ALFREDO",ALFREDO,DE LA TORRE,,"HERMOSILLO,VERONICA",17827 SANTA ANA AVE,BLOOMINGTON,CA,92316,0,SFR,1,1061,1956,2,1,104544,0,1,477100,0,100,345413,2018,4517,64027,0,,,,,,,11/18/15,332000,0,,,2020-01-01
P1465D00,0256-051-59-0000,SAN BERNARDINO,10853 LOCUST AVE,BLOOMINGTON,CA,92316,SEMI-TROPIC LAND & WATER CO SU,473,FORD FAMILY TRUST,FORD FAMILY TRUST,,,,10853 LOCUST AVE,BLOOMINGTON,CA,92316,1,SFR,1,2370,1967,4,2,26400,0,1,436300,48493,89,107232,2018,1318,64027,0,BANK OF AMERICA,2/17/99,84000,,,,9/30/87,0,0,,,2020-01-01
P14830DC,410-221-016,RIVERSIDE,345 CANYON VIEW DR,CALIMESA,CA,92320,2356,58,"SLEFKIN,ARDITH B TRUST",ARDITH,SLEFKIN,,,345 CANYON VIEW DR,CALIMESA,CA,92320,1,SFR,1,2280,1978,3,4,39204,0,1,467700,26415,94,208746,2018,2492,22026,0,WORLD SAVINGS BANK,2/17/00,40000,,,,2/17/00,173000,0,,,2020-01-01
P14EC214,0250-331-43-0000,SAN BERNARDINO,1989 W QUARTERMASTER ST,COLTON,CA,92324,,"8,8","TORRES,WILLIAM & RUTH",WILLIAM,TORRES,RUTH,,1989 W QUARTERMASTER ST,COLTON,CA,92324,1,SFR,1,1726,1990,4,2.5,4000,0,2,331300,25966,92,185925,2018,2407,2091,0,CITIZENS NATIONAL MORTGAGE SVC,5/27/93,82719,,,,4/27/90,115000,0,,,2020-01-01
P14ECC04,0163-461-27-0000,SAN BERNARDINO,263 LOMA VERDE,COLTON,CA,92324,,"35,35","MORALES,MICHAEL A",MICHAEL,MORALES,,,263 LOMA VERDE,COLTON,CA,92324,0,SFR,1,1806,1979,3,2,19000,0,1,434600,0,100,377400,2018,4954,2009,0,,,,,,,11/15/16,370000,0,,,2020-01-01
P1639D9A,0192-102-03-0000,SAN BERNARDINO,17374 UPLAND AVE,FONTANA,CA,92335,,"7,7","BAYUK,MARY E",MARY,BAYUK,,,17374 UPLAND AVE,FONTANA,CA,92335,1,SFR,1,923,1952,2,1,9450,0,1,317700,7889,98,54883,2018,809,10000,0,BANK OF AMERICA,4/15/94,41000,,,,,,0,,,2020-01-01
P195CA81,0194-181-13-0000,SAN BERNARDINO,9641 TAMARIND AVE,FONTANA,CA,92335,3684,"5,5","FREY,MAHLON D E",MAHLON D,FREY,,,9641 TAMARIND AVE,FONTANA,CA,92335,0,SFR,1,1797,1954,3,1.5,8235,0,1,374400,48748,87,115340,2018,1637,10000,0,WELLS FARGO BANK,2001-05-12,57533,,,,7/20/95,79000,0,,,2020-01-01
P164D6F4,1100-461-43-0000,SAN BERNARDINO,7862 EL DORADO ST,FONTANA,CA,92336,13088,"43,43","WANG,HU",HU,WANG,,"HUANG,TIAN",7862 EL DORADO ST,FONTANA,CA,92336,0,SFR,1,2041,1991,4,3,7500,0,2,495400,0,100,421332,2018,5438,10007,0,,,,,,,2005-05-15,399000,0,,,2020-01-01
P17A7F78,1100-461-45-0000,SAN BERNARDINO,7874 EL DORADO ST,FONTANA,CA,92336,,"45,45",DOMINGUEZ LIVING TRUST,DOMINGUEZ LIVING TRUST,,,,7874 EL DORADO ST,FONTANA,CA,92336,1,SFR,1,2354,1991,4,3,6200,0,2,499800,142664,71,297115,2018,3665,10007,0,PROVIDENT FUNDING ASSOC LP,9/23/10,170000,,,,8/12/92,195000,0,,,2020-01-01
P17BCD2F,0193-611-21-0000,SAN BERNARDINO,11454 LEATHERLEAF RD,FONTANA,CA,92337,14240-1,"21,21","ANAYA,DE GUTIERREZ GLORIA E",DE GUTIERREZ GLORIA,ANAYA,,,11454 LEATHERLEAF RD,FONTANA,CA,92337,0,SFR,1,2454,1998,4,2.5,4000,0,2,440700,0,100,264606,2018,4745,10093,0,,,,,,,2005-09-11,235000,0,,,2020-01-01
P17C56FC,0405-582-31-0000,SAN BERNARDINO,6793 IRIS CT,HESPERIA,CA,92345,,19,"SONG,LING CHAN",LING,SONG,,,6793 IRIS CT,HESPERIA,CA,92345,1,SFR,0,4011,2006,4,3.5,21002,0,1,518700,156205,70,335501,2018,4090,20007,0,EAST WEST BANK,5/16/13,177000,,,,5/16/13,310000,0,,,2020-01-01
P1993F5A,0399-083-08-0000,SAN BERNARDINO,18134 VALENCIA ST,HESPERIA,CA,92345,5181,141,"LITCHFIELD,LYNNE E & BENJAMIN T",LYNNE E,LITCHFIELD,BENJAMIN T,"LITCHFIELD,BENJAMIN T",18134 VALENCIA ST,HESPERIA,CA,92345,1,SFR,1,2993,1965,4,4,45000,0,2,323600,0,100,226993,2018,2485.29,20090,0,,,,,,,2007-02-10,200000,0,,,2020-01-01
P199517B,0413-172-15-0000,SAN BERNARDINO,9358 7TH AVE,HESPERIA,CA,92345,4482,"143,143","TRUJILLO,FELIPE",FELIPE,TRUJILLO,,"GARCIA,TERESA",9358 7TH AVE,HESPERIA,CA,92345,0,SFR,3,2168,1952,3,2,43560,1,1,321200,0,100,131414,2018,1532,20090,0,,,,,,,2001-04-10,45000,0,,,2020-01-01
P17BF048,1210-092-43-0000,SAN BERNARDINO,29193 WHITEGATE LN,HIGHLAND,CA,92346,15625,98,HOFFMAN KIM 2001 LIVING TRUST,,,,,29193 WHITEGATE LN,HIGHLAND,CA,92346,0,SFR,0,2118,1998,3,3,4500,0,2,438600,0,100,396000,2018,5154.33,18001,0,,,,,,,2007-10-17,396000,0,,,2020-01-01
P10F4FAB,0292-521-32-0000,SAN BERNARDINO,25946 BYBEE LN,LOMA LINDA,CA,92354,,48,BAROYA FAMILY LIVING TRUST,,,,,25946 BYBEE LN,LOMA LINDA,CA,92354,0,SFR,0,1782,2004,3,2,5395,0,1,423400,0,100,391100,2018,4933.52,13013,0,,,,,,,,,0,,,2020-01-01
P11BC65F,0293-271-69-0000,SAN BERNARDINO,25780 SUNRISE WAY,LOMA LINDA,CA,92354,,69,"LONDIS,JEFF & YOLANDA",JEFF,LONDIS,YOLANDA,"LONDIS,YOLANDA",25780 SUNRISE WAY,LOMA LINDA,CA,92354,0,SFR,1,1259,1986,3,2,1259,0,1,353800,0,100,109450,2018,1270.46,13037,0,,,,,,,6/21/18,345000,0,,,2020-01-01
P12CD374,0293-311-37-0000,SAN BERNARDINO,25966 VIA ORO,LOMA LINDA,CA,92354,13449,37,PANG MOLLY LIVING TRUST,,,,,25966 VIA ORO,LOMA LINDA,CA,92354,0,SFR,1,1778,1988,4,2,5940,0,1,445900,0,100,245125,2018,5128.95,13037,0,,,,,,,11/17/17,405000,0,,,2020-01-01
P1545208,0284-432-03-0000,SAN BERNARDINO,11525 WELEBIR ST,LOMA LINDA,CA,92354,,"31,31","CIOBANU,MARIN & MARIANA FAMILY TRUST","CIOBANU,MARIN & MARIANA FAMILY TRUST",,,,11525 WELEBIR ST,LOMA LINDA,CA,92354,1,SFR,1,1999,1973,4,2,9975,1,1,463300,97957,79,122876,2018,1481,13003,0,SUNTRUST MORTGAGE INC,2005-01-02,142500,,,,3/20/75,46000,0,,,2020-01-01
P10EC747,0660-331-03-0000,SAN BERNARDINO,836 BEACH DR,NEEDLES,CA,92363,8452,"4,4","CAVANAUGH,WILLIAM JOSEPH & STEPHANIE REXAN",WILLIAM,CAVANAUGH,STEPHANIE,,836 BEACH DR,NEEDLES,CA,92363,0,SFR,1,0,0,0,0,7500,0,0,764600,0,100,663000,2018,8935,3001,0,,,,,,,2005-11-17,650000,0,,,2020-01-01
P1541E7C,0660-292-03-0000,SAN BERNARDINO,712 BEACH DR,NEEDLES,CA,92363,7645,"3,3","MAIN,RANDALL R",RANDALL,MAIN,,"MAIN,KATHERINE",712 BEACH DR,NEEDLES,CA,92363,0,SFR,1,2798,1988,5,3.5,10080,0,2,518400,148016,71,383560,2018,5239,3001,0,J P MORGAN CHASE BANK,2003-09-10,176290,,,,4/17/87,0,0,,,2020-01-01
P1AC7D77,0173-131-17-0000,SAN BERNARDINO,622 ESTHER WAY,REDLANDS,CA,92373,4083,14,COLEMAN & DUNKERKEN,,,,,622 ESTHER WAY,REDLANDS,CA,92373,1,SFR,1,1746,1955,4,2.5,8505,0,1,485200,0,100,85977,2018,1013.54,5000,0,,,,,,,12/27/96,,0,,,2020-01-01
P1AC813F,0175-183-09-0000,SAN BERNARDINO,1346 MONTEREY ST,REDLANDS,CA,92373,1982,"68,68","FRASER,ROBERT J & JOYCE L TRUST",ROBERT,FRASER,JOYCE,,1346 MONTEREY ST,REDLANDS,CA,92373,1,SFR,1,2244,1935,3,2,15125,0,1,518500,0,100,105041,2018,1247,5000,0,,,,,,,,,0,,,2020-01-01
P1B906F0,0173-131-19-0000,SAN BERNARDINO,630 ESTHER WAY,REDLANDS,CA,92373,,12,RHEA FAMILY TRUST,,,,,630 ESTHER WAY,REDLANDS,CA,92373,1,SFR,1,1698,1955,3,2,8505,0,1,475100,0,100,63874,2018,742.65,5000,0,,,,,,,,,0,,,2020-01-01
P10E1AD9,0167-753-14-0000,SAN BERNARDINO,503 HIDALGO AVE,REDLANDS,CA,92374,,"13,13","PLASENCIA,FRANK",FRANK,PLASENCIA,,,503 HIDALGO AVE,REDLANDS,CA,92374,1,SFR,1,1240,1970,4,2,7171,0,1,327000,8269,97,161698,2018,1941,5068,0,BANK OF AMERICA,7/13/98,15000,,,,12/12/89,0,0,,,2020-01-01
P10E1C7F,0168-411-03-0000,SAN BERNARDINO,1464 E BROCKTON AVE,REDLANDS,CA,92374,,3,"GLASS,ROBERTA S",ROBERTA S,GLASS,,,1464 E BROCKTON AVE,REDLANDS,CA,92374,1,SFR,1,1506,1964,3,2,7200,0,1,361300,0,100,89353,2018,1054.92,5000,0,,,,,,,1/22/96,,0,,,2020-01-01
P10E1D4A,1212-071-06-0000,SAN BERNARDINO,823 FRONTIER AVE,REDLANDS,CA,92374,,15,"GODWIN,RALPH O",RALPH O,GODWIN,,,823 FRONTIER AVE,REDLANDS,CA,92374,1,SFR,1,1665,1977,4,2,7446,0,1,384900,0,100,113698,2018,1353.3,5000,0,,,,,,,,,0,,,2020-01-01
P10E212C,0173-491-15-0000,SAN BERNARDINO,1455 DIAMOND CT,REDLANDS,CA,92374,9880,55,"HURST,ROBERT A",ROBERT A,HURST,,,1455 DIAMOND CT,REDLANDS,CA,92374,0,SFR,1,1459,1979,3,2,9500,0,1,395300,0,100,141601,2018,1781.07,5000,0,,,,,,,6/30/80,74000,0,,,2020-01-01
P15383FE,0173-354-12-0000,SAN BERNARDINO,825 CIMARRON DR,REDLANDS,CA,92374,,25,"CHEN,CHIH M & JENNIFER",CHIH M,CHEN,JENNIFER,"CHEN,JENNIFER",825 CIMARRON DR,REDLANDS,CA,92374,0,SFR,1,2360,1964,4,3,7931,0,2,508000,41419,92,276161,2018,3430.23,5000,0,CAL-STAR FINANCIAL SERVICES,12/19/89,121600,IMCO REALTY SERVICES INC,10/31/91,124000,12/19/89,172000,0,,,2020-01-01
P1AE5BAB,0173-354-26-0000,SAN BERNARDINO,1009 DRACENA CT,REDLANDS,CA,92374,,11,VASA DINESH & SHAILA TRUST,,,,,1009 DRACENA CT,REDLANDS,CA,92374,1,SFR,1,1500,1964,4,2.5,7850,0,1,437400,0,100,402900,2018,4897.76,5000,0,,,,,,,2006-06-17,395000,0,,,2020-01-01
P163855B,0127-342-10-0000,SAN BERNARDINO,1054 N ALICE AVE,RIALTO,CA,92376,4198,20,"TITGEN,ANTOINETTE D",ANTOINETTE D,TITGEN,,,1054 N ALICE AVE,RIALTO,CA,92376,1,SFR,1,1308,1956,4,2,8200,0,1,330000,0,100,193331,2018,2812.23,6111,0,,,,,,,8/26/98,0,0,,,2020-01-01
P163855F,0127-383-06-0000,SAN BERNARDINO,392 W HOLLY ST,RIALTO,CA,92376,4889,"35,35","PETERSON,PAUL E TRUST",PAUL,PETERSON,,,392 W HOLLY ST,RIALTO,CA,92376,1,SFR,1,1176,1959,3,2,8408,0,1,330400,0,100,45271,2018,4122,6000,0,,,,,,,,,0,,,2020-01-01
P10E821A,0264-402-09-0000,SAN BERNARDINO,5758 SYCAMORE AVE,RIALTO,CA,92377,,"38,38","NEGRETE,RAYMOND R & MAGDALENA TRUST",RAYMOND,NEGRETE,MAGDALENA,,5758 SYCAMORE AVE,RIALTO,CA,92377,1,SFR,1,2378,1969,4,3,11880,1,1,423400,71854,83,103251,2018,1387,106027,0,WELLS FARGO BANK,4/24/98,130000,,,,,,0,,,2020-01-01
P153A242,0322-382-44-0000,SAN BERNARDINO,11990 CUSTER ST,YUCAIPA,CA,92399,,"10,10","CROSBY,FLOYD L & LOIS A TRUST",FLOYD,CROSBY,LOIS,,11990 CUSTER ST,YUCAIPA,CA,92399,1,SFR,1,1573,1970,3,2,8560,0,1,337600,0,100,64024,2018,738,22002,0,,,,,,,,,0,,,2020-01-01
P178F989,0322-541-09-0000,SAN BERNARDINO,35529 TEJA CT,YUCAIPA,CA,92399,,"3,3","BROWN,JOHN E & ELIZABETH H",JOHN,BROWN,ELIZABETH,,35529 TEJA CT,YUCAIPA,CA,92399,1,SFR,1,1875,1975,3,2,7875,0,1,367500,63814,83,80291,2018,932,22002,0,BANK OF AMERICA,5/30/03,93565,,,,11/7/75,0,0,,,2020-01-01
P11B6EE3,0150-102-10-0000,SAN BERNARDINO,587 COUNTRY CLUB LN,SAN BERNARDINO,CA,92404,1710,97,"HAVENS,REGINA R",REGINA R,HAVENS,,,587 COUNTRY CLUB LN,SAN BERNARDINO,CA,92404,0,SFR,1,1726,1949,2,1,7440,0,1,336200,0,100,295698,2018,3950,7228,0,,,,,,,10/25/16,290000,0,,,2020-01-01
P163B411,0273-352-01-0000,SAN BERNARDINO,6974 ELM AVE,SAN BERNARDINO,CA,92404,,"65,65","FORNEY,LESTER & ROSA L TRUST",LESTER,FORNEY,ROSA,,6974 ELM AVE,SAN BERNARDINO,CA,92404,1,SFR,1,1712,1954,3,2,8228,0,1,306900,0,100,112040,2018,1672,18045,0,,,,,,,,,0,,,2020-01-01
P1AC7861,0154-394-08-0000,SAN BERNARDINO,3965 PARKSIDE DR,SAN BERNARDINO,CA,92404,,"8,8","GEMAR,MARVIN D TRUST",MARVIN,GEMAR,,,3965 PARKSIDE DR,SAN BERNARDINO,CA,92404,1,SFR,1,1492,1955,3,2,8000,0,1,331200,0,100,54766,2018,786,7228,0,,,,,,,12/10/93,0,0,,,2020-01-01
P1AC6D32,0148-082-06-0000,SAN BERNARDINO,2845 LADERA RD,SAN BERNARDINO,CA,92405,SHANDIN HILLS,3,"RUBIO,PATRICIO J & LYNETTE C",PATRICIO,RUBIO,LYNETTE,,2845 LADERA RD,SAN BERNARDINO,CA,92405,0,SFR,1,2899,1946,3,3,12160,1,2,405000,60206,85,181040,2018,2527,7001,0,FEDERAL NATIONAL MORTGAGE ASSN,5/17/96,120250,,,,5/17/96,124000,0,,,2020-01-01
P109B728,0267-122-26-0000,SAN BERNARDINO,2223 OGDEN ST,SAN BERNARDINO,CA,92407,,424,"CHAVEZ,RAUL M",RAUL M,CHAVEZ,,"GUTIERREZ,YAZMIN",2223 OGDEN ST,SAN BERNARDINO,CA,92407,0,SFR,1,1803,1944,4,2,11154,0,1,320000,0,100,260100,2018,3427.96,107156,0,,,,,,,2003-12-19,320000,0,,,2020-01-01
P178AB73,0154-721-13-0000,SAN BERNARDINO,638 W 48TH ST,SAN BERNARDINO,CA,92407,8897,"4,4","JORGENSON,ROBERT L",ROBERT,JORGENSON,,,638 W 48TH ST,SAN BERNARDINO,CA,92407,0,SFR,1,1426,1974,3,2,9280,1,1,308700,0,100,74278,2018,1133,7010,0,,,,,,,10/7/85,0,0,,,2020-01-01
P125A292,0143-072-20-0000,SAN BERNARDINO,1645 MEDICAL CENTER DR,SAN BERNARDINO,CA,92411,RANCHO SAN BERNARDINO,7,NEW HOPE MISSIONARY BAPTIST CHURCH,NEW HOPE MISSIONARY BAPTIST CHURCH,,,,1645 MEDICAL CENTER DR,SAN BERNARDINO,CA,92411,0,SFR,1,1990,1963,4,3,28620,0,1,332500,0,100,232816,2018,163,7001,0,,,,,,,2/14/03,183000,0,,,2020-01-01
P1102C73,246-163-002,RIVERSIDE,3573 LA CIOTAT WAY,RIVERSIDE,CA,92501,RIVERSIDE RIVIERA 3,129,"MACIAS,EDWARD",EDWARD,MACIAS,,,3573 LA CIOTAT WAY,RIVERSIDE,CA,92501,0,SFR,1,977,1959,2,2,8276,0,1,311900,0,100,132350,2018,1493,88080,0,,,,,,,2004-12-12,120000,0,,,2020-01-01
P17D6B37,209-194-002,RIVERSIDE,3846 HOUGHTON AVE,RIVERSIDE,CA,92501,MOORES SUB,5,RANDELIA PROPERTIES INC,,,,,3846 HOUGHTON AVE,RIVERSIDE,CA,92501,0,SFR,2,1556,1932,3,2,6534,0,1,336800,0,100,223686,2018,2585.8,9061,0,,,,,,,2011-01-18,0,0,,,2020-01-01
P1AE2F40,207-033-033,RIVERSIDE,4674 BEACON WAY,RIVERSIDE,CA,92501,BEACON HEIGHTS,12,NEAL 2005 GIFT TRUST,,,,,4674 BEACON WAY,RIVERSIDE,CA,92501,0,SFR,1,1340,1961,3,2,21344,0,1,468900,0,100,394740,2018,4499.96,9000,0,,,,,,,2011-09-16,412000,0,,,2020-01-01
P10F6EF6,132-182-023,RIVERSIDE,3544 GWINNETT DR,RIVERSIDE,CA,92503,,35,"CRUZ,DANIEL A & LINDA",DANIEL A,CRUZ,LINDA,"CRUZ,LINDA",3544 GWINNETT DR,RIVERSIDE,CA,92503,1,SFR,1,1536,1977,3,2,6534,0,1,433600,88000,80,139253,2018,1627.04,9023,0,WELLS FARGO BANK,6/28/07,88000,,,,,,0,,,2020-01-01
P156BF31,190-202-009,RIVERSIDE,6438 RHONDA RD,RIVERSIDE,CA,92504,HALECREST SUN GARDENS 2,156,"SWINFARD,DAVID",DAVID,SWINFARD,,,6438 RHONDA RD,RIVERSIDE,CA,92504,1,SFR,1,1141,1955,3,2,6970,0,1,335500,0,100,26760,2018,304,9002,0,,,,,,,8/1/80,35500,0,,,2020-01-01
P17BDD29,237-151-004,RIVERSIDE,2324 GRACE ST,RIVERSIDE,CA,92504,ARLINGTON HEIGHTS,4,"MITCHELL,JEFFERY J & KIMBERLY S",JEFFERY,MITCHELL,KIMBERLY,,2324 GRACE ST,RIVERSIDE,CA,92504,0,SFR,1,2733,1949,3,4,151153,0,1,809000,175891,78,676008,2018,7662,9002,0,PROVIDENT BK/CINCINNATI,11/30/16,550000,,,,8/26/14,660000,0,,,2020-01-01
P17CB4EB,231-111-029,RIVERSIDE,3705 ROSLYN ST,RIVERSIDE,CA,92504,MAGNOLIA FIELDS SUB,31,"AGUIRRE,GILBERT D",GILBERT,AGUIRRE,,,3705 ROSLYN ST,RIVERSIDE,CA,92504,1,SFR,1,1120,1954,3,1,9148,0,1,429500,0,100,48735,2018,550,9002,0,,,,,,,5/9/96,0,0,,,2020-01-01
P1B94799,193-314-001,RIVERSIDE,8593 MAGNOLIA AVE,RIVERSIDE,CA,92504,MELODY LANE GARDENS,1,"TAYLOR,DONALD K & DUANE A",DONALD,TAYLOR,DUANE,"TAYLOR,GEORGIANA L",8593 MAGNOLIA AVE,RIVERSIDE,CA,92504,0,SFR,1,1587,1920,3,1,9583,0,1,656500,55834,91,85981,2018,1028,9002,0,SOUTH PACIFIC FINANCIAL CORP,9/30/98,98277,,,,9/30/96,30000,0,,,2020-01-01
P1B96493,273-110-024,RIVERSIDE,16460 EVERETTS WAY,RIVERSIDE,CA,92504,,9,"KUHLMAN,ROBERT & MARILYN J TRUST",ROBERT,KUHLMAN,MARILYN,,16460 EVERETTS WAY,RIVERSIDE,CA,92504,1,SFR,1,2059,1975,3,3,23087,0,1,481100,127097,74,222860,2018,2415,88007,0,DIRECTORS MORTGAGE LOAN CORP,2/18/92,117200,WELLS FARGO HOME MORTGAGE INC,2/24/04,137869,9/1/87,132500,0,,,2020-01-01
P154BAD4,149-340-032,RIVERSIDE,5349 NORWOOD AVE,RIVERSIDE,CA,92505,GLEN ARDEN TR,21,"VERSKA,ADAM & ANNA",ADAM,VERSKA,ANNA,,5349 NORWOOD AVE,RIVERSIDE,CA,92505,1,SFR,1,1961,1943,4,2,16117,0,1,594900,0,100,148890,2018,1740,9175,0,,,,,,,7/7/95,0,0,,,2020-01-01
P16587D8,149-350-018,RIVERSIDE,5461 BUSHNELL AVE,RIVERSIDE,CA,92505,CHADBOURNE HEIGHTS,9,FUTURE FORCE INVESTMENTS INC,,,,,5461 BUSHNELL AVE,RIVERSIDE,CA,92505,0,SFR,1,460,1947,3,2,75794,0,1,346600,0,100,119002,2018,1346.14,9176,0,,,,,,,7/23/18,711000,0,,,2020-01-01
P12DBD91,235-082-002,RIVERSIDE,2840 MCKINLEY ST,RIVERSIDE,CA,92506,PLAZA HOMES,31,"COAN,LOUIS B & ARNETA J TRUST",LOUIS,COAN,ARNETA,,2840 MCKINLEY ST,RIVERSIDE,CA,92506,1,SFR,1,1288,1959,3,2,7405,0,1,389300,0,100,49581,2018,560,9045,0,,,,,,,,,0,,,2020-01-01
P12E4A55,235-370-033,RIVERSIDE,2662 MARLEY DR,RIVERSIDE,CA,92506,,17,"BUCHHOLZ,LAWRENCE A & AOLIA P",LAWRENCE,BUCHHOLZ,AOLIA,,2662 MARLEY DR,RIVERSIDE,CA,92506,1,SFR,1,2399,1984,3,3,13068,0,1,583500,0,100,338257,2018,3789,9002,0,,,,,,,6/1/85,189500,0,,,2020-01-01
P1AE29C4,222-093-011,RIVERSIDE,2224 RAWLINGS PL,RIVERSIDE,CA,92506,VICTORIA RANCH,19,"MAGI,ENN & NANCY LITCHFIELD TRUST",ENN,MAGI,NANCY,,2224 RAWLINGS PL,RIVERSIDE,CA,92506,1,SFR,1,2220,1954,3,2,33977,1,1,549600,124398,77,206526,2018,2316,9002,0,PROVIDENT SAVINGS BANK,9/14/93,155000,BANK OF AMERICA NA,2006-06-18,100000,6/1/76,0,0,,,2020-01-01
P1AE92A1,225-021-017,RIVERSIDE,4226 JURUPA AVE,RIVERSIDE,CA,92506,GROFTHOLDT SUB,9,"PACE,REGINA H",REGINA,PACE,,,4226 JURUPA AVE,RIVERSIDE,CA,92506,0,SFR,1,1208,1922,2,1,7841,0,1,407800,0,100,37555,2018,503,9000,0,,,,,,,,,0,,,2020-01-01
P1B0597A,217-242-039,RIVERSIDE,4079 BEECHWOOD PL,RIVERSIDE,CA,92506,SOUTHERN CALIFORNIA COLONY ASS,199,"STRONG,MARGARET M",MARGARET,STRONG,,,4079 BEECHWOOD PL,RIVERSIDE,CA,92506,0,SFR,1,947,1948,2,1,5227,0,1,416500,114444,73,190282,2018,2211,9000,0,LEND PLUS,9/22/16,120000,,,,2006-10-11,169000,0,,,2020-01-01
P1B9548A,241-110-003,RIVERSIDE,2555 HORACE ST,RIVERSIDE,CA,92506,ARLINTON HEIGHTS,4,"HARSHMAN,JOYCE C",JOYCE,HARSHMAN,,"PERRICONE,RUDE VIVIAN J",2555 HORACE ST,RIVERSIDE,CA,92506,1,SFR,1,2269,1966,3,3,22651,0,1,597500,0,100,137688,2018,1546,9002,0,,,,,,,2011-07-05,0,0,,,2020-01-01
P16530AB,251-084-009,RIVERSIDE,515 ALTA MESA DR,RIVERSIDE,CA,92507,UNIVERSITY HIGHLANDS 1,41,"CHRISTIANSEN,SHIRLEY A TRUST",SHIRLEY,CHRISTIANSEN,,,515 ALTA MESA DR,RIVERSIDE,CA,92507,1,SFR,1,1164,1959,3,2,7841,0,1,382600,924,100,51726,2018,584,9002,0,BENEFICIAL CALIFORNIA INC,10/13/92,6450,,,,1/1/71,0,0,,,2020-01-01
P17B0EC3,253-141-012,RIVERSIDE,266 FROST CT,RIVERSIDE,CA,92507,UNIVERSITY HILLS #3,,REGENTS OF THE UNIVERSITY OF CALIF,REGENTS OF THE UNIVERSITY OF CALIF,,,,266 FROST CT,RIVERSIDE,CA,92507,0,SFR,1,2622,1952,3,3,53579,0,1,735800,90235,88,263205,2018,0,9002,0,TEMPLE-INLAND MORTGAGE CORP,8/6/99,144000,,,,6/29/15,0,0,,,2020-01-01
P17C8E94,221-051-013,RIVERSIDE,4078 DOUGLASS AVE,RIVERSIDE,CA,92507,UNIVERSITY SQUARE ADD,13,"SANDOVAL,GILBERT & KRYSTAL A",GILBERT,SANDOVAL,KRYSTAL,"SANDOVAL,KARA A",4078 DOUGLASS AVE,RIVERSIDE,CA,92507,1,SFR,1,1108,1946,3,1,6534,0,1,321800,0,100,154814,2018,1737,9000,0,,,,,,,2003-10-11,137500,0,,,2020-01-01
P1ADFC92,221-142-014,RIVERSIDE,4435 ANGELO ST,RIVERSIDE,CA,92507,UNIVERSITY ESTATES,17,"CERVANTES,GUDELIA OSEGUERA",GUDELIA,CERVANTES,,,4435 ANGELO ST,RIVERSIDE,CA,92507,0,SFR,1,1018,1952,4,2,6970,0,1,327000,9055,97,172372,2018,2011,9000,0,MARIA C GHEORGHE,2001-10-14,10000,,,,2001-10-14,30000,0,,,2020-01-01
P1AE96CD,254-032-004,RIVERSIDE,4965 LEAFHILL PL,RIVERSIDE,CA,92507,,28,HENDRCIKS WAVE J TRUST,,,,,4965 LEAFHILL PL,RIVERSIDE,CA,92507,0,SFR,1,1574,1962,4,2,11326,0,1,437100,0,100,73989,2018,833.3,9009,0,,,,,,,3/1/70,0,0,,,2020-01-01
P1AF12EC,221-192-020,RIVERSIDE,2448 RANCHO DR,RIVERSIDE,CA,92507,WALLING VIEW TR,14,"MUNOZ,DAVID VASQUEZ & MARY E",DAVID,MUNOZ,MARY,,2448 RANCHO DR,RIVERSIDE,CA,92507,1,SFR,1,2028,1951,3,3,9583,0,1,425900,0,100,45561,2018,515,9002,0,,,,,,,11/29/06,0,0,,,2020-01-01
P1B95379,221-262-002,RIVERSIDE,4847 SEDGWICK AVE,RIVERSIDE,CA,92507,,1,"HUNG,CHIH MING",CHIH,HUNG,,"HUANG,KING CHAI",4847 SEDGWICK AVE,RIVERSIDE,CA,92507,1,SFR,1,2022,1976,3,3,15682,0,1,543700,0,100,492660,2018,5509,9002,0,,,,,,,10/28/16,483000,0,,,2020-01-01
P12DB963,165-130-003,RIVERSIDE,6091 HUDSON ST,RIVERSIDE,CA,92509,FAIRHAVEN FARMS,21,"RODRIGUEZ,EMILIO",EMILIO,RODRIGUEZ,,,6091 HUDSON ST,RIVERSIDE,CA,92509,0,SFR,1,1314,1952,4,2,18295,0,1,384500,0,100,98920,2018,1121,28033,0,,,,,,,5/17/13,30000,0,,,2020-01-01
P165269A,173-070-012,RIVERSIDE,3666 LINDSAY ST,RIVERSIDE,CA,92509,RESUB GLEN AVON HEIGHTS,13,"MORALES,TERRY J & ALMA TRUST",TERRY,MORALES,ALMA,,3666 LINDSAY ST,RIVERSIDE,CA,92509,0,SFR,1,662,1940,1,1,104108,0,1,342000,0,100,200454,2018,2257,28113,0,,,,,,,,,0,,,2020-01-01
P17BCF1D,173-070-013,RIVERSIDE,3678 LINDSAY ST,RIVERSIDE,CA,92509,RESUB GLEN AVON HEIGHTS,20,"MORALES,TERRY J & ALMA TRUST",TERRY,MORALES,ALMA,,3666 LINDSAY ST,RIVERSIDE,CA,92509,0,SFR,1,490,1928,1,1,104108,0,1,397200,55747,86,191129,2018,2154,28113,0,GREAT WSTRN BK FSB,8/31/93,172800,,,,,,0,,,2020-01-01
P1AE1C65,171-180-024,RIVERSIDE,7996 MISSION BLVD,RIVERSIDE,CA,92509,,1,STKH TEMPLE RIVERSIDE,STKH TEMPLE RIVERSIDE,,,,7996 MISSION BLVD,RIVERSIDE,CA,92509,0,SFR,1,1273,1940,4,2,37026,0,1,431600,0,100,169889,2018,1906,28115,0,,,,,,,11/8/96,139000,0,,,2020-01-01
P1560542,551-372-013,RIVERSIDE,43104 QUINCY CT,HEMET,CA,92544,,29,"MOHR,BARBARA J",BARBARA J,MOHR,,,43104 QUINCY CT,HEMET,CA,92544,0,SFR,1,2333,1984,3,3,12197,1,1,310600,0,100,158375,2018,1814.16,71024,0,,,,,,,,,0,,,2020-01-01
P17CEA9F,551-263-011,RIVERSIDE,25901 SAN MARINO LN,HEMET,CA,92544,,8,"DAVIS,WILLIAM S",WILLIAM,DAVIS,,,25901 SAN MARINO LN,HEMET,CA,92544,0,SFR,1,2184,1982,3,3,10454,0,1,324400,0,100,211034,2018,2403,71024,0,,,,,,,5/17/13,195000,0,,,2020-01-01
P17CF60E,551-190-041,RIVERSIDE,5008 HEATH WAY,HEMET,CA,92544,HEMET LAND CO,2,"SADA,RICHARD & SANDRA G",RICHARD,SADA,SANDRA,,5008 HEATH WAY,HEMET,CA,92544,1,SFR,1,1841,1977,3,2,87120,0,1,317200,0,100,176810,2018,1959,6130,0,,,,,,,11/1/78,85000,0,,,2020-01-01
P17D1F39,552-200-003,RIVERSIDE,42921 JOHNSTON AVE,HEMET,CA,92544,FAIRVIEW TR,116,"GILBERT,JERRY G & BARBARA J",JERRY,GILBERT,BARBARA,GILBERT TRUST,2961 SAMMY DAVIS JR DR,LAS VEGAS,NV,89109,0,SFR,1,2206,1968,3,3,39640,0,1,353900,0,100,119455,2018,1379,71024,0,,,,,,,10/1/73,30000,0,,,2020-01-01
P19919AA,552-282-002,RIVERSIDE,42061 FERGUSON DR,HEMET,CA,92544,,35,"PALMER,PHILIP E & SHARON G",PHILIP,PALMER,SHARON,,42061 FERGUSON DR,HEMET,CA,92544,1,SFR,1,2304,1979,4,2,7405,1,1,323700,8644,97,196617,2018,2894,71024,0,FIRST INTERSTATE BANK CALIFORN,7/22/91,38403,,,,9/1/83,108000,0,,,2020-01-01
P155FDCE,486-387-004,RIVERSIDE,25875 LA BARCA RD,MORENO VALLEY,CA,92551,,197,"RIVERA,ALBERT & NORMA",ALBERT,RIVERA,NORMA,,25875 LA BARCA RD,MORENO VALLEY,CA,92551,0,SFR,1,2593,1989,4,3,6098,0,2,391300,65695,83,320184,2018,3812,21388,0,BANK OF AMERICA,2001-05-04,93272,,,,10/1/90,203000,0,,,2020-01-01
P110EA9F,479-441-004,RIVERSIDE,13675 DAIMLER ST,MORENO VALLEY,CA,92553,,56,"LAPHAM,STEPHEN R",STEPHEN,LAPHAM,,,13675 DAIMLER ST,MORENO VALLEY,CA,92553,0,SFR,1,1856,1985,4,3,7405,1,2,326600,0,100,255000,2018,3253,21173,0,,,,,,,7/27/16,250000,0,,,2020-01-01
P16598B4,260-312-004,RIVERSIDE,10089 THORNBIRD CT,MORENO VALLEY,CA,92557,,84,"GONZALES,TOM ARONOLD",TOM,GONZALES,,"LINARES,MARLENE",10089 THORNBIRD CT,MORENO VALLEY,CA,92557,0,SFR,1,2150,1994,3,3,5663,0,2,386800,0,100,326400,2018,3808,21293,0,,,,,,,2012-09-16,320000,0,,,2020-01-01
P1669BC6,259-510-010,RIVERSIDE,23646 DESCANSO DR,MORENO VALLEY,CA,92557,,13,"NUNEZ,OBESO CECILIA GABRIELA",OBESO CECILIA,NUNEZ,,,23646 DESCANSO DR,MORENO VALLEY,CA,92557,0,SFR,0,2962,2004,4,4,16117,0,2,498000,0,100,414772,2018,6077,21454,0,,,,,,,2003-03-15,386500,0,,,2020-01-01
P17BAEF3,474-576-012,RIVERSIDE,24814 FAIR DAWN LN,MORENO VALLEY,CA,92557,,89,"FUENTES,CECILIA M",CECILIA,FUENTES,,,24814 FAIR DAWN LN,MORENO VALLEY,CA,92557,0,SFR,1,2481,1987,4,3,12632,1,4,456200,0,100,253338,2018,2981,21124,0,,,,,,,6/20/00,235000,0,,,2020-01-01
P1560ED2,947-123-004,RIVERSIDE,36147 VENCE DR,MURRIETA,CA,92562,,45,"MICHEL,SILVIA GEORGE",SILVIA,MICHEL,,,36147 VENCE DR,MURRIETA,CA,92562,0,SFR,1,1290,1988,3,2,7841,0,1,373600,0,100,307958,2018,3722,24017,0,,,,,,,10/16/15,296000,0,,,2020-01-01
P1A6D75D,311-461-003,RIVERSIDE,170 LADY BELL WAY,PERRIS,CA,92571,,27,"ZHOU,WEN",WEN,ZHOU,,,170 LADY BELL WAY,PERRIS,CA,92571,0,SFR,0,2462,2006,4,3,7841,0,2,344900,0,100,227267,2018,3561,8155,0,,,,,,,4/22/13,210000,0,,,2020-01-01
P17E2EB5,338-194-011,RIVERSIDE,26230 COLUMBUS DR,SUN CITY,CA,92586,,52,"LANTZ,HOWARD R & IRENE E",HOWARD,LANTZ,IRENE,,26230 COLUMBUS DR,SUN CITY,CA,92586,1,SFR,1,1715,1989,3,2,8276,0,1,316900,0,100,177484,2018,2070,26056,0,,,,,,,9/19/12,164000,0,,,2020-01-01
P12E93C7,921-223-003,RIVERSIDE,30760 SAN PASQUAL RD,TEMECULA,CA,92591,,32,"CHERPIN,JOSEPH E & COLLEEN F",JOSEPH E,CHERPIN,COLLEEN F,"CHERPIN,COLLEEN F",30760 SAN PASQUAL RD,TEMECULA,CA,92591,1,SFR,1,1782,1978,3,3,27443,0,2,474500,0,100,141998,2018,1844.14,13004,0,,,,,,,10/1/76,8000,0,,,2020-01-01
P11B6BB3,962-520-009,RIVERSIDE,32247 BEAVER CREEK LN,TEMECULA,CA,92592,,43,"YOU,JASMINE JIAN",JASMINE,YOU,,"LI,DONG YONG",32247 BEAVER CREEK LN,TEMECULA,CA,92592,0,SFR,0,3601,2009,4,3,7405,0,2,592800,0,100,499800,2018,9234,13004,0,,,,,,,2010-07-16,490000,0,,,2020-01-01
P1AFBF4C,966-021-010,RIVERSIDE,33588 SPRING BROOK CIR,TEMECULA,CA,92592,,77,"AGBULOS,EUSTAQUIO C & BEVENCIA V",EUSTAQUIO,AGBULOS,BEVENCIA,,33588 SPRING BROOK CIR,TEMECULA,CA,92592,1,SFR,0,3573,2004,4,3,11761,0,2,659000,119122,82,557000,2018,8344,94197,0,MORTGAGE CAP ASSOC,7/30/04,333700,,,,7/30/04,467000,0,,,2020-01-01
P1BF9524,962-593-014,RIVERSIDE,31881 RED PINE WAY,TEMECULA,CA,92592,,"7,5","KALTHOFF,DENNIS & KENNETH",DENNIS,KALTHOFF,KENNETH,"KALTHOFF,ANGELA",31881 RED PINE WAY,TEMECULA,CA,92592,0,SFR,0,1846,2011,3,3,2178,0,2,414200,0,100,294437,2018,5412,13004,0,,,,,,,,,0,,,2020-01-01
P17AE099,153-231-023,RIVERSIDE,4410 CRESTVIEW DR,NORCO,CA,92860,NORCO FARMS TR 3,9,"OBRADOVITZ,SUSAN G",SUSAN,OBRADOVITZ,,,4410 CRESTVIEW DR,NORCO,CA,92860,1,SFR,1,1475,1962,3,2,13068,1,1,436000,35826,92,81196,2018,844,15007,0,BANK OF AMERICA,4/22/04,50000,,,,7/1/67,0,0,,,2020-01-01
P1A33480,153-221-013,RIVERSIDE,4513 CALIFORNIA AVE,NORCO,CA,92860,NORCO FARMS TR 3,6,MONZINGO SAMANTHA TRUST,,,,"WESTERGREN,MATTHEW J",4513 CALIFORNIA AVE,NORCO,CA,92860,1,SFR,1,1566,1972,3,2,23958,0,1,563200,150000,73,531000,2018,5831.04,15007,0,QUICKEN LOANS INC,5/15/19,150000,,,,7/14/17,531000,0,,,2020-01-01
P14FE9F0,164-081-029,RIVERSIDE,6436 LAVENDER ST,EASTVALE,CA,92880,,52,"YANG,HOWARD C",HOWARD C,YANG,,,6436 LAVENDER ST,EASTVALE,CA,92880,0,SFR,1,3099,1999,4,3,7405,0,2,581800,81078,86,337292,2018,5835.76,27002,0,WELLS FARGO HM MTG INC,2007-11-02,238500,,,,,,0,,,2020-01-01
P1503AEC,152-471-007,RIVERSIDE,7531 STONEGATE DR,EASTVALE,CA,92880,,13,"PATEL,TUSHAR B & ANJANA T",TUSHAR B,PATEL,ANJANA T,"PATEL,ANJANA T",7531 STONEGATE DR,EASTVALE,CA,92880,0,SFR,0,4288,2008,4,5,6970,0,2,730400,0,100,510497,2018,9526.78,27020,0,,,,,,,4/27/18,700000,0,,,2020-01-01
P11C726A,102-602-022,RIVERSIDE,1171 VISTA LOMAS LN,CORONA,CA,92882,,38,"BRAUD,BROWNSYN JOANNE",BROWNSYN,BRAUD,,,1171 VISTA LOMAS LN,CORONA,CA,92882,1,SFR,1,2314,1989,4,3,5663,0,2,598400,124286,79,454014,2018,5628,4047,0,GMAC MORTGAGE CORP,1/29/02,181400,,,,1/1/90,277500,0,,,2020-01-01
P1504284,103-261-021,RIVERSIDE,1111 GREENHILL WAY,CORONA,CA,92882,,51,"HAM,RICHARD & EVELYN",RICHARD,HAM,EVELYN,"HAM,EVELYN",1111 GREENHILL WAY,CORONA,CA,92882,0,SFR,0,720,1976,2,2,3920,0,1,316400,0,100,100000,2018,1145.22,4003,0,,,,,,,2010-05-18,329500,0,,,2020-01-01
P1500874,290-611-006,RIVERSIDE,24311 SWIFT DEER TRL,CORONA,CA,92883,,19,LE THI H HOA,H,THI,,,24311 SWIFT DEER TRL,CORONA,CA,92883,0,SFR,0,3356,2007,3,3,6970,0,2,582700,0,100,411254,2018,4985,59126,0,,,,,,,4/26/13,380000,0,,,2020-01-01
