RADAR ID,APN,COUNTY,ADDRESS,CITY,STATE,ZIP,SUBDIVISION,LOTNUMBER,OWNER,OWNER FIRST NAME,OWNER LAST NAME,OWNER SPOUSE FIRST NAME,OWNER 2,OWNER ADDRESS,OWNER CITY,OWNER STATE,OWNER ZIP,PRIMARY RESIDENCE,PROPERTY TYPE,UNIT,SQFT,YEAR BUILT,BEDS,BATHS,LOTSIZE,POOL,STORIES,ESTIMATED VALUE,ESTIMATED TOTAL LOAN BALANCE,EQUITY PERCENT,ASSESSED VALUE,ASSESSED YEAR,ANNUAL TAXES,TAX RATE AREA,IN FORECLOSURE,FIRST LOAN LENDER,FIRST LOAN DATE,FIRST LOAN AMOUNT,SECOND LOAN LENDER,SECOND LOAN DATE,SECOND LOAN AMOUNT,TRANSFER DATE,TRANSFER AMOUNT,LISTED FOR SALE,LISTING TYPE,LISTING PRICE,DATE
P1041EF3,2213-012-013,LOS ANGELES,8139 MATILIJA AVE,VAN NUYS,CA,91402,16679,151,"HENDERSON,DANIEL W JR",DANIEL,HENDERSON,,,8139 MATILIJA AVE,VAN NUYS,CA,91402,0,SFR,1,1040,1950,3,1,5923,1,1,526200,0,100,69750,2018,1016,13,0,,,,,,,,,0,,,2019-08-01
P106A090,7136-005-014,LOS ANGELES,1419 E LURAY ST,LONG BEACH,CA,90807,12854,14,"LABORDE,ALICE D",ALICE,LABORDE,,,1419 E LURAY ST,LONG BEACH,CA,90807,0,SFR,1,812,1942,2,1,7222,0,1,513300,0,100,51653,2018,880,5500,0,,,,,,,,,0,,,2019-08-01
P10785EA,8665-003-015,LOS ANGELES,1412 N CATARACT AVE,SAN DIMAS,CA,91773,SAN JOSE RHO ADD,5,"PIKE,ROGER A & REBECCA A TR",ROGER,PIKE,REBECCA,PIKE FAMILY TRUST,1412 N CATARACT AVE,SAN DIMAS,CA,91773,1,SFR,1,1535,1956,2,2,16821,0,0,659700,200616,70,290410,2018,3646,6292,0,BANK OF AMERICA,12/14/12,229000,,,,8/30/99,215000,0,,,2019-08-01
P114F66E,107-022-012,SANTA BARBARA,571 ASTER PL,SANTA MARIA,CA,93455,,53,"BUMANN,FREDRICK C & MARY J",FREDRICK C,BUMANN,MARY J,"BUMANN,MARY J",571 ASTER PL,SANTA MARIA,CA,93455,1,SFR,1,1234,1959,3,1.75,10454,0,0,353400,29759,92,58901,2018,1610.62,80041,0,WELLS FARGO BANK,6/16/93,100000,,,,8/8/80,49000,0,,,2019-08-01
P1215839,8545-001-011,LOS ANGELES,12045 RANCHITO ST,EL MONTE,CA,91732,10545,17,"HOANG,ICH G",ICH G,HOANG,,"QUACH,ALAN V",12045 RANCHITO ST,EL MONTE,CA,91732,0,SFR,1,1826,1936,5,3,27647,0,1,749800,215532,71,517947,2018,7818.72,3621,0,T J FINANCIAL INC,5/24/11,250000,,,,5/24/11,460000,0,,,2019-08-01
P1293C14,007-861-003,SAN LUIS OBISPO,286 STAGECOACH RD,ARROYO GRANDE,CA,93420,555 UN 01,3,BOWERS DEBBIE L (TE),DEBBIE L,BOWERS,,,286 STAGECOACH RD,ARROYO GRANDE,CA,93420,1,SFR,1,1272,1979,3,3,6666,0,2,590000,100000,83,291309,2018,3153.2,1000,0,BANK OF AMERICA CALIFORNIA NA,2004-05-18,100000,,,,11/14/83,160000,0,,,2019-08-01
P137DF37,8032-004-004,LOS ANGELES,12027 EDDERTON AVE,WHITTIER,CA,90604,17941,215,"MORGAN,H M & M TRUST",H,MORGAN,M,,12027 EDDERTON AVE,WHITTIER,CA,90604,1,SFR,1,1045,1954,3,1,5772,0,1,517700,0,100,247361,2018,3239,6802,0,,,,,,,6/28/90,91000,0,,,2019-08-01
P15AFB45,6248-010-018,LOS ANGELES,11527 HORLEY AVE,DOWNEY,CA,90241,15942,238,"GRIFFIN,ROBERT M CO TR TRUST",ROBERT,GRIFFIN,,,11527 HORLEY AVE,DOWNEY,CA,90241,1,SFR,1,1401,1950,3,1,5760,0,1,570300,100000,82,83809,2018,1202,3305,0,BANK OF AMERICA,2/19/03,100000,,,,2/20/80,0,0,,,2019-08-01
P15B453E,8476-023-028,LOS ANGELES,523 S DAWLEY AVE,WEST COVINA,CA,91790,19167,21,TADROS MARGARET A FAMILY TRUST,,,,,523 S DAWLEY AVE,WEST COVINA,CA,91790,1,SFR,1,1794,1957,3,2,10181,1,1,640300,0,100,88460,2018,1392.84,9495,0,,,,,,,7/23/75,40182,0,,,2019-08-01
P15BA92E,6004-020-002,LOS ANGELES,619 W 65TH ST,LOS ANGELES,CA,90044,BURKE BROS ADD,356,"MINAFEE,SAMMIE J",SAMMIE J,MINAFEE,,"BROWN,ROBERT E",619 W 65TH ST,LOS ANGELES,CA,90044,1,SFR,1,936,1922,2,1,4051,0,1,426900,0,100,28169,2018,417.29,212,0,,,,,,,3/19/93,13000,0,,,2019-08-01
P16A8B27,6117-008-018,LOS ANGELES,12126 AINSWORTH ST,LOS ANGELES,CA,90044,1243,28,"COBETTE,BETTIE J LIVING TRUST",BETTIE,COBETTE,,,12126 AINSWORTH ST,LOS ANGELES,CA,90044,0,SFR,1,1342,1946,3,1,5101,0,1,514900,78800,85,82180,2018,1318,19,0,WELLS FARGO BK,2007-08-04,247000,US BANK NA ND,4/15/08,20001,2007-08-04,260000,0,,,2019-08-01
P16BC5CF,8248-010-005,LOS ANGELES,17028 POCONO ST,LA PUENTE,CA,91744,21408,46,"HOUGENSEN,JOYCE H",JOYCE,HOUGENSEN,,,17028 POCONO ST,LA PUENTE,CA,91744,0,SFR,1,1242,1955,3,2,5855,1,1,504900,100000,80,55102,2018,1056,5613,0,WASHINGTON MUTUAL FSB,2/15/07,100000,,,,8/23/88,0,0,,,2019-08-01
P183DDE6,2409-014-028,LOS ANGELES,10724 LULL ST,SUN VALLEY,CA,91352,12054,70,"GUZMAN,JIMMIE & ROSALBA",JIMMIE,GUZMAN,ROSALBA,,10724 LULL ST,SUN VALLEY,CA,91352,0,SFR,1,1488,1948,3,2,7139,0,1,592300,161130,73,404968,2018,4912,13,0,LOS ANGELES FCU,8/31/04,184000,WASHINGTON MUTUAL FSB,2012-12-06,100000,12/19/00,0,0,,,2019-08-01
P18656F8,5457-025-020,LOS ANGELES,2811 W AVENUE 34,LOS ANGELES,CA,90065,WASHINGTON PARK,125,"SOLIS,DAVID",DAVID,SOLIS,,,2811 W AVENUE 34,LOS ANGELES,CA,90065,1,SFR,1,1160,1921,2,2,5850,0,1,681900,56359,92,64843,2018,820,13,0,BANK OF AMERICA,5/11/94,47000,,10/8/96,45000,10/8/96,93000,0,,,2019-08-01
P187F56F,6253-010-038,LOS ANGELES,8448 7TH ST,DOWNEY,CA,90241,24446,1,"PETERS,JEAN H TRUST",JEAN,PETERS,,,8448 7TH ST,DOWNEY,CA,90241,0,SFR,1,1719,1958,3,2,4998,0,1,690900,0,100,91932,2018,354,3304,0,,,,,,,11/22/85,0,0,,,2019-08-01
P1891D3A,6249-019-018,LOS ANGELES,7509 FOSTORIA ST,DOWNEY,CA,90241,16445,106,"MEURSINGE,PETER & PATRICIA TR",PETER,MEURSINGE,PATRICIA,MEURSINGE TRUST,7509 FOSTORIA ST,DOWNEY,CA,90241,1,SFR,1,1378,1950,4,1,7537,0,1,603700,0,100,92784,2018,1311,3304,0,,,,,,,,,0,,,2019-08-01
P18986A8,6253-010-006,LOS ANGELES,8408 7TH ST,DOWNEY,CA,90241,16622,10,"COLWELL,BARBARA E",BARBARA E,COLWELL,,,8408 7TH ST,DOWNEY,CA,90241,1,SFR,1,1085,1951,3,1,5994,0,1,549200,135659,75,58338,2018,917.27,3304,0,BANK OF AMERICA,1/31/12,160654,,,,6/18/02,230000,0,,,2019-08-01
P13FF829,234-141-08,ORANGE,943 S CLAUDINA ST,ANAHEIM,CA,92805,,7,"CROWDER,MAX R",MAX R,CROWDER,,,943 S CLAUDINA ST,ANAHEIM,CA,92805,1,SFR,1,1215,1950,3,2,6300,0,1,515000,0,100,52601,2018,865.86,1001,0,,,,,,,,,0,,,2019-08-01
P19D5D8A,7186-006-005,LOS ANGELES,6218 E CONANT ST,LONG BEACH,CA,90808,14261,85,"GIVEEN,ELIZABETH F TRUST",ELIZABETH,GIVEEN,,,6218 E CONANT ST,LONG BEACH,CA,90808,1,SFR,1,887,1950,2,1,5154,0,1,624200,10525,98,64363,2018,947,5517,0,ALLAN K ROLLOVER,8/29/03,30900,,,,10/2/86,0,0,,,2019-08-01
P1B3673E,8224-028-003,LOS ANGELES,15641 JANINE DR,WHITTIER,CA,90603,19859,6,"DANIEL,PAUL B TRUST",PAUL,DANIEL,,,PO BOX 366,WHITTIER,CA,90608,0,SFR,1,2421,1954,4,3,15148,1,1,921400,0,100,323760,2018,4236,3575,0,,,,,,,1/3/86,0,0,,,2019-08-01
P19E46CB,6065-014-008,LOS ANGELES,1563 E 108TH ST,LOS ANGELES,CA,90059,2,49,"LAWRENCE,JOHN T & CLIFFORD E",JOHN T,LAWRENCE,CLIFFORD E,"LAWRENCE,CLIFFORD E",1563 E 108TH ST,LOS ANGELES,CA,90059,0,SFR,1,1170,1920,3,1,7693,0,1,389100,22383,94,18478,2018,623.01,460,0,DEBORAH WILEY,2008-11-14,25000,,,,,,0,,,2019-08-01
P19C3DAE,7065-012-024,LOS ANGELES,11521 MASSINGER ST,LAKEWOOD,CA,90715,21664,40,"SMILDE,EDWARD FAMILY TRUST","SMILDE,EDWARD FAMILY TRUST",,,,PO BOX 564,SAN JUAN CAPISTRANO,CA,92693,0,SFR,1,1064,1959,3,1,5001,0,1,544600,0,100,154734,2018,2067,2467,0,,,,,,,11/16/83,85000,0,,,2019-08-01
P1B431A9,8588-018-002,LOS ANGELES,9907 NADINE ST,TEMPLE CITY,CA,91780,17002,11,"GRIFFITHS,DOROTHY A TRUST",DOROTHY,GRIFFITHS,,GRIFFITHS TRUST,9907 NADINE ST,TEMPLE CITY,CA,91780,1,SFR,1,1132,1951,3,1,6232,0,1,765300,0,100,58126,2018,981,9285,0,,,,,,,,,0,,,2019-08-01
P19ED6B7,5023-024-018,LOS ANGELES,4139 3RD AVE,LOS ANGELES,CA,90008,2195,316,"ALLEN,VICTOR L",VICTOR,ALLEN,,,425 BLUEBONNET TRL,GARLAND,TX,75043,0,SFR,1,1020,1924,2,1,5841,0,1,642000,0,100,201228,2018,2540,68,0,,,,,,,,,0,,,2019-08-01
P1A3A255,8070-024-017,LOS ANGELES,14346 MARILLA AVE,NORWALK,CA,90650,6234,"24,23","OHANA,HERMELINDA",HERMELINDA,OHANA,,,903 N HOBART BLVD APT 24,LOS ANGELES,CA,90029,0,SFR,1,936,1905,3,2,7981,0,1,442300,0,100,23868,2018,729,6761,0,,,,,,,,,0,,,2019-08-01
P13F5706,5852-012-028,LOS ANGELES,2186 NEW YORK DR,ALTADENA,CA,91001,875,7,"STEPHEN,GARY C",GARY,STEPHEN,,,2186 NEW YORK DR,ALTADENA,CA,91001,0,SFR,1,1134,1946,2,1,6889,0,1,654600,0,100,91610,2018,1457,10430,0,,,,,,,,,0,,,2019-08-01
P1B47D56,6212-022-040,LOS ANGELES,3005 SANTA ANA ST,SOUTH GATE,CA,90280,2262,944,"DESPOT,MICHAEL",MICHAEL,DESPOT,,,1108 W LAS PALMAS DR,FULLERTON,CA,92835,0,SFR,1,1008,1926,2,1,5257,0,1,435300,0,100,41751,2018,946,664,0,,,,,,,,,0,,,2019-08-01
P14EF64F,6334-014-003,LOS ANGELES,2513 TRAVERS AVE,COMMERCE,CA,90040,10556,26,"ESQUIVEL,ERMINIA & JULIAN",ERMINIA,ESQUIVEL,JULIAN,,2513 TRAVERS AVE,COMMERCE,CA,90040,0,SFR,1,817,1944,2,1,5399,0,1,446000,0,100,53676,2018,948,6518,0,,,,,,,,,0,,,2019-08-01
P19EFD00,6068-001-019,LOS ANGELES,10722 ANZAC AVE,LOS ANGELES,CA,90059,5432,18,"GUTIERREZ,ELISA S",ELISA,GUTIERREZ,,,10722 ANZAC AVE,LOS ANGELES,CA,90059,1,SFR,1,720,1923,2,1,5195,0,1,335300,0,100,10067,2018,423,460,0,,,,,,,8/16/02,0,0,,,2019-08-01
P19FBA45,6052-001-017,LOS ANGELES,154 E 99TH ST,LOS ANGELES,CA,90003,6602,90,"KEELE,ESTHER L",ESTHER,KEELE,,,154 E 99TH ST,LOS ANGELES,CA,90003,0,SFR,1,957,1940,2,1,5103,0,1,438600,102118,77,27951,2018,687,461,0,COAST TO COAST FUNDING GROUP,3/29/12,117500,,,,3/1/94,0,0,,,2019-08-01
P197F4F5,8641-005-007,LOS ANGELES,1240 S PENNSYLVANIA AVE,GLENDORA,CA,91740,19333,7,"BEAUSHEUR,ELAINE P",ELAINE P,BEAUSHEUR,,,1240 S PENNSYLVANIA AVE,GLENDORA,CA,91740,0,SFR,1,1121,1958,3,2,11468,0,1,561900,0,100,84683,2018,1437.2,2692,0,,,,,,,4/21/87,0,0,,,2019-08-01
,,,,,,,,,,,,,,,,,,,,,,,,,,,,,,,,,,,,,,,,,,,,,,,
The information contained in this report is subject to the license restrictions and all other terms contained in PropertyRadar.com's User Agreement.,,,,,,,,,,,,,,,,,,,,,,,,,,,,,,,,,,,,,,,,,,,,,,,
,,,Address,City,State,Zip,OwnerFirstName,OwnerLastName,OwnerSpouseFirstName,Owner2,OwnerAddress,OwnerCity,OwnerState,OwnerZip,,,,,,,,,,,,,,,,,,,,,,,,,,,,,,,,,
,,?,1556 W 37TH PL,LOS ANGELES,CA,90018,GENIVA,AUGBORNE,,,PO BOX 88159,LOS ANGELES,CA,90009,,,,,,,,,,,,,,,,,,,,,,,,,,,,,,,,,
,,?,2186 NEW YORK DR,ALTADENA,CA,91001,GARY,STEPHEN,,,2186 NEW YORK DR,ALTADENA,CA,91001,,,,,,,,,,,,,,,,,,,,,,,,,,,,,,,,,
,,?,2811 W AVENUE 34,LOS ANGELES,CA,90065,DAVID,SOLIS,,,2811 W AVENUE 34,LOS ANGELES,CA,90065,,,,,,,,,,,,,,,,,,,,,,,,,,,,,,,,,
deceased,,Mark Wilmsen ,6218 E CONANT ST,LONG BEACH,CA,90808,ELIZABETH,GIVEEN,,,34556 N Appaloosa Way,Queen Creek,AZ,85142,480-398-7499,480-688-6901,530-788-7318,,,,,,,,,,,,,,,,,,,,,,,,,,,,,,
deceased,,Frank Bigelow,1240 S PENNSYLVANIA AVE,GLENDORA,CA,91740,ELAINE P,BEAUSHEUR,,,1240 S PENNSYLVANIA AVE,GLENDORA,CA,91740,,,,,,,,,,,,,,,,,,,,,,,,,,,,,,,,,
,,,10013 CEDARDALE DR,SANTA FE SPRINGS,CA,90670,IRENE,PARRA,,,10013 CEDARDALE DR,SANTA FE SPRINGS,CA,90670,825 Tamarack Ave Apt #1,,"Brea,CA",92821,562-863-1385,,,,,,,,,,,,,,,,,,,,,,,,,,,,
deceased,,,113 N 21ST ST,MONTEBELLO,CA,90640,Lilia,Luevano,,"LUEVANO,ANTHONY L JR",113 N 21ST ST,MONTEBELLO,CA,90640,Sandra Luz Luevano,,1919 E 4th St #4,"Los Angeles, CA 90033",,323-526-4230,,,,,,,,,,,,,,,,,,,,,,,,,,,
deceased,4123.34,,12027 EDDERTON AVE,WHITTIER,CA,90604,H,MORGAN,M,,12027 EDDERTON AVE,WHITTIER,CA,90604,,,,,,,,,,,,,,,,,,,,,,,,,,,,,,,,,
,14637.43,,8139 MATILIJA AVE,VAN NUYS,CA,91402,DANIEL,HENDERSON,,,8639 Gullo Ave,Panorama City,CA,91402,,,,,,,,,,,,,,,,,,,,,,,,,,,,,,,,,
deceased,747.1,,2513 TRAVERS AVE,COMMERCE,CA,90040,ERMINIA,ESQUIVEL,JULIAN,,,COMMERCE,CA,90040,,,,,,,,,,,,,,,,,,,,,,,,,,,,,,,,,
scrape land value,,,10724 LULL ST,SUN VALLEY,CA,91352,JIMMIE,GUZMAN,ROSALBA,,10724 LULL ST,SUN VALLEY,CA,91352,4173 Verdant St ,Los Angeles ,CA,90039,818764-2691,guzmanray74@gmail.com,,"4149 Bemis St Los Angeles, CA 90039",,,,,,,,,,,,,,,,,,,,,,,,,
82 yrs old,3025.96,2016,17028 POCONO ST,LA PUENTE,CA,91744,JOYCE,HOUGENSEN,,,17028 POCONO ST,LA PUENTE,CA,91744,21621 Sandia Rd # 117,"Apple Valley, CA 92308",,joyfullart@ymail.com,,951-415-1155,,artfullojoy@yahoo.com,,,,,,,,,,,,,,,,,,,,,,,,,
deceased,,,8926 BRIGHT AVE,WHITTIER,CA,90602,PAUL,DANIEL,,,PO BOX 366,WHITTIER,CA,90608,"1710 Benedict Ct Rowlett, TX 75088",,,,,,,,,,,,,,,,,,,,,,,,,,,,,,,,
3 joint tenants,3350,2014,10722 ANZAC AVE,LOS ANGELES,CA,90059,Raul,Cervantes,"Benigno Cervantes, Juana Cervantes",,10722 ANZAC AVE,LOS ANGELES,CA,90059,,,,,,,,,,,,,,,,,,,,,,,,,,,,,,,,,
deceased,7627,2014,9124 S BUDLONG AVE,LOS ANGELES,CA,90044,FRANCES,FOLMAR,,,?????,LOS ANGELES,CA,90044,,,,,,,,,,,,,,,,,,,,,,,,,,,,,,,,,
,,,943 S CLAUDINA ST,ANAHEIM,CA,92805,MAX,CROWDER,,,C/O CHARESE CROWDER 12499 FOLSOM BLVD #45,RANCHO CORDOBA,CA,95742,12499 FOLSOM BLVD #45,,"RANCHO CORDOBA, CA 95742",,,7145354146,"4356 OLD HAMNER RD NORCO, CA 92860",,,,714936-0437 REESECROWDER9@GMAIL.COM,,,,,,,,,,,,,,,,,,,,,,
,,,620 N EAST ST,ANAHEIM,CA,92805,JUNE,MC BRIDE,JOHN MCBRIDE,,1440 S EUCLID ST#204B,ANAHEIM,CA,92805,1440 S EUCLID ST#204B,,"ANAHEIM, CA 92802",,,,,,,,,,,,,,,,,,,,,,,,,,,,,,
tenant,,,2468 W GLENCREST AVE,ANAHEIM,CA,92801,MICHAEL,WILLEY,JENNIFER,,"2603 W PALAIS RD ANAHEIM, CA 92804",ANAHEIM,CA,92804,"2603 W PALAIS RD ANAHEIM, CA 92804",,,714-595-9873,714-821-1725,MAMAWILEY@HOTMAIL.COM,,,JENNIFER_FREY@FARMERSINSURANCE.COM,,,,JENNIFER.FREY@FARMERSINSURANCE.COM,,,,,,,,,,,,,,,,,,,,
tenant,,,1312 W ROMNEYA DR,ANAHEIM,CA,92801,KENNETH,WILLIAMS,,"K,J WILLIAMS REVOC LIVING TRUST",9483 Lake Canyon Rd ,Santee,CA,92071,714-254-039,,lababyyk.tumblr@gmail.com,,,,,,,,,,,,,,,,,,,,,,,,,,,,,,
darlene RE agent,,,833 DIAMOND CIR,ARROYO GRANDE,CA,93420,JAMES,JAUNCEY,,,40945 174th St E,Lancaster,CA,93535,805-489-2642,james.jauncey@aol.com,jjauncey@yahoo.com,,,,,,,,,,,,,,,,,,,,,,,,,,,,,,
tenant,,,7205 CRISTOBAL AVE,ATASCADERO,CA,93422,KENNETH,GRAY,MARISA,,,ATASCADERO,CA,93422,Marisa Bello,"152 Baker Ave Pismo Beach, CA 93449",,,805-458-6254,805-460-3109,knmgray@gmail.com,,ken Gray,1038 Vista Grande St,"Paso Robles, CA 93446",,805-466-6724,805-538-0973,knmgray@gmail.com,kengray.101@gmail.com,,,,,,,,,,,,,,,,,
deceased,,,571 ASTER PL,SANTA MARIA,CA,93455,FREDRICK,BUMANN,Melanie Kyle,,365 Black hawk Way,Nipomo,CA,93444,Melanie S Kyle,805-619-7655,805-937-3006,,melanie1961@live.com,daughter Melanie Kyle Brother Robert Bumann,,,,,,,,,,,,,,,,,,,,,,,,,,,
,"14,211.32",,416 CAMINO DOS PALOS,THOUSAND OAKS,CA,91360,Kathryn,Hymson,,,1001 N GROVE AVE,OAK PARK,IL,60302,708-445-0375,,,,,,,,,,,,,,,,,,,,,,,,,,,,,,,,
,,,210 W HIGHLAND DR,CAMARILLO,CA,93010,A,RUSHTON,,,2182 THORNCLIFF DR NE,ATLANTA,GA,30345,,,,,,,,,,,,,,,,,,,,,,,,,,,,,,,,,
,,,222 E C ST,PORT HUENEME,CA,93041,WEIGEL HARRIET CREDIT SHTR TRUST B,,,,161 W CHANNEL ISLANDS BLVD,PORT HUENEME,CA,93041,,,,,,,,,,,,,,,,,,,,,,,,,,,,,,,,,
,,,4231 S J ST,OXNARD,CA,93033,HENRY,MORENO,,,301 W VINEYARD AVE APT 432,OXNARD,CA,93036,,,,,,,,,,,,,,,,,,,,,,,,,,,,,,,,,
,"21,230",,509 N MCKINLEY AVE,OXNARD,CA,93030,CONCEPTION,FLORES,,,509 N MCKINLEY AVE,OXNARD,CA,93030,805-484-2935,805-483-5090,conception.flores@att.net,,,,,,,,,,,,,,,,,,,,,,,,,,,,,,
,,,914 ILENA ST,OXNARD,CA,93030,HARRIET A,WEIGEL,,,161 W CHANNEL ISLANDS BLVD,PORT HUENEME,CA,93041,805-984-6290,,,,,,,,,,,,,,,,,,,,,,,,,,,,,,,,
,,,"15641 JANINE DR, WHITTIER, CA 90603",,,,,,,,,,,,,,,,,,,,,,,,,,,,,,,,,,,,,,,,,,,,
deceased,,Paul Daniel Jr,"15641 JANINE DR, WHITTIER, CA 9060",Whittier,CA,90603,Paul Daniel,,,,1710 Benedict Ct,Rowlett,Tx,75088,,,,,,,,,,,,,,,,,,,,,,,,,,,,,,,,,
,,,,,,,,,,,,,,,,,,,,,,,,,,,,,,,,,,,,,,,,,,,,,,,
,,,2466 Saint Clair,Simi Valley,CA,,Rachelle Bowers,,,,965 W Nickerson St apt #45,Seattle,WA,98119,Shelley Bowers,,,,,,,,,,,,,,,,,,,,,,,,,,,,,,,,
