RADAR ID,APN,COUNTY,ADDRESS,CITY,STATE,ZIP,SUBDIVISION,LOTNUMBER,OWNER,OWNER FIRST NAME,OWNER LAST NAME,OWNER SPOUSE FIRST NAME,OWNER 2,OWNER ADDRESS,OWNER CITY,OWNER STATE,OWNER ZIP,PRIMARY RESIDENCE,PROPERTY TYPE,UNIT,SQFT,YEAR BUILT,BEDS,BATHS,LOTSIZE,POOL,STORIES,ESTIMATED VALUE,ESTIMATED TOTAL LOAN BALANCE,EQUITY PERCENT,ASSESSED VALUE,ASSESSED YEAR,ANNUAL TAXES,TAX RATE AREA,IN FORECLOSURE,FIRST LOAN LENDER,FIRST LOAN DATE,FIRST LOAN AMOUNT,SECOND LOAN LENDER,SECOND LOAN DATE,SECOND LOAN AMOUNT,TRANSFER DATE,TRASNFER AMOUNT,LISTED FOR SALE,LISTING TYPE,LISTING PRICE,DATE
P16CC4CD,490-071-13,KERN,2424 CAMELLIA ST,WASCO,CA,93280,,13,"SANDOVAL,MARIA R",MARIA,SANDOVAL,,,2424 CAMELLIA ST,WASCO,CA,93280,1,SFR,1,"1,476",1975,3,1.75,0,0,1,190600,8931,95,69806,2018,886,7056,0,WELLS FARGO BANK,7/12/93,30000,,,,,,0,,,2020-04-01
P1033A49,133-040-01-01,KERN,1220 PARK DR,BAKERSFIELD,CA,93306,LOMA PARK,3,"MINETTI,RICHARD L TRUST",RICHARD,MINETTI,"MINETTI,RICHARD L TRUST",,1220 PARK DR,BAKERSFIELD,CA,93306,1,SFR,0,"1,286",1931,2,0.75,405108,1,1,190100,0,100,101080,2018,2578,56032,0,,,,,,,3/31/64,0,0,,,2020-04-01
P1032B41,067-343-05,KERN,625 RANDALL ST,RIDGECREST,CA,93555,,17,"WILKINS,LOWELL H & LLOYDA M",LOWELL,WILKINS,LLOYDA,,231 S ALPINE DR,ALPINE,UT,84004,0,SFR,1,"1,999",1970,4,1.75,9760,0,1,286100,0,100,95141,2018,1493,10002,0,,,,,,,7/31/76,51000,0,,,2020-04-01
P19FAD07,6026-007-005,LOS ANGELES,7923 LOU DILLON AVE,LOS ANGELES,CA,90001,NADEAU PARK VILLA TR,14,"HERNANDEZ,PABLO G & INES",PABLO,HERNANDEZ,INES,"BARBOZA,ISMAEL R ETAL",7923 LOU DILLON AVE,LOS ANGELES,CA,90001,1,SFR,1,872,1921,2,1,5795,0,1,372300,36359,90,175200,2018,2556,11983,0,CANNON MORTGAGE,12/4/92,115051,,,,12/4/92,115000,0,,,2020-04-01
P19FBA45,6052-001-017,LOS ANGELES,154 E 99TH ST,LOS ANGELES,CA,90003,6602,90,"KEELE,ESTHER L",ESTHER,KEELE,,,154 E 99TH ST,LOS ANGELES,CA,90003,0,SFR,1,957,1940,2,1,5103,0,1,476900,102118,79,27951,2018,687,461,0,COAST 2 COAST FNDG GRP INC,3/29/12,117500,,,,3/1/94,0,0,,,2020-04-01
P1896F5B,5012-014-003,LOS ANGELES,3814 MOUNT VERNON DR,VIEW PARK,CA,90008,4961,21,"MCGOWAN,BIJAN",BIJAN,MCGOWAN,LUCKY,"RADLEY,LUCKY",3814 MOUNT VERNON DR,VIEW PARK,CA,90008,0,SFR,1,"3,085",1929,4,4,9844,0,2,1314200,0,100,1082016,2018,13228,1552,0,,,,,,,3/22/16,0,0,,,2020-04-01
P19ED6B7,5023-024-018,LOS ANGELES,4139 3RD AVE,LOS ANGELES,CA,90008,2195,316,"ALLEN,VICTOR L",VICTOR,ALLEN,,,425 BLUEBONNET TRL,GARLAND,TX,75043,0,SFR,1,"1,020",1924,2,1,5841,0,1,681400,0,100,201228,2018,2540,68,0,,,,,,,,,0,,,2020-04-01
P19EC1EF,5041-032-012,LOS ANGELES,1556 W 37TH PL,LOS ANGELES,CA,90018,ODELL TR,12,"AUGBORNE,GENIVA",GENIVA,AUGBORNE,,,PO BOX 88159,LOS ANGELES,CA,90009,0,SFR,1,"2,086",1910,3,1,5517,0,2,695000,0,100,49032,2018,836,210,0,,,,,,,,,0,,,2020-04-01
P19F210F,5443-021-028,LOS ANGELES,2400 VALENTINE ST,LOS ANGELES,CA,90026,NORTH ELYSIAN HEIGHTS 02,59,BASKETT FAMILY TRUST,BASKETT FAMILY TRUST,,,,2400 VALENTINE ST,LOS ANGELES,CA,90026,0,SFR,1,869,1967,1,1,9972,0,0,849300,257851,70,283959,2019,3534.51,13,0,LOS ANGELES POLICE FCU,6/22/10,276000,LOS ANGELES POLICE FCU,2003-12-12,30000,8/27/99,170000,0,,,2020-04-01
P185FF2B,5433-007-016,LOS ANGELES,1948 MONON ST,LOS ANGELES,CA,90027,5832,167,"BOCCANERA,AIDA TRUST",AIDA,BOCCANERA,"BOCCANERA,AIDA TRUST",,1948 MONON ST,LOS ANGELES,CA,90027,1,SFR,1,"1,402",1941,2,1,6847,0,1,1377400,0,100,102941,2018,1285,13,0,,,,,,,,,0,,,2020-04-01
P1350662,5207-021-006,LOS ANGELES,3514 GRIFFIN AVE,LOS ANGELES,CA,90031,R N MARTIN,14,"TEMPLE,JEFFERY B",JEFFERY,TEMPLE,,,3514 GRIFFIN AVE,LOS ANGELES,CA,90031,1,SFR,1,615,1905,2,1,5542,0,1,487900,65629,87,135065,2018,1744.66,4,0,BANK OF AMERICA,5/23/01,98940,,,,5/23/01,417273,0,,,2020-04-01
P134DE43,5309-026-015,LOS ANGELES,5643 BERKSHIRE DR,LOS ANGELES,CA,90032,SHORT LINE VILLA TR,98,"HURTADO,ALFRED G CO TR TRUST",ALFRED,HURTADO,"HURTADO,ALFRED G CO TR TRUST",,5643 BERKSHIRE DR,LOS ANGELES,CA,90032,1,SFR,1,"1,280",1922,2,1,7418,0,1,726200,0,100,40026,2018,628,4,0,,,,,,,12/6/63,0,0,,,2020-04-01
P14EF64F,6334-014-003,LOS ANGELES,2513 TRAVERS AVE,COMMERCE,CA,90040,10556,26,"ESQUIVEL,ERMINIA & JULIAN",ERMINIA,ESQUIVEL,JULIAN,,2513 TRAVERS AVE,COMMERCE,CA,90040,0,SFR,1,817,1944,2,1,5399,0,1,443200,0,100,53676,2018,948,6518,0,,,,,,,,,0,,,2020-04-01
P15AB79F,5478-031-015,LOS ANGELES,632 N AVENUE 56,LOS ANGELES,CA,90042,DEAN HARTNEDY,14,"DONOHUE,MARTIN E",MARTIN,DONOHUE,,,632 N AVENUE 56,LOS ANGELES,CA,90042,0,SFR,1,943,1911,2,1,6048,0,1,748000,0,100,27959,2018,488,4,0,,,,,,,1/22/88,10500,0,,,2020-04-01
P15BA92E,6004-020-002,LOS ANGELES,619 W 65TH ST,LOS ANGELES,CA,90044,BURKE BROS ADD,356,"MINAFEE,SAMMIE J",SAMMIE,MINAFEE,ROBERT,"BROWN,ROBERT E",619 W 65TH ST,LOS ANGELES,CA,90044,1,SFR,1,936,1922,2,1,4051,0,1,440800,0,100,28169,2018,417.29,212,0,,,,,,,3/19/93,13000,0,,,2020-04-01
P16A8B27,6117-008-018,LOS ANGELES,12126 AINSWORTH ST,LOS ANGELES,CA,90044,1243,28,COBETTE BETTIE J LIVING TRUST,COBETTE BETTIE J LIVING TRUST,,,,12126 AINSWORTH ST,LOS ANGELES,CA,90044,0,SFR,1,"1,342",1946,3,1,5075,0,1,520100,75546,85,453900,2019,5757.08,19,1,WELLS FARGO BK,2007-08-04,247000,US BK NA/ND,4/15/08,20001,2007-08-04,260000,0,,,2020-04-01
P1890733,6047-020-043,LOS ANGELES,9124 S BUDLONG AVE,LOS ANGELES,CA,90044,GRIDER & HAMILTONS SUNNY SIDE,60,"FOLMAR,FRANCES",FRANCES,FOLMAR,,,9124 S BUDLONG AVE,LOS ANGELES,CA,90044,1,SFR,1,618,1930,1,1,4004,0,1,337800,0,100,26447,2018,805,1208,0,,,,,,,,,0,,,2020-04-01
P19E46FC,6089-002-016,LOS ANGELES,1219 W 121ST ST,LOS ANGELES,CA,90044,HOWARD,16,"MADURI,FRANCES TRUST",FRANCES,MADURI,"MADURI,FRANCES TRUST",,1219 W 121ST ST,LOS ANGELES,CA,90044,1,SFR,1,"1,071",1947,2,1,7001,0,1,277600,0,100,43514,2018,978,1228,0,,,,,,,,,1,Market,265000,2020-04-01
P19EF12D,6014-006-013,LOS ANGELES,1156 W 65TH ST,LOS ANGELES,CA,90044,5694,80,"GRIMES,GLORIA D TRUST",GLORIA,GRIMES,"GRIMES,GLORIA D TRUST",,1156 W 65TH ST,LOS ANGELES,CA,90044,1,SFR,1,"1,608",1926,3,1,5385,0,1,506800,55963,89,167580,2018,2113,212,0,WASHINGTON MUTUAL BK FA,8/18/03,78000,,,,9/23/92,110000,0,,,2020-04-01
P18901BC,6037-024-049,LOS ANGELES,8779 S HOBART BLVD,LOS ANGELES,CA,90047,622,25,"TOUSSAINT,GAYLES E",GAYLES,TOUSSAINT,,,8779 S HOBART BLVD,LOS ANGELES,CA,90047,0,SFR,1,"1,764",1930,3,2,6496,0,1,610400,3608,99,285624,2018,12211,307,0,HOME SAVINGS OF AMERICA,12/30/88,99000,HOME SVGS/AMERICA,12/30/88,99000,11/5/92,0,0,,,2020-04-01
P19E46CB,6065-014-008,LOS ANGELES,1563 E 108TH ST,LOS ANGELES,CA,90059,2,49,"LAWRENCE,JOHN T & CLIFFORD E",JOHN,LAWRENCE,CLIFFORD,"LAWRENCE,CLIFFORD E",1563 E 108TH ST,LOS ANGELES,CA,90059,0,SFR,1,"1,170",1920,3,1,7693,0,1,410900,22383,95,18478,2018,623.01,460,0,DEBORAH WILEY,2008-11-14,25000,,,,,,0,,,2020-04-01
P19EFD00,6068-001-019,LOS ANGELES,10722 ANZAC AVE,LOS ANGELES,CA,90059,5432,18,"GUTIERREZ,ELISA S",ELISA,GUTIERREZ,,,10722 ANZAC AVE,LOS ANGELES,CA,90059,1,SFR,1,720,1923,2,1,5195,0,1,344800,0,100,10067,2018,423,460,0,,,,,,,8/16/02,0,0,,,2020-04-01
P12233FC,5021-007-023,LOS ANGELES,4107 S HARVARD BLVD,LOS ANGELES,CA,90062,2319,30,"SMITH,KENYAL L",KENYAL,SMITH,,,4107 S HARVARD BLVD,LOS ANGELES,CA,90062,0,SFR,1,"1,512",1921,2,2,5855,0,1,483200,0,100,249470,2019,3230.35,212,0,,,,,,,12/23/03,190727,0,Market,485000,2020-04-01
P19E4BA6,5022-006-020,LOS ANGELES,1846 W 42ND PL,LOS ANGELES,CA,90062,VERMONT AVE SQUARE,20,"SUZUKI,ELLEN S TRUST",ELLEN,SUZUKI,"SUZUKI,ELLEN S TRUST",SUZUKI TRUST,1846 W 42ND PL,LOS ANGELES,CA,90062,1,SFR,1,"1,396",1922,3,1,5625,0,1,693000,0,100,38298,2018,571,68,0,,,,,,,,,0,,,2020-04-01
P105A61A,5225-015-022,LOS ANGELES,4312 COMLY ST,LOS ANGELES,CA,90063,8907,40,"MERAZ,RICHARD R CO TR TRUST",RICHARD,MERAZ,"MERAZ,RICHARD R CO TR TRUST",,4312 COMLY ST,LOS ANGELES,CA,90063,1,SFR,1,810,1953,2,1,4285,0,1,466000,143434,69,37434,2018,966,964,0,BANK OF AMERICA,2008-02-11,107700,BANK OF AMERICA NA,2006-04-18,50000,9/3/93,0,0,,,2020-04-01
P19ECA88,5225-023-020,LOS ANGELES,4213 FOLSOM ST,LOS ANGELES,CA,90063,4607,18,"BARBA,LUCY",LUCY,BARBA,,,4213 FOLSOM ST,LOS ANGELES,CA,90063,0,SFR,1,520,1922,1,1,5299,0,1,403200,0,100,116842,2018,1949,932,0,,,,,,,9/21/67,0,0,,,2020-04-01
P19F5EEE,5233-025-011,LOS ANGELES,336 GIFFORD AVE,LOS ANGELES,CA,90063,5329,14,"GALINDO,AUGUSTINE & SARAH L TRUST",AUGUSTINE,GALINDO,SARAH,,336 GIFFORD AVE,LOS ANGELES,CA,90063,1,SFR,1,"1,118",1915,2,2,4314,0,1,455300,0,100,35351,2018,959,932,0,,,,,,,,,0,,,2020-04-01
P19F70B7,5226-032-006,LOS ANGELES,1329 MILLER AVE,LOS ANGELES,CA,90063,6480,245,"BARRIGA,JUAN M SR & MARTHA",JUAN,BARRIGA,MARTHA,,1329 MILLER AVE,LOS ANGELES,CA,90063,1,SFR,1,"1,287",1936,2,2,3736,0,1,539400,125836,77,186762,2018,2709,964,0,CITICORP TR BK FSB,2005-08-03,183137,,,,7/7/95,126000,0,,,2020-04-01
P122F743,5456-018-016,LOS ANGELES,2063 WOLLAM ST,LOS ANGELES,CA,90065,3867,174,"GONZALEZ,FELIX B",FELIX,GONZALEZ,CHRISTINA,"CARRASCO,CHRISTINA V",2063 WOLLAM ST,LOS ANGELES,CA,90065,0,SFR,1,"1,016",1923,2,1,7501,0,1,767000,227403,70,371569,2018,4497,4,0,STEARNS LNDG INC,6/14/11,264000,,,,6/14/11,330000,0,,,2020-04-01
P135221E,5466-035-013,LOS ANGELES,3940 SAN RAFAEL AVE,LOS ANGELES,CA,90065,343,19,"NOMURA,RUBY TRUST",RUBY,NOMURA,"NOMURA,RUBY TRUST",,3940 SAN RAFAEL AVE,LOS ANGELES,CA,90065,1,SFR,1,"1,082",1950,2,2,7532,0,1,766200,0,100,83772,2018,1052,4,0,,,,,,,,,0,,,2020-04-01
P18656F8,5457-025-020,LOS ANGELES,2811 W AVENUE 34,LOS ANGELES,CA,90065,WASHINGTON PARK,125,"SOLIS,DAVID",DAVID,SOLIS,,,2811 W AVENUE 34,LOS ANGELES,CA,90065,1,SFR,1,"1,160",1921,2,2,5850,0,1,651900,56359,91,64843,2018,820,13,0,BANK OF AMERICA,5/11/94,47000,SELLER,10/8/96,45000,10/8/96,93000,0,,,2020-04-01
P144E832,6315-030-019,LOS ANGELES,6311 WOODLAWN AVE,BELL,CA,90201,3766,1546,"DUNCAN,NADIA A",NADIA,DUNCAN,,,6311 WOODLAWN AVE,BELL,CA,90201,1,SFR,1,"1,253",1938,2,1,7528,0,1,436500,0,100,134986,2018,2261,516,0,,,,,,,5/17/82,83000,0,,,2020-04-01
P14EFEA2,6151-004-043,LOS ANGELES,713 W ARBUTUS ST,COMPTON,CA,90220,62,10,"ALFRED,DEANDRE",DEANDRE,ALFRED,,,713 W ARBUTUS ST,COMPTON,CA,90220,0,SFR,1,"1,669",1941,2,2,5751,0,1,466300,0,100,292751,2018,5063,2800,0,,,,,,,2009-07-10,260000,0,,,2020-04-01
P1B47AAE,6141-031-045,LOS ANGELES,1409 E 168TH ST,COMPTON,CA,90220,BEAUDRY-DOWNEY,4,WOODLAWN COMPTON CORP,WOODLAWN COMPTON CORP,,,,PO BOX 4574,CERRITOS,CA,90703,0,SFR,0,0,0,0,0,489678,0,0,702200,0,100,3411066,2018,56528.74,3765,0,,,,,,,8/26/09,0,0,,,2020-04-01
P11F1463,6166-024-004,LOS ANGELES,603 N SANTA FE AVE,COMPTON,CA,90221,4648,4,"GUTIERREZ,ENRRIQUE & CARMEN",ENRRIQUE,GUTIERREZ,CARMEN,,603 N SANTA FE AVE,COMPTON,CA,90221,1,SFR,1,"1,022",1925,2,1,6456,0,1,404400,0,100,69029,2018,1446,2800,0,,,,,,,4/1/80,38000,0,,,2020-04-01
P15AFB45,6248-010-018,LOS ANGELES,11527 HORLEY AVE,DOWNEY,CA,90241,15942,238,"GRIFFIN,ROBERT M CO TR TRUST",ROBERT,GRIFFIN,"GRIFFIN,ROBERT M CO TR TRUST",,11527 HORLEY AVE,DOWNEY,CA,90241,1,SFR,1,"1,401",1950,3,1,5760,0,1,610400,100000,84,83809,2018,1202,3305,0,BANK OF AMERICA,2/19/03,100000,,,,2/20/80,0,0,,,2020-04-01
P187F56F,6253-010-038,LOS ANGELES,8448 7TH ST,DOWNEY,CA,90241,24446,1,"EDDY,JACK D",JACK,EDDY,,,5881 ABRAHAM AVE,WESTMINSTER,CA,92683,0,SFR,1,"1,719",1958,3,2,4998,0,1,631600,0,100,91932,2018,1418.42,3304,0,,,,,,,11/22/85,0,0,,,2020-04-01
P122695D,6193-015-026,LOS ANGELES,4303 SANBORN AVE,LYNWOOD,CA,90262,CENTURY SQUARE,6,"ELLIS,STEVEN R",STEVEN,ELLIS,,,4303 SANBORN AVE,LYNWOOD,CA,90262,0,SFR,1,"1,348",1952,4,2,7279,0,1,465100,0,100,51017,2018,1224,6089,0,,,,,,,12/1/71,24500,0,,,2020-04-01
P15BB6B9,6231-009-053,LOS ANGELES,9218 KARMONT AVE,SOUTH GATE,CA,90280,25450,32,"COCHRAN,JACQUELYN L TRUST",JACQUELYN,COCHRAN,"COCHRAN,JACQUELYN L TRUST",,9218 KARMONT AVE,SOUTH GATE,CA,90280,1,SFR,1,"1,385",1971,4,2,5121,0,1,476700,12740,97,113863,2018,1645,3319,0,IMCO REALTY SERVICES INC,5/14/90,80000,,,,1/14/77,41000,0,,,2020-04-01
P18AD2A8,4014-014-014,LOS ANGELES,543 E BRETT ST,INGLEWOOD,CA,90302,6296,101,"LIM,KAHNTZE",KAHNTZE,LIM,,,543 E BRETT ST,INGLEWOOD,CA,90302,0,SFR,1,"1,094",1923,3,1,7501,0,1,657300,195521,70,412344,2018,5608,4569,0,CHARLES Y CHAO,3/19/04,135000,BANK OF AMERICA,9/17/04,100000,3/19/04,235000,0,,,2020-04-01
P1B3673E,8224-028-003,LOS ANGELES,15641 JANINE DR,WHITTIER,CA,90603,19859,6,"DANIEL,PAUL B TRUST",PAUL,DANIEL,"DANIEL,PAUL B TRUST",,PO BOX 366,WHITTIER,CA,90608,0,SFR,1,"2,421",1954,4,3,15148,1,1,907800,0,100,323760,2018,4236,3575,0,,,,,,,1/3/86,0,0,,,2020-04-01
P137DF37,8032-004-004,LOS ANGELES,12027 EDDERTON AVE,WHITTIER,CA,90604,17941,215,"MORGAN,H M & M TRUST",H,MORGAN,M,,12027 EDDERTON AVE,WHITTIER,CA,90604,1,SFR,1,"1,045",1954,3,1,5772,0,1,505900,0,100,247361,2018,3239,6802,0,,,,,,,6/28/90,91000,0,,,2020-04-01
P16B591F,7155-010-005,LOS ANGELES,5134 BARLIN AVE,LAKEWOOD,CA,90712,17225,207,"PINA,EDWARD E & MADELINE E ETAL",EDWARD,PINA,MADELINE,,5134 BARLIN AVE,LAKEWOOD,CA,90712,1,SFR,1,"1,162",1952,3,1,5836,0,1,601500,0,100,66094,2018,1147,5415,0,,,,,,,,,0,,,2020-04-01
P15B67A4,7175-016-017,LOS ANGELES,4715 BRIERCREST AVE,LAKEWOOD,CA,90713,1622,409,"DEVER,LAURENCE CO TR TRUST",LAURENCE,DEVER,"DEVER,LAURENCE CO TR TRUST",,4715 BRIERCREST AVE,LAKEWOOD,CA,90713,1,SFR,1,"1,478",1950,3,1,5225,0,1,636800,0,100,66735,2018,1170,5415,0,,,,,,,,,0,,,2020-04-01
P16B7D91,7166-014-004,LOS ANGELES,6318 DROXFORD ST,LAKEWOOD,CA,90713,19981,13,"MRVOS,AURELIA C TRUST",AURELIA,MRVOS,"MRVOS,AURELIA C TRUST",,6318 DROXFORD ST,LAKEWOOD,CA,90713,1,SFR,1,"1,108",1954,3,2,6213,0,1,601300,17853,97,84464,2018,1207,2274,0,MCDONNELL DOUGLAS WEST FCU,8/2/93,55000,,,,11/2/92,0,0,,,2020-04-01
P14A72CE,7330-009-035,LOS ANGELES,23626 FRIGATE AVE,CARSON,CA,90745,29434,197,"DUPONT,JESSICA TRUST",JESSICA,DUPONT,"DUPONT,JESSICA TRUST","LUISA,DUPONT TRUST",23626 FRIGATE AVE,CARSON,CA,90745,1,SFR,1,"1,986",1965,4,3,5077,0,1,643400,166109,74,251104,2018,3437,1050,0,JP MORGAN CHASE BK,10/15/12,190254,,,,9/29/95,172000,0,,,2020-04-01
P14AA390,7333-005-029,LOS ANGELES,377 E 224TH ST,CARSON,CA,90745,15838,57,"DUPERRON,REJANE L TR ETAL",REJANE,DUPERRON,"DUPERRON,REJANE L TR ETAL",,377 E 224TH ST,CARSON,CA,90745,1,SFR,1,980,1951,3,1,4982,0,1,498100,2834,99,46918,2018,1161,1020,0,BANK OF AMERICA,11/8/90,14893,,,,3/15/66,0,0,,,2020-04-01
P1373595,7237-026-036,LOS ANGELES,430 MARBORA CT 103,LONG BEACH,CA,90803,35910,100,"BONAPROP,N V",N,BONAPROP,,,825 3RD AVE 11,NEW YORK,NY,10022,0,SFR,1,"1,847",1983,2,3,2424,0,0,754500,0,100,395483,2018,5058.98,5517,0,,,,,,,12/26/86,0,0,,,2020-04-01
P106A090,7136-005-014,LOS ANGELES,1419 E LURAY ST,LONG BEACH,CA,90807,12854,14,"LABORDE,ALICE D",ALICE,LABORDE,,,1419 E LURAY ST,LONG BEACH,CA,90807,0,SFR,1,812,1942,2,1,7222,0,1,494700,0,100,51653,2018,880,5500,0,,,,,,,,,0,,,2020-04-01
P15C0330,7268-020-040,LOS ANGELES,1472 CERRITOS AVE,LONG BEACH,CA,90813,5020,4,"MCCANTS,BERNICE",BERNICE,MCCANTS,,,PO BOX 3452,CERRITOS,CA,90703,1,SFR,1,"1,334",1926,3,2,5375,0,1,445200,0,100,56868,2018,889.7,5500,0,,,,,,,12/27/78,26500,0,,,2020-04-01
P13F5706,5852-012-028,LOS ANGELES,2186 NEW YORK DR,ALTADENA,CA,91001,875,7,"STEPHEN,GARY C",GARY,STEPHEN,,,2186 NEW YORK DR,ALTADENA,CA,91001,0,SFR,1,"1,134",1946,2,1,6889,0,1,720900,0,100,91610,2018,1457,10430,0,,,,,,,,,0,,,2020-04-01
P10460AC,2551-032-008,LOS ANGELES,10902 MATHER AVE,SUNLAND,CA,91040,14942,46,"ARMENDARIZ,JOSEPH J",JOSEPH,ARMENDARIZ,,,10902 MATHER AVE,SUNLAND,CA,91040,0,SFR,1,"1,122",1952,3,2,8196,1,1,608400,142154,77,170838,2018,2161,13,0,BAD BOYS BAIL BONDS,12/29/04,175000,BAD BOYS BAIL BONDS,12/29/04,17500,,,0,,,2020-04-01
P1208498,2718-001-020,LOS ANGELES,19269 KENYA ST,NORTHRIDGE,CA,91326,24887,36,"OGA,TAIZO & MICHIKO TR",TAIZO,OGA,MICHIKO,OGA FAMILY TRUST,19269 KENYA ST,NORTHRIDGE,CA,91326,1,SFR,1,"2,400",1967,4,3,9472,0,2,844800,142941,83,293377,2018,3654,16,0,WELLS FARGO BK NA,11/30/10,169000,,,,8/3/81,155000,0,,,2020-04-01
P1B3CDA1,2502-028-022,LOS ANGELES,13416 GLENOAKS BLVD,SYLMAR,CA,91342,28363,53,"YSAIS,JESS J TRUST",JESS,YSAIS,"YSAIS,JESS J TRUST",,13416 GLENOAKS BLVD,SYLMAR,CA,91342,1,SFR,1,"1,720",1965,4,2,12152,1,1,589500,100000,83,263524,2018,3313,16,0,AMERIPRISE BK FSB,3/20/12,100000,,,,1/16/96,65000,0,,,2020-04-01
P10475EC,2656-021-021,LOS ANGELES,9403 NOBLE AVE,NORTH HILLS,CA,91343,2070,64,"WARNER,JAMES N TRUST",JAMES,WARNER,"WARNER,JAMES N TRUST",,9403 NOBLE AVE,NORTH HILLS,CA,91343,1,SFR,1,"1,640",1948,2,2,20159,0,1,590700,0,100,99969,2018,1416,16,0,,,,,,,8/3/82,0,0,,,2020-04-01
P10469E8,2610-008-009,LOS ANGELES,16915 BIRCHER ST,GRANADA HILLS,CA,91344,21264,93,"GREEN,SHIRLEY J TRUST",SHIRLEY,GREEN,"GREEN,SHIRLEY J TRUST",GREEN TRUST,16915 BIRCHER ST,GRANADA HILLS,CA,91344,1,SFR,1,"1,486",1957,4,2,9805,0,1,636100,0,100,113493,2018,1506,16,0,,,,,,,,,0,,,2020-04-01
P1692763,2171-014-052,LOS ANGELES,21836 PROVIDENCIA ST,WOODLAND HILLS,CA,91364,6170,934,VELASCO TRUST,VELASCO TRUST,,,,21836 PROVIDENCIA ST,WOODLAND HILLS,CA,91364,1,SFR,1,"2,313",1965,4,3,4933,0,2,854200,228812,73,558278,2019,6811.25,37,0,WELLS FARGO BK NA,4/23/12,250001,CALHFA MTG ASSISTANCE CORP,2007-08-14,25277,2001-03-03,385000,0,,,2020-04-01
P1B316A0,2837-027-014,LOS ANGELES,28938 POPPY MEADOW ST,SANTA CLARITA,CA,91387,34820,62,"KUEMMEL,EDWARD J",EDWARD,KUEMMEL,,,28938 POPPY MEADOW ST,CANYON CNTRY,CA,91387,1,SFR,1,"1,198",1983,3,2,6984,0,1,495600,0,100,198990,2018,2933,10754,0,SECURITY PACIFIC NAT'L BK,2/25/87,47400,,,,4/23/84,109300,0,,,2020-04-01
P1041EF3,2213-012-013,LOS ANGELES,8139 MATILIJA AVE,VAN NUYS,CA,91402,16679,151,"HENDERSON,DANIEL W JR",DANIEL,HENDERSON,,,8139 MATILIJA AVE,VAN NUYS,CA,91402,0,SFR,1,"1,040",1950,3,1,5923,1,1,525500,0,100,69750,2018,1016,13,0,,,,,,,,,0,,,2020-04-01
P132F746,2216-005-001,LOS ANGELES,13910 CANTLAY ST,VAN NUYS,CA,91405,17806,15,"DAVIS,JAMIE",JAMIE,DAVIS,,,13910 CANTLAY ST,VAN NUYS,CA,91405,1,SFR,1,"1,381",1953,3,2,5900,1,1,618400,0,100,95115,2019,1194.15,13,0,,,,,,,,,0,,,2020-04-01
P1B2C83C,2359-015-013,LOS ANGELES,4924 VENTURA CANYON AVE,SHERMAN OAKS,CA,91423,14726,13,"LEWIS,ALICIA L",ALICIA,LEWIS,,,4924 VENTURA CANYON AVE,SHERMAN OAKS,CA,91423,0,SFR,1,"1,905",1949,3,3,6776,0,1,844700,0,100,900000,2019,10848.46,13,0,,,,,,,6/21/18,150000,0,,,2020-04-01
P1A35DC9,2421-018-007,LOS ANGELES,10642 CAMARILLO ST,NORTH HOLLYWOOD,CA,91602,11354,3,"CARMEL,OFER",OFER,CARMEL,,,10642 CAMARILLO ST,TOLUCA LAKE,CA,91602,0,SFR,1,"1,168",1941,2,2,6676,0,1,967000,281143,71,546240,2018,6542,13,0,PROVIDENT FNDG ASSOCS LP,9/18/09,337050,,,,9/18/09,481500,0,Market,799000,2020-04-01
P183EF35,2307-025-030,LOS ANGELES,7507 VANTAGE AVE,NORTH HOLLYWOOD,CA,91605,45604,30,"SORIANO,JOSE M & MARYLOU A TR",JOSE,SORIANO,MARYLOU,SORIANO FAMILY TRUST,7507 VANTAGE AVE,NORTH HOLLYWOOD,CA,91605,1,SFR,1,"1,987",1989,3,3,3610,0,0,683900,207531,70,436552,2018,5232,13,0,EMPIRE OF AMERICA RLTY CREDIT,10/26/93,203150,EMPIRE/AMERICA RLTY CREDIT,10/26/93,203150,,,0,,,2020-04-01
P1A35DB0,2305-021-022,LOS ANGELES,7707 TEESDALE AVE,NORTH HOLLYWOOD,CA,91605,13695,22,"EBRAHIMI,ARBI",ARBI,EBRAHIMI,ANITA,"SHAHBAZIAN,ANITA",7707 TEESDALE AVE,NORTH HOLLYWOOD,CA,91605,1,SFR,1,"1,224",1955,3,2,7165,0,1,760000,198000,74,484931,2019,6017.97,13,0,US BK NATIONAL ASSN,2012-11-17,198000,,,,2002-11-10,305000,0,,,2020-04-01
P15910BF,2332-019-013,LOS ANGELES,6052 BEEMAN AVE,NORTH HOLLYWOOD,CA,91606,15137,37,"KARAMANOUKIAN,ZEPUR",ZEPUR,KARAMANOUKIAN,,,19138 STARE ST,NORTHRIDGE,CA,91324,0,SFR,1,"1,605",1950,3,2,10149,1,1,856300,0,100,163255,2018,2118,13,0,,,,,,,9/16/76,55000,0,,,2020-04-01
P1206621,8303-015-018,LOS ANGELES,940 KENT DR,CLAREMONT,CA,91711,22445,8,ARNOLD JOHN M JR (TE),ARNOLD JOHN M JR (TE),,,,940 KENT DR,CLAREMONT,CA,91711,1,SFR,1,"1,957",1963,4,2,11025,1,1,701500,33814,95,89806,2018,1646.06,2730,0,FOOTHILL INDEPENDENT BK,5/15/00,50000,,,,4/16/86,0,0,,,2020-04-01
P14DA7E7,8311-010-015,LOS ANGELES,910 POMONA CT,CLAREMONT,CA,91711,20980,32,"VOELKEL,MARTHA B",MARTHA,VOELKEL,,,910 POMONA CT,CLAREMONT,CA,91711,1,SFR,1,"2,171",1958,4,3,15813,0,1,798100,185622,77,84413,2018,1665.82,2730,0,WASHINGTON MUTUAL BK FA,2008-01-03,150000,ING BK FSB,6/22/04,78000,,,0,,,2020-04-01
P14DA974,8669-004-044,LOS ANGELES,2381 W SILVER TREE RD,CLAREMONT,CA,91711,27636,38,"CONKLIN,FREDERICK G CO TR TRUST",FREDERICK,CONKLIN,"CONKLIN,FREDERICK G CO TR TRUST","CONKLIN,FREDERICK G TRUST",2381 W SILVER TREE RD,CLAREMONT,CA,91711,1,SFR,1,"2,224",1963,5,3,12527,1,1,799600,100000,87,98712,2018,2440,2730,0,CALTECH EMPS FCU,9/26/06,100000,,,,3/20/69,5000,0,,,2020-04-01
P14DAADF,8670-035-008,LOS ANGELES,133 ARMSTRONG DR,CLAREMONT,CA,91711,33010,8,"FREDIANI,STEVEN M & JULIE M",STEVEN,FREDIANI,JULIE,,133 ARMSTRONG DR,CLAREMONT,CA,91711,1,SFR,1,"2,708",1978,5,3,13751,0,2,884800,119641,86,471997,2018,5673,2831,0,WELLS FARGO BK NA,8/28/12,139500,,,,5/28/92,290500,0,,,2020-04-01
P14DBC40,8673-029-008,LOS ANGELES,4046 OLIVE HILL DR,CLAREMONT,CA,91711,13731,24,"WILLETT,CYNTHIA & THOMAS D TRUST",CYNTHIA,WILLETT,THOMAS,,4046 OLIVE HILL DR,CLAREMONT,CA,91711,1,SFR,1,"2,195",1958,2,3,13796,1,2,742700,0,100,335820,2018,3949,2760,0,,,,,,,2005-06-08,0,0,,,2020-04-01
P14DBCCD,8671-008-014,LOS ANGELES,562 BLUEFIELD DR,CLAREMONT,CA,91711,31848,5,"CHAN,SIU M",SIU,CHAN,SHAN,"PO,SHAN",562 BLUEFIELD DR,CLAREMONT,CA,91711,1,SFR,1,"1,773",1976,3,2,12815,0,1,724300,209645,71,361090,2018,4748.95,2730,0,HSBC MTG CORP (USA),2005-05-08,250000,,,,7/10/92,237000,0,,,2020-04-01
P14DBD89,8309-028-013,LOS ANGELES,459 HARRISON AVE,CLAREMONT,CA,91711,EUCACIA PARK,12,TELZER BRUCE R (TE),TELZER BRUCE R (TE),,TELZER,"HAIMO,TELZER",459 HARRISON AVE,CLAREMONT,CA,91711,1,SFR,1,"2,152",1909,4,2,9911,0,2,858700,222849,74,237156,2018,3311.89,2730,0,BANK OF AMERICA,3/22/07,276600,,,,11/18/08,0,0,,,2020-04-01
P120E04E,8421-010-022,LOS ANGELES,4661 N MIDSITE AVE,COVINA,CA,91722,18193,24,"GARBIN,VIOLET W TRUST",VIOLET,GARBIN,"GARBIN,VIOLET W TRUST",,4661 N MIDSITE AVE,COVINA,CA,91722,1,SFR,1,"1,433",1954,4,2,7250,0,1,553100,0,100,76629,2018,1260,12033,0,,,,,,,,,0,,,2020-04-01
P1516223,8408-005-011,LOS ANGELES,661 W GROVERDALE ST,COVINA,CA,91722,19760,109,KWAN ANGEL FAMILY TRUST,KWAN ANGEL FAMILY TRUST,,,,123 E 9TH ST,UPLAND,CA,91786,1,SFR,1,"1,433",1954,4,2,6475,0,1,547700,0,100,77386,2019,4716.13,3045,0,,,,,,,2004-03-20,440000,0,Market,460000,2020-04-01
P1215839,8545-001-011,LOS ANGELES,12045 RANCHITO ST,EL MONTE,CA,91732,10545,17,"HOANG,ICH G",ICH,HOANG,ALAN,"QUACH,ALAN V",12045 RANCHITO ST,EL MONTE,CA,91732,0,SFR,1,"1,826",1936,5,3,27647,0,1,752100,215532,71,517947,2018,7818.72,3621,0,TJ FIN'L INC,5/24/11,250000,,,,5/24/11,460000,0,,,2020-04-01
P16C9022,8545-014-008,LOS ANGELES,4224 PENN MAR AVE,EL MONTE,CA,91732,11221,4,"TANG,JUAN",JUAN,TANG,PENG,"ZHOU,PENG",13120 FRANCISQUITO AVE,BALDWIN PARK,CA,91706,1,SFR,1,"1,196",1943,2,1,13642,0,1,517200,280000,46,52088,2019,1170.46,6549,0,GRAND CASTLE INC,1/29/20,280000,,,,1/29/20,520000,0,Market,525000,2020-04-01
P1B3075F,8114-025-004,LOS ANGELES,1745 COGSWELL RD,SOUTH EL MONTE,CA,91733,14320,40,"MENG,SHERMAN X",SHERMAN,MENG,JESSICA,"REN,JESSICA Y",1745 COGSWELL RD,EL MONTE,CA,91733,1,SFR,1,"2,874",2018,4,4,6856,0,1,852700,211735,75,339066,2018,3062,12377,0,TJ FIN'L INC,12/21/16,220000,,,,2010-01-10,213000,0,,,2020-04-01
P197F4F5,8641-005-007,LOS ANGELES,1240 S PENNSYLVANIA AVE,GLENDORA,CA,91740,19333,7,"BEAUSHEUR,ELAINE P",ELAINE,BEAUSHEUR,,,1240 S PENNSYLVANIA AVE,GLENDORA,CA,91740,0,SFR,1,"1,121",1958,3,2,11468,0,1,567100,0,100,84683,2018,1437.2,2692,0,,,,,,,4/21/87,0,0,,,2020-04-01
P16BC5CF,8248-010-005,LOS ANGELES,17028 POCONO ST,LA PUENTE,CA,91744,21408,46,"HOUGENSEN,JOYCE H",JOYCE,HOUGENSEN,,,17028 POCONO ST,LA PUENTE,CA,91744,0,SFR,1,"1,242",1955,3,2,5855,1,1,504700,100000,80,55102,2018,1056,5613,0,WASHINGTON MUTUAL BK,2/15/07,100000,,,,8/23/88,0,0,,,2020-04-01
P123088D,8381-023-002,LOS ANGELES,1495 3RD ST,LA VERNE,CA,91750,6654,6,"SULLIVAN,ERMAGENE J TRUST",ERMAGENE,SULLIVAN,"SULLIVAN,ERMAGENE J TRUST",,1495 3RD ST,LA VERNE,CA,91750,1,SFR,1,"1,211",1952,2,1,8713,0,1,530100,64404,88,203570,2018,2487,5283,0,NORTH AMERICAN MORTGAGE,4/16/96,128750,,,,4/16/96,125000,0,,,2020-04-01
P15B3DDD,8381-011-015,LOS ANGELES,1618 MAPLEWOOD ST,LA VERNE,CA,91750,17459,33,"DAVIS,CHARLES A CO TR TRUST",CHARLES,DAVIS,"DAVIS,CHARLES A CO TR TRUST",C TRUST,1618 MAPLEWOOD ST,LA VERNE,CA,91750,1,SFR,1,"1,444",1952,3,2,6943,0,1,596600,26720,96,198615,2018,2437,5044,0,BANK OF AMERICA,1/5/94,77000,,,,4/4/86,62500,0,,,2020-04-01
P15CBD2B,8664-019-006,LOS ANGELES,1616 DIANE DR,LA VERNE,CA,91750,28914,6,HAMMAN-SHELTON TRUST,HAMMAN-SHELTON TRUST,,,,1616 DIANE DR,LA VERNE,CA,91750,0,SFR,1,"2,397",1971,4,2,11873,0,1,808300,33173,96,114786,2018,1533,5034,0,BANK OF WHITTIER,7/26/95,100000,DITECH.COM,2/21/02,15000,,,0,,,2020-04-01
P16BCF1E,8370-035-090,LOS ANGELES,3018 N WHITE AVE,LA VERNE,CA,91750,29007,107,"WILSON,WALTER F & SHIRLEY B",WALTER,WILSON,SHIRLEY,,3018 N WHITE AVE,LA VERNE,CA,91750,1,SFR,1,"1,808",1964,3,2,7233,1,1,613600,15464,97,70405,2018,1067,5283,0,AMERICAN BAPTIST CU,5/5/94,38000,,,,3/15/65,0,0,,,2020-04-01
P19B8799,8664-010-002,LOS ANGELES,1121 ALDERSGATE DR,LA VERNE,CA,91750,27726,2,"NEIHOUSE,LOUIS & ROSALIND TR",LOUIS,NEIHOUSE,ROSALIND,L TRUST,1121 ALDERSGATE DR,LA VERNE,CA,91750,1,SFR,1,"1,841",1974,4,2,20436,1,1,768500,34491,96,130459,2018,1749,5034,0,CROSSLAND MORTGAGE CORP,7/31/00,102365,,,,7/31/00,330000,0,,,2020-04-01
P107468A,8341-022-030,LOS ANGELES,1175 S PARCELS ST,POMONA,CA,91766,EDWARD EVEYS SUB,6,"O BANNON,LUCREASIA",LUCREASIA,O BANNON,,,1175 S PARCELS ST,POMONA,CA,91766,0,SFR,1,"1,132",1916,3,1,6471,0,1,326600,0,100,25158,2018,647,7790,0,,,,,,,8/9/68,500,0,,,2020-04-01
P1891801,8330-007-003,LOS ANGELES,2378 S SAN ANTONIO AVE,POMONA,CA,91766,17789,3,"MCCLURE,CHARLES & SHEILA TR",CHARLES,MCCLURE,SHEILA,MCCLURE FAMILY TRUST,2378 S SAN ANTONIO AVE,POMONA,CA,91766,1,SFR,1,"1,060",1953,3,1,5817,0,1,398800,0,100,44154,2018,739,7790,0,,,,,,,12/22/66,12500,0,,,2020-04-01
P18B46B7,8370-024-023,LOS ANGELES,2802 CHERRY WAY,POMONA,CA,91767,54003,15,KREUZ TRUST,KREUZ TRUST,,,,2802 CHERRY WAY,POMONA,CA,91767,0,SFR,1,"2,614",2004,5,3,7915,0,0,650500,0,100,77755,2019,1431.08,13304,0,,,,,,,3/31/17,559000,0,Market,559000,2020-04-01
P120DBEF,8357-014-056,LOS ANGELES,1176 LAUREL AVE,POMONA,CA,91768,CURRIER TR,25,"WEDDLE,BEULAH D",BEULAH,WEDDLE,,,1176 LAUREL AVE,POMONA,CA,91768,1,SFR,1,748,1948,2,1,4096,0,1,336800,0,100,21268,2018,442,7790,0,,,,,,,11/28/05,0,0,,,2020-04-01
P18BE112,8707-014-039,LOS ANGELES,452 JANSU PL,POMONA,CA,91768,19951,38,"ATER,SHARI",SHARI,ATER,,,452 JANSU PL,POMONA,CA,91768,0,SFR,1,"1,200",1954,4,2,6100,0,1,417600,0,100,45366,2019,889.3,7771,0,,,,,,,1/14/10,0,0,,,2020-04-01
P10785EA,8665-003-015,LOS ANGELES,1412 N CATARACT AVE,SAN DIMAS,CA,91773,SAN JOSE RHO ADD,5,"PIKE,ROGER A & REBECCA A TR",ROGER,PIKE,REBECCA,PIKE FAMILY TRUST,1412 N CATARACT AVE,SAN DIMAS,CA,91773,1,SFR,1,"1,535",1956,2,2,16821,0,0,609800,200616,67,290410,2018,3646,6292,0,BANK OF AMERICA,12/14/12,229000,,,,8/30/99,215000,0,,,2020-04-01
P1339CCF,8385-012-001,LOS ANGELES,903 CYPRESS ST,SAN DIMAS,CA,91773,27092,1,"OWENSBY,LORRAINE F",LORRAINE,OWENSBY,,,903 CYPRESS ST,SAN DIMAS,CA,91773,1,SFR,1,"1,566",1963,3,2,7862,1,1,586800,59551,90,73642,2018,1263,5063,0,AMERICAS WHOLESALE LENDER,2008-05-03,83000,,,,,,0,,,2020-04-01
P169B6C5,8385-005-006,LOS ANGELES,1152 W TUDOR ST,SAN DIMAS,CA,91773,25446,16,"RANTA,RANDI J",RANDI,RANTA,,,1152 W TUDOR ST,SAN DIMAS,CA,91773,1,SFR,1,"1,170",1961,3,2,7534,0,1,517200,0,100,50579,2018,987,5063,0,,,,,,,6/20/73,0,0,,,2020-04-01
P1B431A9,8588-018-002,LOS ANGELES,9907 NADINE ST,TEMPLE CITY,CA,91780,17002,11,"GRIFFITHS,DOROTHY A TRUST",DOROTHY,GRIFFITHS,"GRIFFITHS,DOROTHY A TRUST",GRIFFITHS TRUST,9907 NADINE ST,TEMPLE CITY,CA,91780,1,SFR,1,"1,132",1951,3,1,6232,0,1,699900,0,100,58126,2018,981,9285,0,,,,,,,,,0,,,2020-04-01
P16BB4EC,8762-028-018,LOS ANGELES,1275 CALBOURNE DR,WALNUT,CA,91789,29185,18,"PEREZ,SANDRA M",SANDRA,PEREZ,,,1275 CALBOURNE DR,WALNUT,CA,91789,0,SFR,1,"1,689",1964,4,2,8377,0,0,663600,144642,78,274846,2018,3474,10074,0,COMMONWEALTH MORTGAGE,8/18/89,153000,COMMONWEALTH CORP,8/18/89,153000,8/18/89,170000,0,,,2020-04-01
P15B453E,8476-023-028,LOS ANGELES,523 S DAWLEY AVE,WEST COVINA,CA,91790,19167,21,TADROS MARGARET A FAMILY TRUST,TADROS MARGARET A FAMILY TRUST,,,,523 S DAWLEY AVE,WEST COVINA,CA,91790,1,SFR,1,"1,794",1957,3,2,10181,1,1,616700,0,100,88460,2018,1392.84,9495,0,,,,,,,7/23/75,40182,0,,,2020-04-01
P18A69BB,8493-005-013,LOS ANGELES,1805 E CAJON CIR,WEST COVINA,CA,91791,18205,40,"CHASE,CAROLYN L",CAROLYN,CHASE,,,1805 E CAJON CIR,WEST COVINA,CA,91791,1,SFR,1,"1,534",1955,2,2,14240,0,1,575900,3256,99,93156,2018,1416,9483,0,CITY OF WEST COVINA REDEVELOPM,12/16/09,3848,,,,6/30/76,45000,0,,,2020-04-01
P18A6B9E,8722-005-023,LOS ANGELES,3321 S FLEMINGTON DR,WEST COVINA,CA,91792,27416,214,"GALLEGOS,ROBERT A & ELIZABETH G",ROBERT,GALLEGOS,ELIZABETH,,3321 S FLEMINGTON DR,WEST COVINA,CA,91792,1,SFR,1,"1,694",1964,4,2,10617,1,1,693700,152949,78,229526,2018,2895,9424,0,BANK OF AMERICA,2011-05-14,167000,,,,9/6/89,0,0,,,2020-04-01
P185F278,3211-019-008,LOS ANGELES,TICK CANYON RD/CABIN,SAUGUS,CA,93510,,5,"O CONNOR,ANNE M & STEVEN D TRUST",ANNE,O CONNOR,STEVEN,,264 N ORCHID TREE LN,PALM SPRINGS,CA,92262,0,SFR,1,416,1958,0,1,225261,0,0,399500,0,100,30690,2018,522,9125,0,,,,,,,,,0,,,2020-04-01
P1844D09,3102-011-015,LOS ANGELES,42315 52ND ST W,LANCASTER,CA,93536,14581,280,"OSENGA,ROBERT H",ROBERT,OSENGA,,,42315 52ND ST W,LANCASTER,CA,93536,1,SFR,1,930,1956,3,1,12013,0,0,208600,0,100,34416,2018,1029,9569,0,,,,,,,6/8/73,17000,0,,,2020-04-01
P1593055,3018-011-019,LOS ANGELES,2102 E AVENUE Q5,PALMDALE,CA,93550,20592,55,"WILCOX,DALE & LEE A ETAL",DALE,WILCOX,LEE,,2102 E AVENUE Q5,PALMDALE,CA,93550,0,SFR,1,"1,212",1955,4,2,7876,0,1,247700,0,100,40242,2018,1414,15574,0,,,,,,,,,0,,,2020-04-01
P16ADAF1,3053-042-490,LOS ANGELES,37159 28TH ST E,PALMDALE,CA,93550,42405,16,"SAITO,STEVEN A & GEORGE T ETAL",STEVEN,SAITO,GEORGE,,37159 28TH ST E,PALMDALE,CA,93550,1,SFR,1,937,1986,2,2,4238,0,0,237200,0,100,75759,2018,1858,7512,0,,,,,,,5/27/99,55500,0,,,2020-04-01
P1A6177A,3012-045-022,LOS ANGELES,1315 GARNET AVE,PALMDALE,CA,93550,44579,64,"ARELLANO,GUILLERMO",GUILLERMO,ARELLANO,,,1315 GARNET AVE,PALMDALE,CA,93550,0,SFR,1,"1,565",1987,4,2,7057,0,0,303300,0,100,211251,2018,3628,11507,0,,,,,,,2009-05-14,200000,0,,,2020-04-01
P16C38AD,3023-057-012,LOS ANGELES,37616 NEWBURY PL,PALMDALE,CA,93552,45926,13,"GARCIA,EDUARDO P JR",EDUARDO,GARCIA,,,37616 NEWBURY PL,PALMDALE,CA,93552,0,SFR,1,"1,600",1990,3,2,7222,1,0,309700,34710,89,155298,2018,2882,6919,0,GUILD MORTGAGE CO,10/15/96,66900,,,,9/20/12,0,0,,,2020-04-01
P1207995,3030-021-040,LOS ANGELES,18607 E AVENUE R,PALMDALE,CA,93591,,3,"MOSES,MARY L",MARY,MOSES,,,9442 SOMERSET BLVD,BELLFLOWER,CA,90706,1,SFR,1,"2,960",1990,4,4,223077,0,0,329400,4941,98,347198,2018,11991,9820,0,GASCO CU,9/18/91,20000,,,,,,0,,,2020-04-01
P13429FB,3027-001-047,LOS ANGELES,10205 E PALMDALE BLVD,PALMDALE,CA,93591,,28,CHRIST TABERNACLE CHRISTIAN,CHRIST TABERNACLE CHRISTIAN,,CHURCH,CHURCH,PO BOX 659,LITTLEROCK,CA,93543,0,SFR,1,"1,307",1957,4,2,27994,0,0,167300,0,100,66194,2018,967.4,4684,0,,,,,,,2006-12-01,15138,0,,,2020-04-01
P158722E,024-083-013-000,MONTEREY,32 6TH ST,GREENFIELD,CA,93927,,140,"PEREZ,TOMAS",TOMAS,PEREZ,,,PO BOX 3616,GREENFIELD,CA,93927,0,SFR,1,720,1952,2,1,7405,0,1,234500,12617,95,73733,2018,1003,8017,0,ETHEL M WHITE,9/13/10,15000,,,,9/13/10,65000,0,,,2020-04-01
P19843DC,024-092-027-000,MONTEREY,1 6TH ST,GREENFIELD,CA,93927,CLARK CITY,193,"PEREA,ELISEO D",ELISEO,PEREA,,,1 6TH ST,GREENFIELD,CA,93927,0,SFR,1,"2,496",1949,7,3,0,0,0,416900,0,100,105655,2017,1427,8017,0,,,,,,,9/29/17,129000,0,,,2020-04-01
P1520FA4,241-205-05,ORANGE,5202 MYRA AVE,CYPRESS,CA,90630,,35,"HULL,DOROTHY E",DOROTHY,HULL,,,5202 MYRA AVE,CYPRESS,CA,90630,1,SFR,1,"1,249",1962,4,2,6000,0,1,613100,18876,97,54899,2018,883.16,19001,0,BANK OF AMERICA,3/12/96,40000,,,,,,0,,,2020-04-01
P19DDC67,086-113-07,ORANGE,12032 MONTECITO RD,LOS ALAMITOS,CA,90720,,180,"BOOTH,JOHN N TRUST",JOHN,BOOTH,"BOOTH,JOHN N TRUST",,12032 MONTECITO RD,LOS ALAMITOS,CA,90720,1,SFR,1,"1,618",1957,3,2,8471,1,0,979000,0,100,85643,2018,1511,68009,0,,,,,,,2/4/83,0,0,,,2020-04-01
P10EBB6A,939-411-20,ORANGE,34032 SELVA RD UNIT 95,DANA POINT,CA,92629,,"7,6","MARTIN,RAUL",RAUL,MARTIN,,,34032 SELVA RD UNIT 95,DANA POINT,CA,92629,0,CND,1,873,1982,2,2,0,0,1,612300,0,100,480505,2018,5291,28094,0,,,,,,,2009-04-13,446000,0,,,2020-04-01
P157CC55,105-232-74,ORANGE,17292 HARDING CANYON RD,SILVERADO,CA,92676,MODJESKA HOME SHEET A,5,"BROWN,DANNY E JR",DANNY,BROWN,,,17292 HARDING CANYON RD,SILVERADO,CA,92676,0,SFR,1,362,1925,1,1,7038,0,0,518800,0,100,219918,2018,2348,76172,0,,,,,,,2009-05-03,176000,0,,,2020-04-01
P17F467A,105-232-25,ORANGE,28875 MODJESKA CANYON RD,SILVERADO,CA,92676,MODJESKA HOME SHEET A,27,"JAMES,SONDRA J",SONDRA,JAMES,,,28875 MODJESKA CANYON RD,SILVERADO,CA,92676,0,SFR,1,998,1958,1,1,7200,0,1,601000,155157,74,490056,2018,5209.66,76172,0,HOMESERVICES LNDG LLC,2006-12-09,185000,,,,6/17/03,385000,0,,,2020-04-01
P180D50F,890-039-12,ORANGE,202 PRINCESS LN,SANTA ANA,CA,92704,,,"TORREZ,CATALINA & BRENDA",CATALINA,TORREZ,BRENDA,"TORREZ,BRENDA",202 PRINCESS LN,SANTA ANA,CA,92704,0,SFR,1,0,0,0,0,0,0,0,453624,0,100,19754,2018,217.48,11901,0,,,,,,,,,0,,,2020-04-01
P14B1804,675-174-012,RIVERSIDE,28503 AVENIDA MARQUESA,CATHEDRAL CITY,CA,92234,2232,425,"RODRIGUEZ,WILFREDO",WILFREDO,RODRIGUEZ,,,28503 AVENIDA MARQUESA,CATHEDRAL CITY,CA,92234,1,SFR,1,"1,759",1994,3,2,6970,0,1,351000,0,100,259162,2018,3739,19167,0,,,,,,,11/26/08,229000,0,,,2020-04-01
P12DB963,165-130-003,RIVERSIDE,6091 HUDSON ST,RIVERSIDE,CA,92509,FAIRHAVEN FARMS,21,"RODRIGUEZ,EMILIO",EMILIO,RODRIGUEZ,,,6091 HUDSON ST,RIVERSIDE,CA,92509,0,SFR,1,"1,314",1952,4,2,18295,0,1,406100,0,100,98920,2018,1121,28033,0,,,,,,,5/17/13,30000,0,,,2020-04-01
P14C525A,1013-241-03-0000,SAN BERNARDINO,4054 FRANCIS AVE,CHINO,CA,91710,,32,"COOPER,ALEXANDER TRUST",ALEXANDER,COOPER,"COOPER,ALEXANDER TRUST",,4054 FRANCIS AVE,CHINO,CA,91710,0,SFR,1,"1,752",1942,2,1,72105,1,1,761800,0,100,327419,2018,3653,61102,0,,,,,,,3/14/80,58700,0,,,2020-04-01
P163855F,0127-383-06-0000,SAN BERNARDINO,392 W HOLLY ST,RIALTO,CA,92376,4889,"35,35","PETERSON,PAUL E TRUST",PAUL,PETERSON,"PETERSON,PAUL E TRUST",,392 W HOLLY ST,RIALTO,CA,92376,1,SFR,1,"1,176",1959,3,2,8408,0,1,329500,0,100,45271,2018,4122,6000,0,,,,,,,,,0,,,2020-04-01
P1B92B46,0264-661-05-0000,SAN BERNARDINO,19670 KAURI AVE,RIALTO,CA,92377,6877,17,"ROLISON,JORNEL",JORNEL,ROLISON,,,19670 KAURI AVE,RIALTO,CA,92377,0,SFR,1,"2,175",1964,4,2.5,10260,1,1,453200,119517,74,375000,2019,5362.74,106027,0,DOWNEY S&L ASSN FA,2005-06-04,170000,,,,2005-06-04,310000,0,,,2020-04-01
P1AC904B,0150-342-15-0000,SAN BERNARDINO,2443 ROXBURY DR,SAN BERNARDINO,CA,92404,3633,"76,76","SCHRAM,WRIGHT G & DORIS E REV LIV TRUST",WRIGHT,SCHRAM,DORIS,,2443 ROXBURY DR,SAN BERNARDINO,CA,92404,1,SFR,1,850,1950,3,1,5300,0,1,228400,15462,93,39909,2018,592,7231,0,NORTH AMERICAN MTG CO,8/8/96,30500,,,,5/25/76,20100,0,,,2020-04-01
P1ADED80,0262-151-14-0000,SAN BERNARDINO,2523 OGDEN ST,SAN BERNARDINO,CA,92407,,"441,19","LAWRENCE,WILLIAM L",WILLIAM,LAWRENCE,,,25894 7TH ST,SAN BERNARDINO,CA,92410,0,LND,1,"1,426",1930,3,1,8250,0,1,259500,0,100,6755,2018,110,107156,0,,,,,,,2004-02-13,0,0,,,2020-04-01
P10E0EAC,0141-051-28-0000,SAN BERNARDINO,572 BUNKER HILL DR,SAN BERNARDINO,CA,92410,,15,"RAZO,ALBERT N & SOPHIE",ALBERT,RAZO,SOPHIE,,572 BUNKER HILL DR,SAN BERNARDINO,CA,92410,1,SFR,1,996,1944,3,1,6850,0,1,198600,0,100,74296,2018,1041,7001,0,BIG BROTHER BAIL BONDS,9/14/88,,,,,1/12/83,0,0,,,2020-04-01
P1769AF5,560-132-01-00,SAN DIEGO,1505 F AVE,NATIONAL CITY,CA,91950,RANCHO DE LA NACION,"1,2","FRANKLIN,HARRY W LIVING TRUST",HARRY,FRANKLIN,"FRANKLIN,HARRY W LIVING TRUST",,425 PRENTISS ST,SAN FRANCISCO,CA,94110,0,SFR,1,624,1939,2,1,0,0,0,307300,0,100,32226,2018,775,6036,0,,,,,,,8/15/00,0,0,,,2020-04-01
P1767725,514-150-54-00,SAN DIEGO,1222 JAMACHA RD,EL CAJON,CA,92019,RANCHO EL CAJON,,"KUNKEL,GARY J & VANESSA R",GARY,KUNKEL,VANESSA,"KUNKEL,VANESSA R",PO BOX 50550,PALO ALTO,CA,94303,0,SFR,1,"2,865",1960,4,3,40946,1,0,779300,141174,82,651809,2018,7976.32,59093,0,WELDON FAMILY TRUST (PT),2001-12-16,150000,,,,2001-12-16,626500,0,Market,626500,2020-04-01
P193D0FF,507-432-01-00,SAN DIEGO,1497 CLARKE DR,EL CAJON,CA,92021,CAROL ESTATES,34,"DAVIS,SINDY R",SINDY,DAVIS,,,5629 W AVENUE X,ACTON,CA,93510,0,SFR,1,"1,528",1961,4,2,7400,0,0,490000,12320,97,75223,2018,946,3091,0,HOMEFED BANK,4/10/92,44000,,,,11/6/63,0,0,,,2020-04-01
P13D8701,105-242-25-00,SAN DIEGO,947 MCDONALD RD,FALLBROOK,CA,92028,PRUETTS LANDING,4E,"WOLFE,HELEN FAMILY TRUST",HELEN,WOLFE,"WOLFE,HELEN FAMILY TRUST",,3878 KLAMATH WAY,NAPA,CA,94558,1,SFR,1,768,1964,2,1,0,0,0,321100,0,100,25126,2018,227,75002,0,,,,,,,5/28/09,0,0,,,2020-04-01
P1AA27B0,184-021-18-00,SAN DIEGO,1835 MONTGOMERY DR,VISTA,CA,92084,KEW GARDENS,46,"GRANADOS,CHRISTOPHER & JUDITH 1991 FAMILY TRUST",CHRISTOPHER,GRANADOS,JUDITH,,1835 MONTGOMERY DR,VISTA,CA,92084,1,SFR,1,"1,352",1957,2,2,0,0,0,427700,0,100,58017,2018,1200,96036,0,,,,,,,8/14/59,0,0,,,2020-04-01
P10CCA8E,535-543-14-00,SAN DIEGO,2735 L ST,SAN DIEGO,CA,92102,HENSLEYS ADD,L,"EDWARDS,MONICA D & LEONARD R",MONICA,EDWARDS,LEONARD,,9404 BARBIC LN,SPRING VALLEY,CA,91977,0,MFR,2,"1,063",1923,3,2,2495,0,0,445600,0,100,12738,2018,178,8001,0,,,,,,,6/8/76,0,0,,,2020-04-01
P1AAF46D,545-482-10-00,SAN DIEGO,3485 WEBSTER AVE,SAN DIEGO,CA,92113,STRATFORD PINES,1,"JOHNSON,JIMMIE W & ERNESTINE B",JIMMIE,JOHNSON,ERNESTINE,,3485 WEBSTER AVE,SAN DIEGO,CA,92113,1,SFR,1,"1,170",1957,3,2,6499,0,0,394600,0,100,36693,2018,370,8001,0,,,,,,,4/21/72,0,0,,,2020-04-01
P1BACD95,316-240-01-03,SAN DIEGO,10820 SABRE HILL DR UNIT 187,SAN DIEGO,CA,92128,BROOKVIEW SQUARE,1,"OKADA,MARK AKIRA",MARK,OKADA,,,10820 SABRE HILL DR UNIT 187,SAN DIEGO,CA,92128,0,CND,1,904,1993,2,2,0,1,0,406500,0,100,365000,2018,3300,8141,0,,,,,,,5/25/05,334000,0,,,2020-04-01
P1139333,003-676-027,SAN LUIS OBISPO,2219 BOULEVARD DEL CAMPO,SAN LUIS OBISPO,CA,93401,PARCEL MAP SL-86-255,,MICHAEL GERALD L FAMILY TRUST,MICHAEL GERALD L FAMILY TRUST,,,,2219 BOULEVARD DEL CAMPO,SAN LUIS OBISPO,CA,93401,1,SFR,1,0,0,0,0,7821,0,0,824200,250000,70,328336,2018,3445.52,3000,0,JP MORGAN CHASE BK NA,2/27/15,250000,,,,,,0,,,2020-04-01
P113992F,076-481-008,SAN LUIS OBISPO,3580 BULLOCK LN,SAN LUIS OBISPO,CA,93401,SLO,134,"ANDERSON,JEANNE A TR",JEANNE,ANDERSON,"ANDERSON,JEANNE A TR",,PO BOX 688,WILDERVILLE,OR,97543,0,SFR,1,0,0,0,0,0,0,0,510979,0,100,54832,2012,550,112030,0,,,,,,,,,0,,,2020-04-01
P173356F,004-971-026,SAN LUIS OBISPO,3050 JOHNSON AVE,SAN LUIS OBISPO,CA,93401,,,CAMPBELL DYER H (TE),CAMPBELL DYER H (TE),,,,3050 JOHNSON AVE,SAN LUIS OBISPO,CA,93401,1,SFR,1,"1,687",1977,3,2,9600,0,1,693700,19158,97,158337,2018,1622.7,3000,0,NORWEST MTG INC,2/26/99,33000,,,,,,0,,,2020-04-01
P1745B6F,004-775-005,SAN LUIS OBISPO,1254 SAN MATEO DR,SAN LUIS OBISPO,CA,93401,TRACT 107,5,"LAWRENCE,VINCY J",VINCY,LAWRENCE,,,1254 SAN MATEO DR,SAN LUIS OBISPO,CA,93401,0,SFR,1,"2,131",1959,3,2,6300,0,2,896600,317836,65,693769,2018,7438.92,3000,0,BANK OF AMERICA,4/17/13,370000,,,,8/25/08,613000,0,Market,799000,2020-04-01
P1A8DAB5,003-653-001,SAN LUIS OBISPO,2006 SWAZEY ST,SAN LUIS OBISPO,CA,93401,BUENA VISTA ADD,1,DELRIO FRANK X (TE),DELRIO FRANK X (TE),,,,2006 SWAZEY ST,SAN LUIS OBISPO,CA,93401,1,SFR,1,0,0,0,0,6984,0,0,688700,0,100,23441,2018,176.28,3000,0,,,,,,,,,0,,,2020-04-01
P1293C14,007-861-003,SAN LUIS OBISPO,286 STAGECOACH RD,ARROYO GRANDE,CA,93420,555 UN 01,3,BOWERS DEBBIE L (TE),BOWERS DEBBIE L (TE),,,,286 STAGECOACH RD,ARROYO GRANDE,CA,93420,1,SFR,1,"1,272",1979,3,3,6666,0,2,605100,100000,83,291309,2018,3153.2,1000,0,BANK OF AMERICA NA,2004-05-18,100000,,,,11/14/83,160000,0,,,2020-04-01
P141C15F,007-382-004,SAN LUIS OBISPO,403 GREENWOOD DR,ARROYO GRANDE,CA,93420,,4,"MOOTS,HAROLD G ETUX",HAROLD,MOOTS,,,403 GREENWOOD DR,ARROYO GRANDE,CA,93420,1,SFR,1,"1,339",1969,3,2,7749,0,0,520300,0,100,59676,2018,573,1000,0,,,,,,,,,0,,,2020-04-01
P14B3623,064-172-011,SAN LUIS OBISPO,1535 CASS AVE,CAYUCOS,CA,93430,PASO ROBLES 02,12,ZINN SHARON B (TE),ZINN SHARON B (TE),,,,1535 CASS AVE,CAYUCOS,CA,93430,1,SFR,1,"1,024",1969,2,2,3680,0,0,734400,202861,72,153988,2018,1677.78,63008,0,JP MORGAN CHASE BK,2011-03-10,240939,,,,,,0,,,2020-04-01
P1190991,060-621-053,SAN LUIS OBISPO,546 S 16TH ST,GROVER BEACH,CA,93433,PARCEL MAP G-77-263,2,SWOR ROBERT G (TE),SWOR ROBERT G (TE),,,,546 S 16TH ST,GROVER BEACH,CA,93433,1,SFR,1,997,1952,2,1,7500,0,0,404600,0,100,220777,2018,2552.66,5000,0,,,,,,,7/27/11,200000,0,,,2020-04-01
P1A24712,066-084-066,SAN LUIS OBISPO,741 BUTTE AVE,MORRO BAY,CA,93442,MORRO BAY VISTA TR,"5,6","FIELDS,DORIS E TR ETAL",DORIS,FIELDS,"FIELDS,DORIS E TR ETAL",,741 BUTTE AVE,MORRO BAY,CA,93442,0,SFR,1,"1,512",1990,2,2,5377,0,0,675000,0,100,249711,2017,2677,6002,0,,,,,,,,,0,,,2020-04-01
P1286D82,087-021-018,SANTA BARBARA,1128 N A ST,LOMPOC,CA,93436,LOM 43,3,"SILVA,SONIA",SONIA,SILVA,,,PO BOX 13222,BAKERSFIELD,CA,93389,0,SFR,1,"1,372",1960,3,2,6534,0,0,346400,0,100,250598,2018,2974,1000,0,,,,,,,4/25/83,0,0,,,2020-04-01
P1136091,109-182-001,SANTA BARBARA,3485 DAKOTA DR,SANTA MARIA,CA,93455,EVERGREEN ACRES,13,BRANNON,BRANNON,,MARILYN N BRANNON (TE),MARILYN N BRANNON (TE),3485 DAKOTA DR,SANTA MARIA,CA,93455,1,SFR,1,"3,266",1956,3,2,25265,0,0,581700,11835,98,153037,2018,2689.58,80041,0,BANK OF AMERICA,4/22/94,30000,,,,7/17/70,0,0,,,2020-04-01
P1B70FEB,526-0-040-190,VENTURA,613 AVENIDA DE LA PLATA,THOUSAND OAKS,CA,91320,2062,68,"LOMBARDO,TANO",TANO,LOMBARDO,,,613 AVENIDA DE LA PLATA,NEWBURY PARK,CA,91320,0,CND,1,903,1971,2,1,6750,0,0,352500,0,100,207000,2018,2243,8083,0,,,,,,,10/20/17,207000,0,Market,379000,2020-04-01
P16F1DFC,069-0-202-085,VENTURA,208 SENECA ST,VENTURA,CA,93001,,52,"DARATA,MICHAEL A & SAUNDRA TRUST",MICHAEL,DARATA,SAUNDRA,,528 MINT LN,VENTURA,CA,93001,0,SFR,1,"1,392",1979,3,2,6000,0,1,475000,175917,63,134840,2018,1527,5012,0,WORLD SVGS BK FSB,2/19/03,224000,RABOBANK,2002-06-08,100000,7/14/81,0,0,,,2020-04-01
P17050F4,069-0-052-345,VENTURA,241 FRANKLIN LN,VENTURA,CA,93001,,22,"MOSS,SALLY C E",SALLY,MOSS,,,241 FRANKLIN LN,VENTURA,CA,93001,1,SFR,1,656,1926,2,1,4747,0,1,387400,0,100,16056,2018,203,5075,0,,,,,,,10/20/65,0,0,,,2020-04-01
