PRIORITY,MAIL STATUS,DECEASED,NOTES,COUNTY,ADDRESS,CITY,STATE,ZIP,OWNER FIRST NAME,OWNER LAST NAME,OWNER2,,MAILING ADDRESS,MAILING CITY,MAILING STATE ,MAILING ZIP,PROPERTY TAX,,,,,,TAX STATUS,AUCTION ADDRESS,,,TAX STATUS,DATE
, Do not mail,,nixie,Los Angeles,3721 S Patton Ave,San Pedro,CA,,Suzanne,Takayama,,,1241 W 22nd St,San Pedro,CA,90731,,,4500,,,,,,,,,Dec-18
XXXXX,do not mail,,,Los Angeles,5218 W Avenue L12,Lancaster,,,Van,Carman,,,NO ADDRESS,Lancaster,CA,93536,2425,197300,0,197300,7/23/65,,defaulted,,,,,Dec-18
,do not mail,,squat in place,Los Angeles,2513 Travers Ave,Commerce,,,Erminia,Esquivel,Julian,,2513 Travers Ave,Commerce,CA,90040,,,,,,,,,,,,Dec-18
x,do not mail,both deceased,,Orange,10081 Decima Dr.,Westminster,,,Edward,Gillis,Irene Gillis,,!NO ADDRESS,,,,,,,,,,,,,,,Dec-18
,do not mail,,mark wilmsen squatting,Los Angeles,6218 E Conant St,Long Beach,,,Elizabeth,Giveen,,,NO ADDRESS,Long Beach,CA,90808,1110,,,,,,,,,,,Dec-18
,do not mail,,Vacant,Kern,471 Klassen St,Shafter,,,Marie,Harmon,,,471 Klassen St,Shafter,CA,93263,,102700,3896,96,,hot 40 drive list,,,,,,Dec-18
XXXXX,do not mail,deceased,vacant,Los Angeles,9615 Bert St,Pico Rivera,,,Ivy,Inbody,,,NO ADDRESS,,CA,90660,,,,,,,,,,,,Dec-18
,do not mail,,asked not to be contacted,Kern,519 A St,Bakersfield,,661-633-1976,Patricia,Leddy,James,,2501 Dracena St,Bakersfield,CA,93304,,,,,,,,,,,,Dec-18
,do not mail,,,Los Angeles,2931 Montellano Ave,Hacienda Heights,,,Shu,Lee,ericleemd@aol.com,,!NO ADDRESS,,,,,790400,46770,743630,3/18/88,,,,,,,Dec-18
,do not mail,deceased,squatter in process,Los Angeles,8322 Hickory St,Los Angeles,,,Maria,Manzanarez,,,NO ADDRESS,Los Angeles,CA,90001,,279900,23233,256667,2007-04-05,,Defaulted,,,,,Dec-18
,do not mail,,,Los Angeles,13508 Beach St,Cerritos,,,Benjamin,Navarro,Norma,,NO ADDRESS,Cerritos,CA,90703,,,,,,,,,,,,Dec-18
,do not mail,,occupied,Kern,3804 University Ave,Bakersfield,,,Madaline,Payha,Care Of Charlene Payha,,3804 University Ave.,Bakersfield,Ca,93306,,,,,,,,,,,,Dec-18
XXXX,do not mail,,VACANT,Los Angeles,8417 Stanford Ave,Los Angeles,,,Theresa,Rivers,,,!NO ADDRESS,Los Angeles,CA,90001,,,,,,,,,,,,Dec-18
,do not mail,,,Ventura,1511 W Birch St,Oxnard,,,Jesus,Robledo,,,1511 W Birch St,Oxnard,Ca,93035,,,,,,,,,,,,Dec-18
,do not mail,,squatter in process,Los Angeles,11971 Cedarvale St,Norwalk,,,,Senteno,Antonio,,15421 Weeks Dr.,,CA,90604,,328400,0,328400,,,,,,,,Dec-18
xxx,do not mail,,nixie,Los Angeles,2186 New York Dr,Altadena,,,Gary,Stephen,,,!NO ADDRESS,,,91107,,,8900,,,,,,,,,Dec-18
XXXXX,do not mail,squatter,VACANT/possible deceased,Los Angeles,703 S Huntington St,San Fernando,,,Guillermo,Tapia,,,!NO ADDRESS,San Fernando,CA,91340,,,,,,,,,,,,Dec-18
XXXXX,do not mail,,VACANT& DECEASED,Los Angeles,1050 W Avenue J6,Lancaster,,,Mary,Tierno,,,!NO ADDRESS,Lancaster,CA,93534,,,9018,,,,,,,,,Dec-18
,do not mail,,still lives there/beligerent,Orange,13281 Galway St,Garden Grove,,,Tina,Willey,,,NO ADDRESS,Bakersfield,CA,93304,,,,,,,,,,,,Dec-18
,,,trustee/realtor,Orange,8245 Gregory Cir,Buena Park,,,Raul,Acevedo,,,701 Larchwood Dr,Brea,CA,92821,,,,,,,,,,,,Dec-18
,,,,Los Angeles,1556 W 37Th Pl,Los Angeles,,,Jesse,Augborne,,,1556 W 37th Pl,Los Angeles,CA,90018,2043,604400,0,604400,,nixie,defaulted,,,,,Dec-18
,,,,SANTA BARBARA,808 S MCCLELLAND ST,SANTA MARIA,CA,93454,Gilda,Aveo,,,804 S MCCLELLAND ST,SANTA MARIA,CA,93454,,,,,,,,,,,,Dec-18
,,deceased,gene,Los Angeles,3568 Lashbrook Ave,Rosemead,,,Rosalie,Ball,,,9302 W Beryl Ave,Peoria,AZ,85345,,*,6553,,,,,,,,,Dec-18
,,,nixie,Los Angeles,168 N Lincoln Pl,Monrovia,,,Gavin,Barker,Michelle,,PO BOX 1308,Monrovia,CA,91017,,*,,,,,,,,,,Dec-18
,,,Vacant,Kern,3116 16th St,Bakersfield,,,Peter,Beckman,,,1400 Chester Ave Suite #L,Bakersfield,CA,93301,3900,214900,24522,89,,hot 40 drive list,,,,,,Dec-18
,,,,LOS ANGELES,1406 W 105th St.,Los Angeles,,,Lane,Bragg,Will D. Bragg,,3424 W 74TH ST,LOS ANGELES,CA,90043,,,,,,,,,,,,Dec-18
,,,,LOS ANGELES,1245 W 81st Pl,Los Angeles,,,Karen,Bragg,,,5978 S CITRUS AVE,Los Angeles,CA,90043,,,,,,,,,,,,Dec-18
XXXXX,do not mail,,,Los Angeles,3919 W 105Th St,Inglewood,,,Beverly,Burns,,,SKIP,Inglewood,CA,90303,7141,440900,0,440900,2/3/90,,defaulted,,,,,Dec-18
,,,,Los Angeles,1514 S Genesee Ave,Los Angeles,,,Len,Carbado,,,5216 El Mirador Dr,Los Angeles,CA,90008,,1084800,121320,963480,5/14/97,nixie,Defaulted,,,,,Dec-18
XXXX,,,,Los Angeles,113 N 21St St,Montebello,,,Marina,Cardenas,,,7012 Dinwiddie St,Downey,CA,90241,,,,,,,,,,,,Dec-18
,,,,Los Angeles,9508 Rosehedge Dr,Pico Rivera,,,Lisa,Carrion,,,12385 Cypress Ave,Chino,CA,91710,,428500,0,428500,4/14/72,nixie,Defaulted,,,,,Dec-18
,,deceased,18-Feb,Ventura,5031 S. J St,Oxnard,,,Rosemary,Carson,c/o Robert T Carson,,324 Gardenia Ave,Camarillio,CA,93010,,,,,,,,,,,,Dec-18
,,,,Los Angeles,732 Date St,Montebello,CA,,Delphine,Castle,,Mail again,1971 Skyview Dr,Altadena,CA,91001,,651400,0,651400,,,Defaulted,,,,,Dec-18
,,,,Los Angeles,11210 Briarcliff Ln,Studio City,,,Tove,Christensen,,,3940 Laurel Canyon Blvd #493,Studio City,CA,91604,,,,,,,,,,,,Dec-18
x,,,VACANT,Los Angeles,403 E Avenue R6,Palmdale,,,Harold,Clay,Anne,,38627 Lemsford Ave,Palmdale,CA,93550,,*,,,,,,,,,,Dec-18
,,,,Ventura,1932 Isabella St,Oxnard,,,Mercedes,Coronado,,,327 Sycamore Cottage Ct,Camarillo,CA,93012,,,,,,,,,,,,Dec-18
,,,"433 N.Camden #888 Beverly hills, CA 90210Richard Stone Esq. ",Los Angeles,20395 Seaboard Rd,Malibu,,,Eleanor,Criswell,,,156 Grant Ave. #212,Novato,CA,94945,,,,,,,,,,,,Dec-18
,,,in trust outo fstate trustee,Los Angeles,8926 Bright Ave,,,,Paul,Daniel,,,1710 Benedict Ct,Rowlett,TX,75088,,355300,0,355300,3/5/76,,Defaulted,,,,,Dec-18
,,,Vacant,Kern,2132 Mahoney St,Bakersfield,,,Tommy,De Witt,,,1805 Basswood Ave,North Las Vegas,Nv,89030,13000,95700,6727,93,5/6/92,hot 40 drive list,,,,,,Dec-18
,,,,Orange,1803 S Van Ness,Santa Ana,,,Alejandro,Diaz,,,19 Carriage Way,Pomona,CA,91766,,,,,,,,,,,,Dec-18
,,,nixie,Los Angeles,4645 W Avenue K8,Lancaster,,,Barbara,Dragon,,,1439 Cottage Dr,Stillwater,MN,55082,,,,,,,,,,,,Dec-18
,,,Vacant,Kern,824 Cardiff Ave,Arvin,,,Cindy,Elizondo,,,1315 Nance St,Arvin,CA,93203,,,,,,,,,,,,Dec-18
,,,nixie,Los Angeles,4409 Wyncrest Way,La Canada Flintridge,,,Welch,Enneking,,,4053 Swindell Hallow Rd.,Lebanon,TN,37090,,,,,,,,,,,,Dec-18
,,,,Los Angeles,18709 Runnymede St,Reseda,,,Bartalome,Flores,Concepcion,,5194 Jasmine St.,San Bernardino,CA,92407,,678700,81618,88,2/6/90,hot 40 drive list,,,,,,Dec-18
,,,nixie,Ventura,219 Fillmore St,Fillmore,CA,,Maria,Fossati,,Mail Again,PO Box 6398,Ventura,CA,93006,,,,,,,,,,,,Dec-18
,,,check address,Los Angeles,796 W 27Th St,San Pedro,,,Marylyn,Ginsburg,Marilyn,,6073 Woodfern Dr,Rancho Palos Verdes,CA,90275,,,,,,,,,,,,Dec-18
,,,,San Luis Obispo,930 Anchor St,Morro Bay,,,Robert,Graham,,,3415 Julian Ave,Long Beach,CA,90808,,,,,,,,,,,,Dec-18
,,,,Ventura,4231 E Center St,Piru,CA,,Denise,Grimes,,Mail Again,1841 Southfork PL,Paso Robles,CA,93446,,290700,0,100,37658,top200campaignJAN2018.xlsx,,nixie,,,,Dec-18
,,,,Los Angeles,13729 Dronfield Ave,Sylmar,,,Janet,Grimes,,,Po Box 2042,Kernville,CA,93238,,483300,25150,95,4/29/94,hot 40 drive list,,,,,,Dec-18
x,,,nixie,Los Angeles,10722 Anzac Ave,Los Angeles,,,Elisa,Gutierrez,,,NO ADDRESS,Los Angeles,CA,90059,,,,,,,,,,,,Dec-18
,,,,Los Angeles,10724 Lull St,Sun Valley,,,Jimmie,Guzman,Rosalba,,4149 Beemis St,Los Angeles,CA,90039,,,,,,,,,,,,Dec-18
x,,,nixie,Los Angeles,4809 Mendota Ave,Los Angeles,,,Rena,Haley,,,415 Molino St Suite #6,Los Angeles,CA,90013,,*,,,,,,,,,,Dec-18
,,,,Ventura,4090 Valley Fair St,Simi Valley,,,Kurt,Hartman,,,232 Arcturus St,Thousand Oaks,CA,91360,,466600,52694,89,1/8/93,hot 40 drive list,,,,,,Dec-18
XXXX,,deceased,/relative in place/needs probate,Los Angeles,6216 St Albans St,Los Angeles,,,Robert,Head,,,3004 Lincoln Ave,Altadena,CA,91001,,,,,,,,,,,,Dec-18
XXXX,,,lives down the street,Los Angeles,1111 W 85th St,Los Angeles,,,LB,Heard,,,1116 W 85Th St,Los Angeles,CA,90044,,493900,0,493900,12/23/69,,Defaulted,,,,,Dec-18
,,,nixie,Los Angeles,8139 Matilija Ave,Van Nuys,,,Daniel,Henderson,,,8639 Gullo Ave,Panorama City,CA,91402,,*,,,,,,,,,,Dec-18
,,deceased,VACANT/ines deceased,Los Angeles,7923 Lou Dillon Ave,Los Angeles,,,Pablo,Hernandez,,,407 Doyle Ave,Redlands,CA,92374,,*,,,,,,,,,,Dec-18
,,,check addres,Los Angeles,957 Coriolanus Dr,Monterey Park,,,Gustavo,Herrera,Theresa,,41672 Big Sage Ct,Temecula,CA,92591,,,,,,,,,,,,Dec-18
,,both deceased/lawrence III alive,,Los Angeles,2903 W 73rd St,Los Angeles,,,Lawrence,Horton,,,3424 Garnet Ave,Rosamond,CA,93560,12000,,,,,,,,,,,Dec-18
XXXX,,,,Los Angeles,17028 Pocono St,La Puente,,,Joyce,Hougensen,,,21621 Sandia Rd,Apple Valley,CA,92308,2700,472200,100000,372200,8/23/88,,defaulted,,,,,Dec-18
,,,,Los Angeles,5514 Goss Canyon Ave,La Crescenta,,,Marilyn,Houston,c/o Bradley Houston,,11864 Juniette St,Culver City,CA,90230,,,,,,,,,,,,Dec-18
,,"decease husband, taxes current",,Los Angeles,436 S Rall Ave,La Puente,,,Sirila,Huerta,,,5836 S Robins Way,Chandler,AZ,85249,,373400,0,100,12/6/72,top200campaignJAN2018.xlsx,,,,,,Dec-18
,,,,Orange,5892 Nugget Cir,Huntington Beach,,,Anne,Hunt,,,109 Rachel St,Lumberton,NC,28358,,,,,,,,,,,,Dec-18
,,,,Los Angeles,5160 E Vista Hermosa St,Long Beach,,,Dick,Hunt,,,3773 Delta Ave,Long Beach,CA,90810,,1144400,142678,1001722,7/20/79,,Defaulted,,,,,Dec-18
,,deceased,deceasedxxxx,Kern,701 Elsey St,Bakersfield,,,Evelyn,Johnson,Care Of Karen S Johnson,,6609 Kentwood Bluffs Dr,Los Angeles,CA,90045,1700,,,,,,,,,,,Dec-18
,,,,Ventura,2667 Royal Ave,Simi Valley,,,Doris,Juckno,,,12727 3rd Ave NW,Seattle,WA,98177,,,,,,,,,,,,Dec-18
,,,,Ventura,2181 Sycamore Dr,Simi Valley,,,Neil,Kappock,,,4214 Tecolote,Moorpark,CA,93021,,461400,34920,92,12/13/82,hot 40 drive list,,,,,,Dec-18
,,,,Ventura,2770 Rock St,Simi Valley,,,Linda,Kasha,,,1811 Rebel Ridge Dr,Anchorage,AK,99504,,534300,0,100,9/16/75,hot 40 drive list,,,,,,Dec-18
,,,,Ventura,950 N 10Th St,Santa Paula,,,Mark,King,,,950 Terracina St,Santa Paula,Ca,93060,,680600,431946,37,2001-10-06,hot 40 drive list,,,,,,Dec-18
,,,possibly vacant,Kern,1318 7th St,Wasco,,,Suzanne,Lacy,,,28 Privateer St Apt 5,Marina Del Rey,Ca,90292,,168800,13079,92,2/7/91,hot 40 drive list,,,,,,Dec-18
,,,,Ventura,344 S Evergreen Dr,Ventura,,,Kristine,Lambert,,,17433 Stare St,Northridge,Ca,91325,,,,,,,,,,,,Dec-18
,,,,Santa Barbara,451 Soares Ave,Orcutt,,,Donat,Landry,Brenna,,3938 E. Laurel Ct,Visalia,CA,93292,,340300,44030,87,12/3/92,hot 40 drive list,,,,,,Dec-18
,,,,Ventura,2202 Trinway Ave,Simi Valley,,,Taryn,Laufman,,,4251 Adam Rd,Simi Valley,Ca,93063,,497300,59171,88,,hot 40 drive list,,,,,,Dec-18
,,,son is attorney,Ventura,914 Teague Dr,Santa Paula,,,John M.,Lemmon,,,2339 Gold Meadow Way Ste #205,Gold River,CA,95670,,585400,51479,91,2009-07-07,hot 40 drive list,,,,,,Dec-18
,,deceased,,Los Angeles,3022 S Beverly Dr,Los Angeles,,,Pearl,Litvak,c/o Ron Litvak,,325 S. Wetherly Dr,Beverly Hills,CA,90211,,,,,,,,,,,,Dec-18
,,,need to check google map data too old,Kern,"741 Rosewood Ave, 2408 Garden, 1026 Maple,755 Oak, 546 D st, 302 Griffith,930 6th, ",Wasco,,,Geraldene,Long,,,2000 Autumn Rose Ct.,Bakersfield,CA,93312,,,,,,,,,,,,Dec-18
,,,,Ventura,760 N Main St,Piru,,,Priscilla,Lopez,,,Po Box 535,Piru,Ca,93040,,460907,0,100,4/2/93,hot 40 drive list,,,,,,Dec-18
,,,,Los Angeles,14643 Mercado Ave,La Mirada,,,Ronald,Loven,,,2782  Carol Ln.,Bishop,CA,93514,,581800,72919,508881,3/23/79,,,,,,,Dec-18
XXXX,,,,Los Angeles,113 N 21St St,Montebello,,,Anthony,Luevano,,,13020 Pacoima Rd,Victorville,CA,92392,,,,,,,,,,,,Dec-18
,,,,Los Angeles,5813 E Olympic Blvd,Los Angeles,,,D.,Martin,,,897 N. Cottage Cove Way,Star,ID,83669,,397500,0,397500,10/20/69,,Defaulted,,,,,Dec-18
X,,,nixie/deceased(john),Los Angeles,3538 Sierra St,Los Angeles,,,John,Martinez,c/o Gus Martinez,,690 Tampico Cir,Corona,CA,92879,,,,,,,,,,,,Dec-18
,,,,Ventura,470 S Santa Cruz St,Ventura,,,Bill,Mauzey,,,4243 Blackberry Ln,Somis,Ca,93066,,484100,46472,90,6/21/84,hot 40 drive list,,,,,,Dec-18
XXXXXX,,,no relatives,Kern,515 E E St,Tehachapi,,,Madeline,Mazzanti,,,skip,,CA,93534,1800,,,,,,nixie,,,,,Dec-18
,,,,Ventura,1005 Cadway St,Santa Paula,,,Thomas,McCourt,,,11427 Porter Ranch Dr. APt#228,Porter Ranch,CA,91326,,405300,0,100,5/15/84,hot 40 drive list,,,,,,Dec-18
,,,,Los Angeles,4507 Laurelgrove Ave,Studio City,CA,,Greer,Mcgettrick,,mail again,3603 Mission St,San Francisco,CA,94110,,1072200,100000,972200,9/26/16,,Defaulted,,,,,Dec-18
,,,last skipped 9/24,Ventura,3963 Russ Ct,Simi Valley,,,Sheldon,Mckowan,Sheila,,9519 Hunt Club Ln,Chatsworth,Ca,91311,,657700,111922,83,7/22/76,Master list/hot 40 drive list,,,,,,Dec-18
,,,,Los Angeles,10760 Colyer Ave,Lynwood,,,Rosa,Mendoza,R,,9224 Haledon Ave,Downey,CA,90240,,424200,127540,296660,2007-03-11,,Defaulted,,,,,Dec-18
,,,vacant,Los Angeles,944 W Glenmere St,West Covina,,,Billie,Meneghel,,,4323 Cabot Dr.,Corona,CA,92883,,,,,,,,,,,,Dec-18
,,,,San Luis Obispo,380 Park Ave,Pismo Beach,,,Dorrine,Mettler,,,5624 Po Box,Bakersfield,CA,93388,,,,,,,,,,,,Dec-18
,,,,Los Angeles,9707 Arkansas St,Bellflower,,,Harry,Miller,,,6052 Olive Ave.,Long Beach,CA,90805,,394000,40078,353922,6/2/87,,SUBJECT TO POWER TO SELL,,,,,Dec-18
,,,,Ventura,213 Grand Ave,Ojai,,,Helene,Mirich-Spear,,,4714 Marshall Dr,Culver City,Ca,90230,,610800,0,100,3/15/95,hot 40 drive list,,,,,,Dec-18
X,,,VACANT,Los Angeles,18822 E Citrus Edge St,Azusa,,,Thomas,Molina,Bertha,,11588 Laurel Oak Rd,Victorville,CA,92392,,,,,,,,,,,,Dec-18
X,,,nixie/DECEASED(joseph),Los Angeles,5084 Sultana Ave,Temple City,,,Marcia,Molner,,,7637 Begonia Rd.,Phelan,CA,92371,,,1052,,,,,,,,,Dec-18
,,,nixie,Los Angeles,17525 Coolwater Ave,Palmdale,,,David,Monteon,,,9407 60th St W,Mojave,CA,93501,,,,,,,,,,,,Dec-18
,,,,Ventura,1324 Ojai Rd,Santa Paula,,,Dorothy,Moon,,,51793 Mountain Quail Pl,Oakhurst,CA,93644,,495200,0,100,,hot 40 drive list,,,,,,Dec-18
,,,,Ventura,,,,,Ryan,Morales,,,331 D St,Fillmore,CA,93015,,,,,,,,,,,,Dec-18
,,,,Ventura,4231 S J St,Oxnard,CA,,Henry,Moreno,Care Of Tonya C Dodson,Mail Again,440 Paseo Camarillo Apt 108,Camarillo,CA,93010,,,,,,,,,,,,Dec-18
,,,,Los Angeles,12027 Edderton Ave,,,,H,Morgan,M,,12027 Edderton Ave,,CA,90604,,497700,0,497700,6/28/90,,Defaulted,,,,,Dec-18
xxx,,deceased,,Los Angeles,18607 E Avenue R,Palmdale,,,Mary,Moses,Royston Moses,,9442 SOMERSET BLVD,BELLFLOWER,CA,90706,,,,,,,,,,,,Dec-18
,,,,Ventura,2333 Roosevelt Blvd,Oxnard,,,Joseph,Muratore,,,145 E 15th St Apt 7L,New York,Ny,10003,,388027,25050,94,9/30/88,hot 40 drive list,,,,,,Dec-18
xxx,,xxxdeceased,,Los Angeles,10017 Rosewood Ave,South Gate,CA,,Donald,Murphy,C/O Chris Murphy,Mail again,1455 Calle Alamo,Thousand Oaks,CA,91360,,409600,22184,387416,4/9/85,,Defaulted,,,,,Dec-18
X,,,VACANT,Los Angeles,12769 Torch St,Baldwin Park,,,Jenny,Nguyen,,,9402 Daytona Circle,Huntington Beach,CA,92646,,*,,,,,,,,,,Dec-18
,,,,Los Angeles,42315 52Nd St W,Lancaster,CA,,Robert,Osenga,,Mail again,42046 67th St W Apt F,Lancaster,CA,93536,,,,,,,,,,,,Dec-18
,,,,LOS ANGELES,419 Sierra Vista Ave.,Monrovia,,,Jacqueline,Pace,,,75 Quincy Ave.,Long Beach,CA,90803,,,,,,,,,,,,Dec-18
,,,,Los Angeles,300 N California St,Burbank,,,Edith,Pakozdy,,,536 N California St,Burbank,CA,91505,,,,,,,,,,,,Dec-18
,,,,Los Angeles,9319 Kalmia St,Los Angeles,,,Ruben,Palomera,,,6556 Fairfield St,Los Angeles,CA,90022,,385800,0,385800,1/19/11,,Defaulted,,,,,Dec-18
,,,,Los Angeles,9712 Tunney Ave,Northridge,,,Ronna,Panagarkis,,,2303 Mid Ln Apt #441,Houston,TX,77027,,,,,,,,,,,,Dec-18
,,,nixie,Los Angeles,11235 Mcdonald St,Culver City,CA,,Anthony,Pappas,,Mail Again,PO Box 2581,Culver City,CA,90231,,,,,,,,,,,,Dec-18
,,,,Los Angeles,10013 Cedardale Dr,Santa Fe Springs,,,Irene,Parra,,,825 Tamarack Ave Apt #41,Brea,CA,92821,,,,,,,,,,,,Dec-18
xxxx,,91 yrs old,,Orange,8245 Gregory Cir,Buena Park,,,Dottie,Patino,"Maria Patino 7101 Rosecrans Ave Paramount,CA spc 144 Paramount,CA 90723",,6092 Lime Ave Apt #A,Cypress,CA,90630,,,,,,,nixie,,,,,Dec-18
,,,,Los Angeles,17119 Newmont Ave,Lancaster,,,Richard,Pedersen,,,Po Box 1063,Ash Fork,AZ,86320,,240500,50421,79,6/29/01,hot 40 drive list,,,,,,Dec-18
,,,Vacant,Kern,2934 Shelly Ln,Bakersfield,,,Ray,Perez,Lupe,,7201 Condor St,Bakersfield,CA,93306,3339,136100,27986,79,8/31/78,hot 40 drive list,,,,,,Dec-18
,,,,Sonoma,7 Meadowglen Dr,Petaluma,,,Gwendolyn,Perrone,,,3665 Merlin Dr,Idaho Falls,ID,83404,,599500,0,100,,hot 40 drive list,,,,,,Dec-18
,,deceased,Raymond deceased,Los Angeles,1773 Genesee Dr,La Verne,,,Nancy,Podesta,c/o Christine Podesta,,2437 Escalante,La Verne,CA,91750,,,,,,,,,,,,Dec-18
XXXXXX,,deceased,daughter Stephanie is Executor,Ventura,3593 Evans Dr,Simi Valley,,,Stephanie,Polito,,,26622 Sierra Vista,Mission Viejo,CA,92692,2500,528800,0,100,5/24/85,hot 40 drive list,,,,,,Dec-18
,,,,Los Angeles,11358 Highdale St,Norwalk,,,Mahbubar,Rahman,Timi,,16014 S Denker Apt F,Gardena,CA,90247,,539100,0,539100,2005-01-16,,Defaulted,,,,,Dec-18
XXXX,,,,Los Angeles,113 N 21St St,Montebello,,,Rose,Regalado,,,1048 Simmons Ave,Los Angeles,CA,90022,"12,255",566300,37894,528406,2009-07-09,,Defaulted,,,,,Dec-18
,,DECEASED(antonio),,Los Angeles,14955 Oswald St,Sylmar,,,Francisca,Rodriguez,,,622 Hewitt St,San Fernando,CA,91340,,,,,,,,,,,,Dec-18
,,,,Ventura,10562 Nopalito St,Ventura,,,Richard,Sager,,,5551 Larkin St,Ventura,Ca,93003,,340800,0,100,2/20/87,hot 40 drive list,,,,,,Dec-18
,,,nixie,Los Angeles,37159 28Th St E,Palmdale,,,Steven or Christine,Saito,,,12008 Emelita St,Valley Village,CA,91607,,,,,,,,,,,,Dec-18
,,,,Los Angeles,1331 Exposition Blvd,Los Angeles,,,Carol,Sampson,,,8813 David Ave.,Los Angeles,CA,90034,,268600,25408,243192,,,Defaulted,,,,,Dec-18
,,,no house,Kern,519 Naylor Ave,Taft,,,Pineda,Sanchez,,,907 Thompson St Apt 5905,Austin,TX,78702,,,,,,,,,,,,Dec-18
,,,Vacant ,Kern,790 Mayer Ln,Shafter,,,Antonio,Sandoval,,,3163 Tenaya Ave Apt #C,South Gate,CA,90280,2334,,,,,,,,,,,Dec-18
,,,,Ventura,198 S Catalina St,Ventura,,,Rosemary,Schmitz,,,13619 Trumball St,,CA,90605,,605000,0,100,10/13/03,hot 40 drive list,,,,,,Dec-18
,,,,Ventura,1037 E Virginia Ter,Santa Paula,,,Samuel,Sepulveda,,,2611 El Dorado Ave,Oxnard,CA,93033,,367200,0,100,4/28/11,hot 40 drive list,,,,,,Dec-18
XXXXX,,deceased,,Los Angeles,15041 SHERVIEW PL,,,,Kaye,Smith,Ryan Smith,,13300 N. 88th Ave Apt #1169,Peoria,AZ,85381,,,,,,,,15982 EL SONETO DR,,,,Dec-18
,,,Vacant,Kern,942 E St,Wasco,,,Martha,Smothers,,,705 Sesnon St,Bakersfield,CA,93309,,,,,,,,,,,,Dec-18
,,,,Los Angeles,2811 W Avenue 34,Los Angeles,,,David M.,Solis,,,2811 W Avenue 34,Los Angeles,CA,90065,,667400,45804,621596,8/10/96,,SUBJECT TO POWER TO SELL,,,,,Dec-18
,,,,Los Angeles,107 W 66th St.,Los Angeles,,,Maple,Solomon,Keith Tatum,,805 S Pearl Ave,Compton,CA,90221,,,,,,,nixie,,,,,Dec-18
xxxx,,,,Orange,817 Louise St.,Santa Ana,,,Wilber,Sowers,,,5121 E Hacienda Ave,Las Vegas,NV,89122,,,,,,,,,,,,Dec-18
,,barbara(deceased),,Ventura,816 S F St,Oxnard,,,Richard,Stewart,,,8236 Aspen Dr,Weed,Ca,96094,,427100,61151,86,12/18/96,hot 40 drive list,,,,,,Dec-18
,,XXXdeceased,,Los Angeles,3286 Blair Dr,Los Angeles,,,Richard,Stiles,,,3286 Blair Dr,Los Angeles,CA,90068,1957,1114800,40029,1074771,9/6/78,,Defaulted,,,,,Dec-18
,,,,Los Angeles,4856 Round Top Dr,Los Angeles,,,Roger,Sumner,,,1747 Burbury Way,San Maros,CA,92078,,,,,,,,,,,,Dec-18
,,deceased,XXXdeceased,Los Angeles,1523 E Idahome St,West Covina,,,Dianne,Swenson,c/o Scott Swenson,,2185 E Mulholland Dr,Fort Mohave,AZ,86426,2457,473400,0,473400,10/10/86,,Defaulted,,,,,Dec-18
XXX,,,Deceased (rex thompson)Thomas Simpson Family Attorney,Los Angeles,1636 Vista Dr.,Glendale,,,Rex,Thompson,c/o William Thompson,,11649 Treviso Way,Rancho Cucamonga,CA,91701,,,,,,,,,,,,Dec-18
,,trust,Vacant,Ventura,807 Buena Vista St,Ventura,,,Lawrence,Thornton,,,603 8th St,Claremont,CA,91711,,623700,0,100,,hot 40 drive list,,,,,,Dec-18
,,,,Los Angeles,12777 Norris Ave,Sylmar,,,Jesus,Torres,,,12777 Norris Ave,Sylmar,Ca,91342,,468200,128585,73,10/28/85,hot 40 drive list,,,,,,Dec-18
X,,,Nixie,Los Angeles,5824 Heliotrope Ave,Maywood,,,Henry,Tristan,,,4325 Parkwood Ct Apt #C,Bakersfield,CA,93309,,,,,,,,,,,,Dec-18
,,,,Los Angeles,708 S Elwood Ave,Glendora,,,David,Trunnelle,,,1607 Po Box,Glendora,CA,91740,,,,,,,,,,,,Dec-18
,,,,Los Angeles,13066 Point Arena Pl,Cerritos,,,Jun,Tsai,Jun,,1335 Via Colonna Ter,Davis,CA,95618,,974600,0,974600,5/15/96,,,,,,,Dec-18
,,Paul deceased,,Los Angeles,23375 Newhall Ave.,Newhall,,,Carol,Veluzat,,,3215 Harbo Blvd,Oxnard,CA,93035,,,,,,,,,,,,Dec-18
,,,,Los Angeles,8905 Olin St,Los Angeles,,,Maria,Vestal,,,3400 Pine Ave.,Manhattan Beach,CA,90266,,,,,,,,,,,,Dec-18
,,,,San Luis Obispo,909 N Walnut Dr,Santa Maria,,,Mark,Vigil,,,1030 Ritchie Rd,Grover Beach,CA,93433,,,,,,,,,,,,Dec-18
,,,,Los Angeles,2902 Olive St,Huntington Park,,,Enrique,Viramontes,Ramona,,2846 Hope St,Huntington Park,CA,90255,,,,,,,,,,,,Dec-18
,,,nixie,Ventura,1124 Fuchsia Ln,Santa Paula,,,Mary,Vomund,,,221 Crownhill Ct,Ventura,Ca,93003,,x,,,,,,,,,,Dec-18
,,,,Ventura,145 E Birch St,Oxnard,,,Mary,Vomund,,,221 Crownhill Ct,Ventura,Ca,93003,,363300,0,100,7/10/87,top200campaignJAN2018.xlsx/hot 40 drive list,,,,,,Dec-18
,,,,Los Angeles,1177 Del Rey Ave,Pasadena,,,John,Walkowicz,,,22840 Hilton Head Dr. Unit 122,Diamond Bar,CA,91765,,760600,0,760600,9/18/81,,Defaulted,,,,,Dec-18
,,,,Orange,7912 Rainbow Cir,Huntington Beach,,,Edith,Wheeler,,,213 Laydon Ln,West Chester,PA,19380,,,,,,,,,,,,Dec-18
,,,,Kern,625 Randall St,Ridgecrest,CA,,Lowell & Lloyda,Wilkins,,,231 S. Alpine Dr,Alpine,UT,84004,,,,,,,,,,,,Dec-18
XXXXX,,,Vacant,Kern,762 Rosewood Ave,Wasco,,,Craig,Winn,,,SKIP,,CA,93446,,,,,,,,,,,,Dec-18
,,,,Ventura,2658 Amy Pl,Port Hueneme,,,Monica,Woolley,,,Po Box 7651,Ketchikan,AK,99901,,391100,95035,76,2004-08-04,top200campaignJAN2018.xlsx,,,,,,Dec-18
,,,vacant,Kern,10004 Elmco Ave,Lamont,,,Eleazar,Zamora,,,8724 Haupt Ave,Bakersfield,Ca,93306,,95500,0,100,1/7/86,hot 40 drive list,,,,,,Dec-18
,,,,Los Angeles,23058 Canzonet St,Woodland Hills,,,Itzhak,Zeitouni,Jo,,PO BOX 6093,Woodland Hills,CA,91365,,773300,161747,611553,2/24/86,,Defaulted,,,,,Dec-18
,,,,Ventura,1167 Los Angeles Ave,Ventura,,,Jeanne,Zuls,Dennis,,247 Occidental Dr,Oxnard,Ca,93036,,238498,0,100,9/30/09,hot 40 drive list,,,,,,Dec-18
