NOTES 1,VISUAL DISTRESS,TAX OWED,DECISION MAKER,SITE ADDRESS,SITE CITY,SITE COUNTY,SITE STATE,SITE ZIP,UNKNOWN,OWNER FIRST NAME,UNKNOWN,OWNER LAST NAME,UNKNOWN,OWNER 2,OWNER 3,OWNER 4,UNKNOWN,MAILING ADDRESS,MAILING COUNTY,MAIL CITY,MAIL STATE,MAIL ZIP,PHONE,EMAIL 1,EMAIL 2,NOTES 2,UNKNOWN,UNKNOWN,UNKNOWN,CONTACT DETAILS,ADDRESS 2,DATE
,y,,?,1556 W 37TH PL,1556 W 37Th Pl,Los Angeles,LOS ANGELES,CA,90018,GENIVA,Geniva,AUGBORNE,Augborne,,,,,PO BOX 88159,Po Box 88159,LOS ANGELES,Los Angeles,CA,90009,323-735-8713,gaugborne@hotmail.com,,,,,,,2019-08-01
deceased,y,747.1,,2513 TRAVERS AVE,2513 Travers Ave,Commerce,COMMERCE,CA,90040,ERMINIA,Erminia,ESQUIVEL,Esquivel,JULIAN,Julian,,,?????,?????,COMMERCE,Commerce,CA,90040,,,,,,,,,2019-08-01
deceased/squatters,y,7627,2014,9124 S BUDLONG AVE,9124 S Budlong Ave,Los Angeles,LOS ANGELES,CA,90044,FRANCES,Frances,FOLMAR,Folmar,,,,John Mottola,57976 Buena Vista Dr,57976 Buena Vista Dr,Yucca Valley,Yucca Valley,CA,92284,related to Mary Boatman,,,,,,,,2019-08-01
3 joint tenants,y,3350,2014,10722 ANZAC AVE,10722 Anzac Ave,Los Angeles,LOS ANGELES,CA,90059,Raul,Raul,Cervantes,Cervantes,,,,"Benigno Cervantes, Juana Cervantes, Raul Cervantes",10722 ANZAC AVE,10722 Anzac Ave,LOS ANGELES,Los Angeles,CA,90059,,,,,,,,,2019-08-01
,y,,,1563 E 108TH ST,1563 E 108th St,Los Angeles,LOS ANGELES,CA,90059,JOHN T,John T,LAWRENCE,Lawrence,CLIFFORD E,Clifford E,"LAWRENCE,CLIFFORD E",,1563 E 108TH ST,1563 E 108Th St,LOS ANGELES,Los Angeles,CA,90059,,,,,,,,,2019-08-01
,y,,?,2811 W AVENUE 34,2811 W Avenue 34,Los Angeles,LOS ANGELES,CA,90065,DAVID,David,SOLIS,Solis,,,,,2811 W AVENUE 34,2811 W Avenue 34,LOS ANGELES,Los Angeles,CA,90065,818-653-5867,,,,,,,,2019-08-01
,y,,,7509 FOSTORIA ST,7509 Fostoria St,Downey,DOWNEY,CA,90241,PETER,Peter,MEURSINGE,Meursinge,PATRICIA,Patricia,MEURSINGE TRUST,,7509 FOSTORIA ST,7509 Fostoria St,DOWNEY,Downey,CA,90241,,,,,,,,,2019-08-01
,y,,,10202 Angell,10202 Angell,Downey,Downey,CA,90242,Edward,Edward,Smilde,Smilde,,,,,2 Old Ranch Rd,2 Old Ranch Rd,Laguna Niguel,Laguna Niguel,CA,92677,949-489-9228,949-201-6381,esmilde@yahoo.com,,,,,,2019-08-01
deceased,y,,,8926 BRIGHT AVE,8926 Bright Ave,Whittier,WHITTIER,CA,90602,PAUL,Paul,DANIEL,Daniel,,,,,1710 Benedict Ct,1710 Benedict Ct,Rowlett,Rowlett,TX,75088,,,,,,,,,2019-08-01
,Y,,,14346 Marilla,14346 Marilla,Norwalk,Norwalk,CA,90650,HERMELINDA,Hermelinda,OHANA,Ohana,,,,,903 N HOBART BLVD APT 24,903 N Hobart Blvd Apt 24,LOS ANGELES,Los Angeles,CA,90029,,,,,,,,,2019-08-01
82,y,,,11521 MASSINGER ST,11521 Massinger St,Lakewood,Lakewood,CA,90715,Edward,Edward,Smilde,Smilde,,,,,2 Old Ranch Rd,2 Old Ranch Rd,Laguna Niguel,Laguna Niguel,CA,92677,,,,,,,,,2019-08-01
,y,,?,2186 NEW YORK DR,2186 New York Dr,Altadena,ALTADENA,CA,91001,GARY,Gary,STEPHEN,Stephen,,,,,70 N San Marino,70 N San Marino,Pasadena,Pasadena,CA,91107,626-945-0520,,,,,,,,2019-08-01
scrape land value,y,,,10724 LULL ST,10724 Lull St,Sun Valley,SUN VALLEY,CA,91352,JIMMIE,Jimmie,GUZMAN,Guzman,ROSALBA,Rosalba,,,4173 Verdant St ,4173 Verdant St ,LOS ANGELES,Los Angeles,CA,90039,818764-2691,guzmanray74@gmail.com,,,,,,,2019-08-01
,y,,,12045 RANCHITO ST,12045 Ranchito St,El Monte,EL MONTE,CA,91732,ICH,Ich,HOANG,Hoang,,,"QUACH,ALAN V",,12045 RANCHITO ST,12045 Ranchito St,EL MONTE,El Monte,CA,91732,,,,,,,,,2019-08-01
deceased,y,,Frank Bigelow,1240 S PENNSYLVANIA AVE,1240 S Pennsylvania Ave,Glendora,GLENDORA,CA,91740,ELAINE P,Elaine P,BEAUSHEUR,Beausheur,,,,Frank Bigelow,15846 W Fillmore St,15846 W Fillmore St,Goodyear,Goodyear,AZ,85338,626-963-0152,creightonfcb@gmail.com,,,,,,,2019-08-01
82 yrs old,y,3025.96,2016,17028 POCONO ST,17028 Pocono St,La Puente,LA PUENTE,CA,91744,JOYCE,Joyce,HOUGENSEN,Hougensen,,,,,21621 Sandia Rd # 117,21621 Sandia Rd # 117,Apple Valley,Apple Valley,CA,92308,,,,"4149 Bemis St Los Angeles, CA 90039",,,,artfullojoy@yahoo.com,2019-08-01
sr. home,y,,,620 N EAST ST,620 N East St,Anaheim,ANAHEIM,CA,92805,JUNE,June,MC BRIDE,Mc Bride,JOHN MCBRIDE,John Mcbride,,,1440 S EUCLID ST#204B,1440 S Euclid St#204B,ANAHEIM,Anaheim,CA,92805,,,,,,,,,2019-08-01
,y,,,210 W HIGHLAND DR,210 W Highland Dr,Camarillo,CAMARILLO,CA,93010,A,A,RUSHTON,Rushton,,,,,2182 THORNCLIFF DR NE,2182 Thorncliff Dr Ne,ATLANTA,Atlanta,GA,30345,,,,,,,,,2019-08-01
deceased,y,,,571 ASTER PL,571 Aster Pl,Santa Maria,SANTA MARIA,CA,93455,FREDRICK,Fredrick,BUMANN,Bumann,Melanie Kyle,Melanie Kyle,,,365 Black hawk Way,365 Black Hawk Way,Nipomo,Nipomo,CA,93444,805-619-7655,,805-937-3006,,melanie1961@live.com,daughter Melanie Kyle Brother Robert Bumann,,,2019-08-01
,Y,,,2466 Saint Clair,2466 Saint Clair,Simi Valley,Simi Valley,CA,,Rachelle,Rachelle,Bowers,Bowers,,,,,965 W Nickerson St apt #45,965 W Nickerson St Apt #45,Seattle,Seattle,WA,98119,Shelley Bowers,,818-388-0003,,diane albert roomate owner 206-298-9382,,,,2019-08-01
,n,,,154 E 99TH ST,154 E 99Th St,Los Angeles,LOS ANGELES,CA,90003,ESTHER,Esther,KEELE,Keele,,,,,154 E 99TH ST,154 E 99Th St,LOS ANGELES,Los Angeles,CA,90003,,,,,,,,,2019-08-01
,N,,,4139 3RD AV,4139 3Rd Av,Los Angeles,LOS ANGELES,CA,90007,VICTOR,Victor,ALLEN,Allen,,,,,425 BLUEBONNET TRL,425 Bluebonnet Trl,GARLAND,Garland,TX,75043,,,,,,,,,2019-08-01
,n,,,12126 AINSWORTH ST,12126 Ainsworth St,Los Angeles,LOS ANGELES,CA,90044,BETTIE,Bettie,COBETTE,Cobette,,,,,12126 AINSWORTH ST,12126 Ainsworth St,LOS ANGELES,Los Angeles,CA,90044,,,,,,,,,2019-08-01
,n,,,619 W 65TH ST,619 W 65Th St,Los Angeles,LOS ANGELES,CA,90044,SAMMIE J,Sammie J,MINAFEE,Minafee,,,,Robert Brown,619 W 65TH ST,619 W 65Th St,LOS ANGELES,Los Angeles,CA,90044,,,,,,,,,2019-08-01
,n,,,11527 HORLEY AVE,11527 Horley Ave,Downey,DOWNEY,CA,90241,ROBERT,Robert,GRIFFIN,Griffin,,,,,11527 HORLEY AVE,11527 Horley Ave,DOWNEY,Downey,CA,90241,,,,,,,,,2019-08-01
,n,,,8408 7TH ST,8408 7Th St,Downey,DOWNEY,CA,90241,BARBARA E,Barbara E,COLWELL,Colwell,,,,,8408 7TH ST,8408 7Th St,DOWNEY,Downey,CA,90241,,,,,,,,,2019-08-01
,n,,,8448 7TH ST,8448 7Th St,Downey,DOWNEY,CA,90241,JEAN,Jean,PETERS,Peters,,,,,8448 7TH ST,8448 7Th St,DOWNEY,Downey,CA,90241,,,,,,,,,2019-08-01
deceased,n,,Paul Daniel Jr,"15641 JANINE DR, WHITTIER, CA 9060","15641 Janine Dr, Whittier, Ca 9060",Whittier,Whittier,CA,90603,Paul,Paul,Daniel,Daniel,,,,,1710 Benedict Ct,1710 Benedict Ct,Rowlett,Rowlett,Tx,75088,,,,,,,,,2019-08-01
deceased,n,4123.34,,12027 EDDERTON AVE,12027 Edderton Ave,Whittier,WHITTIER,CA,90604,H,H,MORGAN,Morgan,M,M,,,12027 EDDERTON AVE,12027 Edderton Ave,WHITTIER,Whittier,CA,90604,,,,,,,,,2019-08-01
deceased,n,,,113 N 21ST ST,113 N 21St St,Montebello,MONTEBELLO,CA,90640,Lilia,Lilia,Luevano,Luevano,,,"LUEVANO,ANTHONY L JR",,113 N 21ST ST,113 N 21St St,MONTEBELLO,Montebello,CA,90640,Sandra Luz Luevano,,1919 E 4th St #4,"Los Angeles, CA 90033",,323-526-4230,,,2019-08-01
,n,,,10013 CEDARDALE DR,10013 Cedardale Dr,Santa Fe Springs,SANTA FE SPRINGS,CA,90670,IRENE,Irene,PARRA,Parra,,,,,825 Tamarack Ave Apt #1,825 Tamarack Ave Apt #1,"Brea,CA","Brea,Ca",CA,92821,562-863-1385,,,,,,,,2019-08-01
,n,,,9522 Somerset,9522 Somerset,Belleflower,Belleflower,CA,90706,Edward,Edward,Smilde,Smilde,,,,,2 Old Ranch Rd,2 Old Ranch Rd,Laguna Niguel,Laguna Niguel,CA,92677,,,,,,,,,2019-08-01
,n,,,6003 DROXFORD ST,6003 Droxford St,Lakewood,Lakewood,CA,90713,Edward,Edward,Smilde,Smilde,,,,,2 Old Ranch Rd,2 Old Ranch Rd,Laguna Niguel,Laguna Niguel,CA,92677,,,,,,,,,2019-08-01
,N,,,1419 E LURAY ST,1419 E Luray St,Long Beach,LONG BEACH,CA,90807,ALICE,Alice,LABORDE,Laborde,,,Jackie Green,,1419 E LURAY ST,1419 E Luray St,LONG BEACH,Long Beach,CA,90807,562-422-7121,,,,,,,,2019-08-01
deceased,n,,Mark Wilmsen ,6218 E CONANT ST,6218 E Conant St,Long Beach,LONG BEACH,CA,90808,ELIZABETH,Elizabeth,GIVEEN,Giveen,,,,,34556 N Appaloosa Way,34556 N Appaloosa Way,Queen Creek,Queen Creek,AZ,85142,480-398-7499,480-688-6901,530-788-7318,,,,,,2019-08-01
,N,"14,211.32",,416 CAMINO DOS PALOS,416 Camino Dos Palos,Thousand Oaks,THOUSAND OAKS,CA,91360,Kathryn,Kathryn,Hymson,Hymson,,,,,1001 N GROVE AVE,1001 N Grove Ave,OAK PARK,Oak Park,IL,60302,708-445-0375,,,,,,,,2019-08-01
,n,14637.43,,8139 MATILIJA AVE,8139 Matilija Ave,Van Nuys,VAN NUYS,CA,91402,DANIEL,Daniel,HENDERSON,Henderson,,,,,8639 Gullo Ave,8639 Gullo Ave,Panorama City,Panorama City,CA,91402,,,,,,,,,2019-08-01
,n,,,1412 N CATARACT AVE,1412 N Cataract Ave,San Dimas,SAN DIMAS,CA,91773,ROGER,Roger,PIKE,Pike,REBECCA,Rebecca,Roger Or Rebecca Pike,,PO Box 3364,Po Box 3364,SAN DIMAS,San Dimas,CA,91773,909-305-1537,,626-253-2146,roger.pike@bellatlantic.net,,,,,2019-08-01
,N,,,9907 NADINE ST,9907 Nadine St,Temple City,TEMPLE CITY,CA,91780,DOROTHY,Dorothy,GRIFFITHS,Griffiths,,,,,9907 NADINE ST,9907 Nadine St,TEMPLE CITY,Temple City,CA,91780,,,,,,,,,2019-08-01
,n,,,523 S DAWLEY AVE,523 S Dawley Ave,West Covina,WEST COVINA,CA,91790,Margaret,Margaret,Tadros,Tadros,,,,,523 S DAWLEY AVE,523 S Dawley Ave,WEST COVINA,West Covina,CA,91790,626-919-5673,626-327-3157,,,,,,,2019-08-01
tenant,n,,,1312 W ROMNEYA DR,1312 W Romneya Dr,Anaheim,ANAHEIM,CA,92801,KENNETH,Kenneth,WILLIAMS,Williams,,,"K,J WILLIAMS REVOC LIVING TRUST",,9483 Lake Canyon Rd ,9483 Lake Canyon Rd ,Santee,Santee,CA,92071,714-254-039,,lababyyk.tumblr@gmail.com,,,,,,2019-08-01
tenant,n,,,2468 W GLENCREST AVE,2468 W Glencrest Ave,Anaheim,ANAHEIM,CA,92801,MICHAEL,Michael,WILLEY,Willey,JENNIFER,Jennifer,,,2603 W PALAIS RD A,2603 W Palais Rd A,ANAHEIM,Anaheim,CA,92804,"2603 W PALAIS RD ANAHEIM, CA 92804",,,714-595-9873,714-821-1725,MAMAWILEY@HOTMAIL.COM,,,2019-08-01
,n,,,943 S CLAUDINA ST,943 S Claudina St,Anaheim,ANAHEIM,CA,92805,MAX,Max,CROWDER,Crowder,,,,CHARESE CROWDER, 12499 FOLSOM BLVD #45, 12499 Folsom Blvd #45,RANCHO CORDOBA,Rancho Cordoba,CA,95742,12499 FOLSOM BLVD #45,,"RANCHO CORDOBA, CA 95742",,,7145354146,"4356 OLD HAMNER RD NORCO, CA 92860",,2019-08-01
,n,,,1108 W LAS PALMAS DR,1108 W Las Palmas Dr,Fullerton,FULLERTON,CA,92835,MICHAEL,Michael,DESPOT,Despot,,,,,1108 W LAS PALMAS DR,1108 W Las Palmas Dr,FULLERTON,Fullerton,CA,92835,,,,,,,,,2019-08-01
,N,"21,230",,509 N MCKINLEY AVE,509 N Mckinley Ave,Oxnard,OXNARD,CA,93030,CONCEPTION,Conception,FLORES,Flores,,,,,509 N MCKINLEY AVE,509 N Mckinley Ave,OXNARD,Oxnard,CA,93030,805-484-2935,805-483-5090,conception.flores@att.net,,,,,,2019-08-01
,N,,,914 ILENA ST,914 Ilena St,Oxnard,OXNARD,CA,93030,HARRIET A,Harriet A,WEIGEL,Weigel,,,,,161 W CHANNEL ISLANDS BLVD,161 W Channel Islands Blvd,PORT HUENEME,Port Hueneme,CA,93041,805-984-6290,,suzanneraeparker@gmail.com,,,,,,2019-08-01
,N,,,4231 S J ST,4231 S J St,Oxnard,OXNARD,CA,93033,HENRY,Henry,MORENO,Moreno,,,,Tonya Dodson,440 Paseo #108,440 Paseo #108,Camarillo,Camarillo,CA,93010,805-665-7953,,truethat805@gmail.com,,,,,,2019-08-01
,n,,,222 E C ST,222 E C St,Port Hueneme,PORT HUENEME,CA,93041,Harriet,Harriet,Weigel,Weigel,Suzy Parker,Suzy Parker,,,161 W CHANNEL ISLANDS BLVD,161 W Channel Islands Blvd,PORT HUENEME,Port Hueneme,CA,93041,805-984-6290,,"3005 E Main St #303 Ventura, CA -93003",,,,,,2019-08-01
,n,,,286 STAGECOACH RD,286 Stagecoach Rd,Arroyo Grande,ARROYO GRANDE,CA,93420,DEBBIE L,Debbie L,BOWERS,Bowers,,,,,286 STAGECOACH RD,286 Stagecoach Rd,ARROYO GRANDE,Arroyo Grande,CA,93420,,,,,,,,,2019-08-01
darlene RE agent,n,,,833 DIAMOND CIR,833 Diamond Cir,Arroyo Grande,ARROYO GRANDE,CA,93420,JAMES,James,JAUNCEY,Jauncey,,,,,40945 174th St E,40945 174Th St E,Lancaster,Lancaster,CA,93535,805-489-2642,james.jauncey@aol.com,jjauncey@yahoo.com,,,,,,2019-08-01
tenant,n,,,7205 CRISTOBAL AVE,7205 Cristobal Ave,Atascadero,ATASCADERO,CA,93422,KENNETH,Kenneth,GRAY,Gray,MARISA,Marisa,,Marisa Bello,152 Baker Ave,152 Baker Ave,Pismo Beach,Pismo Beach,CA,93449,,,,,805-458-6254,805-460-3109,knmgray@gmail.com,,2019-08-01
,,,,5643 BERKSHIRE DR,5643 Berkshire Dr,Los Angeles,LOS ANGELES,CA,90032,ALFRED,Alfred,HURTADO,Hurtado,,,,,LOS ANGELES,5643 Berkshire Dr.,CA,Los Angeles,Ca,90032,,,,,,,,,2019-08-01
,,,,632 N AVENUE 56,632 N Avenue 56,Los Angeles,LOS ANGELES,CA,90042,DONOHUE,Donohue,,,,,,,,632 N Avenue 56,LOS ANGELES,CA,CA,90042,,,,,,,,,2019-08-01
,,,,1156 W 65TH ST,1156 W 65Th St,Los Angeles,LOS ANGELES,CA,90044,GLORIA,Gloria,GRIMES,Grimes,,,,,1156 W 65TH ST,1156 W 65Th St,LOS ANGELES,Los Angeles,CA,90044,,,,,,,,,2019-08-01
,,,,1219 W 121ST ST,1219 W 121St St,Los Angeles,LOS ANGELES,CA,90044,FRANCES,Frances,MADURI,Maduri,,,,,,1219 W 121ST ST,LOS ANGELES,Los Angeles,CA,90044,90044,,,,,,,,2019-08-01
,,,,8779 S HOBART BLVD,8779 S Hobart Blvd,Los Angeles,LOS ANGELES,CA,90047,GAYLES,Gayles,TOUSSAINT,Toussaint,,,,,,8779 S Hobart Blvd,LOS ANGELES,Los Angeles,CA,90047,90047,,,,,,,,2019-08-01
,,,,1329 MILLER AVE,1329 Miller Ave,Los Angeles,LOS ANGELES,CA,90063,JUAN,Juan,BARRIGA,Barriga,MARTHA,Martha,,,1329 MILLER AVE,1329 Miller Ave,LOS ANGELES,Los Angeles,CA,90063,,,,,,,,,2019-08-01
,,,,1404 N EASTERN AVE,1404 N Eastern Ave,Los Angeles,LOS ANGELES,CA,90063,MARGARET,Margaret,LOPEZ,Lopez,,,"SOTELO,LOPEZ",,1404 N EASTERN AVE,1404 N Eastern Ave,LOS ANGELES,Los Angeles,CA,90063,,,,,,,,,2019-08-01
,,,,4213 FOLSOM ST,4213 Folsom St,Los Angeles,LOS ANGELES,CA,90063,LUCY,Lucy,BARBA,Barba,,,,,,4213 Folsom St,LOS ANGELES,Los Angeles,CA,90063,90063,,,,,,,,2019-08-01
,,,,4312 COMLY ST,4312 Comly St,Los Angeles,LOS ANGELES,CA,90063,RICHARD,Richard,MERAZ,Meraz,,,,,4312 COMLY ST,4312 Comly St,LOS ANGELES,Los Angeles,CA,90063,,,,,,,,,2019-08-01
,,,,6311 WOODLAWN AVE,6311 Woodlawn Ave,Bell,BELL,CA,90201,RANDI,Randi,RANTA,Ranta,,,,,,1152 W Tudor ST,SAN DIMAS,San Dimas,CA,91773,,,,,,,,,2019-08-01
,,,,1829 E KILLEN PL,1829 E Killen Pl,Compton,COMPTON,CA,90221,"LOZANO,JAIME A","Lozano,Jaime A",JAIME,Jaime,LOZANO,Lozano,,,1829 E KILLEN PL,1829 E Killen Pl,COMPTON,Compton,CA,90221,,,,,,,,,2019-08-01
,,,,603 N SANTA FE AVE,603 N Santa Fe Ave,Compton,COMPTON,CA,90221,ENRRIQUE,Enrrique,GUTIERREZ,Gutierrez,CARMEN,Carmen,,,,603 N Santa FE Ave,COMPTON,Compton,CA,90221,,,,,,,,,2019-08-01
,,,,3824 W 118TH PL,3824 W 118Th Pl,Hawthorne,HAWTHORNE,CA,90250,BETTIE,Bettie,COBETTE,Cobette,,,,,,12126 Ainsworth St,LOS ANGELES,Los Angeles,CA,90044,,,,,,,,,2019-08-01
,,,,3005 SANTA ANA ST,3005 Santa Ana St,South Gate,SOUTH GATE,CA,90280,ELISA,Elisa,GUTIERREZ,Gutierrez,,,,,10722 ANZAC AVE,10722 Anzac Ave,LOS ANGELES,Los Angeles,CA,90059,,,,,,,,,2019-08-01
,,,,9218 KARMONT AVE,9218 Karmont Ave,South Gate,SOUTH GATE,CA,90280,SAMMIE J,Sammie J,MINAFEE,Minafee,,,"BROWN,ROBERT E",,,619 W 65TH ST,LOS ANGELES,Los Angeles,CA,90044,,,,,,,,,2019-08-01
,,,,PO BOX 366,Po Box 366,Whittier,WHITTIER,CA,90608,PAUL,Paul,DANIEL,Daniel,,,,,PO BOX 366,Po Box 366,WHITTIER,Whittier,CA,90608,,,,,,,,,2019-08-01
,,,,5202 MYRA AVE,5202 Myra Ave,Cypress,CYPRESS,CA,90630,H,H,MORGAN,Morgan,M,M,,,,12027 Edderton Ave,WHITTIER,Whittier,CA,90604,,,,,,,,,2019-08-01
,,,,1889 KASHLAN RD,1889 Kashlan Rd,La Habra Heights,LA HABRA HEIGHTS,CA,90631,CARL,Carl,BUCKHORN,Buckhorn,MIRELLA,Mirella,,,1889 KASHLAN RD,1889 Kashlan Rd,LA HABRA HEIGHTS,La Habra Heights,CA,90631,,,,,,,,,2019-08-01
,,,,15420 CAULFIELD AVE,15420 Caulfield Ave,Norwalk,NORWALK,CA,90650,NANCY,Nancy,STOIKE,Stoike,,,STOIKE TRUST,,15420 CAULFIELD AVE,15420 Caulfield Ave,NORWALK,Norwalk,CA,90650,,,,,,,,,2019-08-01
,,,,5134 BARLIN AVE,5134 Barlin Ave,Lakewood,LAKEWOOD,CA,90712,NADIA,Nadia,DUNCAN,Duncan,,,,,BELL,6311 Woodlawn,CA,Bell,CA,90201,,,,,,,,,2019-08-01
,,,,4715 BRIERCREST AVE,4715 Briercrest Ave,Lakewood,LAKEWOOD,CA,90713,LAURENCE,Laurence,DEVER,Dever,,,,,LAKEWOOD,4715 Briercrest Ave,CA,Lakewood,CA,90713,,,,,,,,,2019-08-01
,,,,6318 DROXFORD ST,6318 Droxford St,Lakewood,LAKEWOOD,CA,90713,AURELIA,Aurelia,MRVOS,Mrvos,,,,,,6318 Droxford St,LAKEWOOD,Lakewood,CA,90713,,,,,,,,,2019-08-01
,,,,3115 S DENISON AVE,3115 S Denison Ave,San Pedro,SAN PEDRO,CA,90731,BARBARA,Barbara,JAMES,James,,,,,3115 S DENISON AVE,3115 S Denison Ave,SAN PEDRO,San Pedro,CA,90731,,,,,,,,,2019-08-01
,,,,3636 BARBARA ST,3636 Barbara St,San Pedro,SAN PEDRO,CA,90731,HAMMAN-SHELTON TRUST,Hamman-Shelton Trust,,,,,,,,1616 Diane Dr,LA VERNE,La Verne,CA,91750,,,,,,,,,2019-08-01
,,,,23626 FRIGATE AVE,23626 Frigate Ave,Carson,CARSON,CA,90745,JESSICA,Jessica,DUPONT,Dupont,,,"LUISA,DUPONT TRUST",,,23626 Frigate AVE,CARSON,Carson,CA,90745,,,,,,,,,2019-08-01
,,,,1472 CERRITOS AVE,1472 Cerritos Ave,Long Beach,LONG BEACH,CA,90813,REBECCA,Rebecca,SWEET,Sweet,CAROLINE,Caroline,"SWEET,CAROLINE",,,2504 Kendall St,LA VERNE,La Verne,CA,91750,,,,,,,,,2019-08-01
,,,,11391 ETIWANDA AVE,11391 Etiwanda Ave,Northridge,NORTHRIDGE,CA,91326,LAGREEN,Lagreen,MARY,Mary,LAGREEN FAMILY TRUST,Lagreen Family Trust,,,,11391 Etiwanda Ave,NORTHRIDGE,CA,Ca,91326,91326,,,,,,,,2019-08-01
,,,,9403 NOBLE AVE,9403 Noble Ave,North Hills,NORTH HILLS,CA,91343,JAMES,James,WARNER,Warner,,,,,9403 NOBLE AVE,9403 Noble Ave,NORTH HILLS,North Hills,CA,91343,,,,,,,,,2019-08-01
,,,,2381 W SILVER TREE RD,2381 W Silver Tree Rd,Claremont,CLAREMONT,CA,91711,DAVID,David,STALEY,Staley,,,STALEY & EULBERG TRUST,,,3636 Barbara ST,SAN PEDRO,San Pedro,CA,90731,,,,,,,,,2019-08-01
,,,,4046 OLIVE HILL DR,4046 Olive Hill Dr,Claremont,CLAREMONT,CA,91711,CYNTHIA,Cynthia,WILLETT,Willett,THOMAS,Thomas,,,4046 OLIVE HILL DR,4046 Olive Hill Dr,CLAREMONT,Claremont,CA,91711,,,,,,,,,2019-08-01
,,,,459 HARRISON AVE,459 Harrison Ave,Claremont,CLAREMONT,CA,91711,,Bruce,,Telzer,,,"HAIMO,TELZER",,459 HARRISON AVE,459 Harrison Ave,CLAREMONT,Claremont,CA,91711,,,,,,,,,2019-08-01
,,,,910 POMONA CT,910 Pomona Ct,Claremont,CLAREMONT,CA,91711,BERNICE,Bernice,MCCANTS,Mccants,,,,,,PO BOX 3452,CERRITOS,Cerritos,CA,90703,,,,,,,,,2019-08-01
,,,,4224 PENN MAR AVE,4224 Penn Mar Ave,El Monte,EL MONTE,CA,91732,PERCY,Percy,EILERS,Eilers,PAULINE,Pauline,,,,4224 Penn Mar AVE,EL MONTE,El Monte,CA,91732,,,,,,,,,2019-08-01
,,,,1616 DIANE DR,1616 Diane Dr,La Verne,LA VERNE,CA,91750,MARTHA B,Martha B,VOELKEL,Voelkel,,,,,,910 Pomona Ct,CLAREMONT,Claremont,CA,91711,,,,,,,,,2019-08-01
,,,,1618 MAPLEWOOD ST,1618 Maplewood St,La Verne,LA VERNE,CA,91750,CHARLES,Charles,DAVIS,Davis,,,C TRUST,,,1618 Maplewood St,LA VERNE,La Verne,CA,91750,,,,,,,,,2019-08-01
,,,,2504 KENDALL ST,2504 Kendall St,La Verne,LA VERNE,CA,91750,JACQUELYN,Jacquelyn,COCHRAN,Cochran,,,,,,9218 Karmount Ave,SOUTH GATE,South Gate,CA,90280,,,,,,,,,2019-08-01
,,,,3018 N WHITE AVE,3018 N White Ave,La Verne,LA VERNE,CA,91750,WALTER,Walter,WILSON,Wilson,SHIRLEY,Shirley,,,,3018 N White Ave,LA VERNE,La Verne,CA,91750,,,,,,,,,2019-08-01
,,,,1152 W TUDOR ST,1152 W Tudor St,San Dimas,SAN DIMAS,CA,91773,FREDERICK,Frederick,CONKLIN,Conklin,,,"CONKLIN,FREDERICK G TRUST",,,2381 W Silver Tree Rd,CLAREMONT,Claremont,CA,91711,,,,,,,,,2019-08-01
,,,,1275 CALBOURNE DR,1275 Calbourne Dr,Walnut,WALNUT,CA,91789,SANDRA,Sandra,PEREZ,Perez,,,,,,1275 Calbourne DR,WALNUT,Walnut,CA,91789,,,,,,,,,2019-08-01
,,,,2424 CAMELLIA ST,2424 Camellia St,Wasco,WASCO,CA,93280,MARIA,Maria,SANDOVAL,Sandoval,,,,,,2424 Camellia ST,WASCO,Wasco,CA,93280,,,,,,,,,2019-08-01
,,,,1254 SAN MATEO DR,1254 San Mateo Dr,San Luis Obispo,SAN LUIS OBISPO,CA,93401,VINCY J,Vincy J,LAWRENCE,Lawrence,,,,,,1254 San Mateo Dr,SAN LUIS OBISPO,San Luis Obispo,CA,93401,,,,,,,,,2019-08-01
,,,,2006 SWAZEY ST,2006 Swazey St,San Luis Obispo,SAN LUIS OBISPO,CA,93401,FRANK X,Frank X,DELRIO,Delrio,,,,,,2006 Swazey St,SAN LUIS OBISPO,San Luis Obispo,CA,93401,,,,,,,,,2019-08-01
,,,,2219 BOULEVARD DEL CAMPO,2219 Boulevard Del Campo,San Luis Obispo,SAN LUIS OBISPO,CA,93401,Gerald,Gerald,Michael,Michael,,,,,2219 BOULEVARD DEL CAMPO,2219 Boulevard Del Campo,SAN LUIS OBISPO,San Luis Obispo,CA,93401,,,,,,,,,2019-08-01
,,,,546 S 16TH ST,546 S 16Th St,Grover Beach,GROVER BEACH,CA,93433,ROBERT G,Robert G,SWOR,Swor,,,,,,546 S 16TH ST,GROVER BEACH,Grover Beach,CA,93433,,,,,,,,,2019-08-01
,,,,741 BUTTE AVE,741 Butte Ave,Morro Bay,MORRO BAY,CA,93442,DORIS,Doris,FIELDS,Fields,,,,,,741 Butte Ave,MORRO BAY,Morro Bay,CA,93442,,,,,,,,,2019-08-01
