NOTES 1,VISUAL DISTRESS,TAXES OWED,UNKNOWN,ADDRESS,CITY,STATE,ZIP,OWNER FIRST NAME,OWNER LAST NAME,OWNER SPOUSE FIRST NAME,OWNER 2,UNKNOWN,OWNER ADDRESS,OWNERCOUNTY ,OWNER STATE,OWNER ZIP,CONTACT DETAILS,EMAIL,UNKNOWN,UNKNOWN,UNKNOWN,UNKNOWN,UNKNOWN,UNKNOWN,UNKNOWN,DATE
,y,,?,1556 W 37TH PL,LOS ANGELES,CA,90018,GENIVA,AUGBORNE,,,,PO BOX 88159,LOS ANGELES,CA,90009,323-735-8713,gaugborne@hotmail.com,,,,,,,,2019-08-01
,y,,?,2186 NEW YORK DR,ALTADENA,CA,91001,GARY,STEPHEN,,,,70 N San Marino,Pasadena,CA,91107,626-945-0520,,,,,,,,,2019-08-01
,y,,?,2811 W AVENUE 34,LOS ANGELES,CA,90065,DAVID,SOLIS,,,,2811 W AVENUE 34,LOS ANGELES,CA,90065,818-653-5867,,,,,,,,,2019-08-01
deceased,y,,Frank Bigelow,1240 S PENNSYLVANIA AVE,GLENDORA,CA,91740,ELAINE P,BEAUSHEUR,,,Frank Bigelow,15846 W Fillmore St,Goodyear,AZ,85338,626-963-0152,creightonfcb@gmail.com,,,,,,,,2019-08-01
deceased,y,747.1,,2513 TRAVERS AVE,COMMERCE,CA,90040,ERMINIA,ESQUIVEL,JULIAN,,,?????,COMMERCE,CA,90040,,,,,,,,,,2019-08-01
scrape land value,y,,,10724 LULL ST,SUN VALLEY,CA,91352,JIMMIE,GUZMAN,ROSALBA,,,4173 Verdant St ,LOS ANGELES,CA,90039,818764-2691,guzmanray74@gmail.com,,,,,,,,2019-08-01
82 yrs old,y,3025.96,2016,17028 POCONO ST,LA PUENTE,CA,91744,JOYCE,HOUGENSEN,,,,21621 Sandia Rd # 117,Apple Valley,CA,92308,,,,"4149 Bemis St Los Angeles, CA 90039",,,,artfullojoy@yahoo.com,,2019-08-01
deceased,y,,,8926 BRIGHT AVE,WHITTIER,CA,90602,PAUL,DANIEL,,,,1710 Benedict Ct,Rowlett,TX,75088,,,,,,,,,,2019-08-01
3 joint tenants,y,3350,2014,10722 ANZAC AVE,LOS ANGELES,CA,90059,Raul,Cervantes,,,"Benigno Cervantes, Juana Cervantes, Raul Cervantes",10722 ANZAC AVE,LOS ANGELES,CA,90059,,,,,,,,,,2019-08-01
deceased/squatters,y,7627,2014,9124 S BUDLONG AVE,LOS ANGELES,CA,90044,FRANCES,FOLMAR,,,John Mottola,57976 Buena Vista Dr,Yucca Valley,CA,92284,related to Mary Boatman,,,,,,,,,2019-08-01
sr. home,y,,,620 N EAST ST,ANAHEIM,CA,92805,JUNE,MC BRIDE,JOHN MCBRIDE,,,1440 S EUCLID ST#204B,ANAHEIM,CA,92805,,,,,,,,,,2019-08-01
deceased,y,,,571 ASTER PL,SANTA MARIA,CA,93455,FREDRICK,BUMANN,Melanie Kyle,,,365 Black hawk Way,Nipomo,CA,93444,805-619-7655,,805-937-3006,,melanie1961@live.com,daughter Melanie Kyle Brother Robert Bumann,,,,2019-08-01
,Y,,,210 W HIGHLAND DR,CAMARILLO,CA,93010,A,RUSHTON,,,,2182 THORNCLIFF DR NE,ATLANTA,GA,30345,,,,,,,,,,2019-08-01
,Y,,,2466 Saint Clair,Simi Valley,CA,,Rachelle,Bowers,,,,965 W Nickerson St apt #45,Seattle,WA,98119,Shelley Bowers,,818-388-0003,,diane albert roomate owner 206-298-9382,,,,,2019-08-01
,y,,,12045 RANCHITO ST,EL MONTE,CA,91732,ICH,HOANG,,"QUACH,ALAN V",,12045 RANCHITO ST,EL MONTE,CA,91732,,,,,,,,,,2019-08-01
,y,,,7509 FOSTORIA ST,DOWNEY,CA,90241,PETER,MEURSINGE,PATRICIA,MEURSINGE TRUST,,7509 FOSTORIA ST,DOWNEY,CA,90241,,,,,,,,,,2019-08-01
,y,,,1563 E 108TH ST,LOS ANGELES,CA,90059,JOHN T,LAWRENCE,CLIFFORD E,"LAWRENCE,CLIFFORD E",,1563 E 108TH ST,LOS ANGELES,CA,90059,,,,,,,,,,2019-08-01
,Y,,,14346 Marilla,Norwalk,CA,90650,HERMELINDA,OHANA,,,,903 N HOBART BLVD APT 24,LOS ANGELES,CA,90029,,,,,,,,,,2019-08-01
,y,,,10202 Angell,Downey,CA,90242,Edward,Smilde,,,,2 Old Ranch Rd,Laguna Niguel,CA,92677,949-489-9228,949-201-6381,esmilde@yahoo.com,,,,,,,2019-08-01
82,y,,,11521 MASSINGER ST,Lakewood,CA,90715,Edward,Smilde,,,,2 Old Ranch Rd,Laguna Niguel,CA,92677,,,,,,,,,,2019-08-01
deceased,n,,Mark Wilmsen ,6218 E CONANT ST,LONG BEACH,CA,90808,ELIZABETH,GIVEEN,,,,34556 N Appaloosa Way,Queen Creek,AZ,85142,480-398-7499,480-688-6901,530-788-7318,,,,,,,2019-08-01
,n,,,10013 CEDARDALE DR,SANTA FE SPRINGS,CA,90670,IRENE,PARRA,,,,825 Tamarack Ave Apt #1,"Brea,CA",CA,92821,562-863-1385,,,,,,,,,2019-08-01
deceased,n,,,113 N 21ST ST,MONTEBELLO,CA,90640,Lilia,Luevano,,"LUEVANO,ANTHONY L JR",,113 N 21ST ST,MONTEBELLO,CA,90640,Sandra Luz Luevano,,1919 E 4th St #4,"Los Angeles, CA 90033",,323-526-4230,,,,2019-08-01
deceased,n,4123.34,,12027 EDDERTON AVE,WHITTIER,CA,90604,H,MORGAN,M,,,12027 EDDERTON AVE,WHITTIER,CA,90604,,,,,,,,,,2019-08-01
,n,14637.43,,8139 MATILIJA AVE,VAN NUYS,CA,91402,DANIEL,HENDERSON,,,,8639 Gullo Ave,Panorama City,CA,91402,,,,,,,,,,2019-08-01
deceased,n,,Paul Daniel Jr,"15641 JANINE DR, WHITTIER, CA 9060",Whittier,CA,90603,Paul,Daniel,,,,1710 Benedict Ct,Rowlett,Tx,75088,,,,,,,,,,2019-08-01
,n,,,943 S CLAUDINA ST,ANAHEIM,CA,92805,MAX,CROWDER,,,CHARESE CROWDER, 12499 FOLSOM BLVD #45,RANCHO CORDOBA,CA,95742,12499 FOLSOM BLVD #45,,"RANCHO CORDOBA, CA 95742",,,7145354146,"4356 OLD HAMNER RD NORCO, CA 92860",,,2019-08-01
tenant,n,,,2468 W GLENCREST AVE,ANAHEIM,CA,92801,MICHAEL,WILLEY,JENNIFER,,,2603 W PALAIS RD A,ANAHEIM,CA,92804,"2603 W PALAIS RD ANAHEIM, CA 92804",,,714-595-9873,714-821-1725,MAMAWILEY@HOTMAIL.COM,,,JENNIFER_FREY@FARMERSINSURANCE.COM,2019-08-01
tenant,n,,,1312 W ROMNEYA DR,ANAHEIM,CA,92801,KENNETH,WILLIAMS,,"K,J WILLIAMS REVOC LIVING TRUST",,9483 Lake Canyon Rd ,Santee,CA,92071,714-254-039,,lababyyk.tumblr@gmail.com,,,,,,,2019-08-01
darlene RE agent,n,,,833 DIAMOND CIR,ARROYO GRANDE,CA,93420,JAMES,JAUNCEY,,,,40945 174th St E,Lancaster,CA,93535,805-489-2642,james.jauncey@aol.com,jjauncey@yahoo.com,,,,,,,2019-08-01
tenant,n,,,7205 CRISTOBAL AVE,ATASCADERO,CA,93422,KENNETH,GRAY,MARISA,,Marisa Bello,152 Baker Ave,Pismo Beach,CA,93449,,,,,805-458-6254,805-460-3109,knmgray@gmail.com,,ken Gray,2019-08-01
,N,"14,211.32",,416 CAMINO DOS PALOS,THOUSAND OAKS,CA,91360,Kathryn,Hymson,,,,1001 N GROVE AVE,OAK PARK,IL,60302,708-445-0375,,,,,,,,,2019-08-01
,n,,,222 E C ST,PORT HUENEME,CA,93041,Harriet,Weigel,Suzy Parker,,,161 W CHANNEL ISLANDS BLVD,PORT HUENEME,CA,93041,805-984-6290,,"3005 E Main St #303 Ventura, CA -93003",,,,,,,2019-08-01
,N,,,4231 S J ST,OXNARD,CA,93033,HENRY,MORENO,,,Tonya Dodson,440 Paseo #108,Camarillo,CA,93010,805-665-7953,,truethat805@gmail.com,,,,,,,2019-08-01
,N,"21,230",,509 N MCKINLEY AVE,OXNARD,CA,93030,CONCEPTION,FLORES,,,,509 N MCKINLEY AVE,OXNARD,CA,93030,805-484-2935,805-483-5090,conception.flores@att.net,,,,,,,2019-08-01
,N,,,914 ILENA ST,OXNARD,CA,93030,HARRIET A,WEIGEL,,,,161 W CHANNEL ISLANDS BLVD,PORT HUENEME,CA,93041,805-984-6290,,suzanneraeparker@gmail.com,,,,,,,2019-08-01
,N,,,1419 E LURAY ST,LONG BEACH,CA,90807,ALICE,LABORDE,,Jackie Green,,1419 E LURAY ST,LONG BEACH,CA,90807,562-422-7121,,,,,,,,,2019-08-01
,n,,,1412 N CATARACT AVE,SAN DIMAS,CA,91773,ROGER,PIKE,REBECCA,Roger Or Rebecca Pike,,PO Box 3364,SAN DIMAS,CA,91773,909-305-1537,,626-253-2146,roger.pike@bellatlantic.net,,,,,,2019-08-01
,n,,,286 STAGECOACH RD,ARROYO GRANDE,CA,93420,DEBBIE L,BOWERS,,,,286 STAGECOACH RD,ARROYO GRANDE,CA,93420,,,,,,,,,,2019-08-01
,n,,,11527 HORLEY AVE,DOWNEY,CA,90241,ROBERT,GRIFFIN,,,,11527 HORLEY AVE,DOWNEY,CA,90241,,,,,,,,,,2019-08-01
,n,,,523 S DAWLEY AVE,WEST COVINA,CA,91790,Margaret,Tadros,,,,523 S DAWLEY AVE,WEST COVINA,CA,91790,626-919-5673,626-327-3157,,,,,,,,2019-08-01
,n,,,619 W 65TH ST,LOS ANGELES,CA,90044,SAMMIE J,MINAFEE,,,Robert Brown,619 W 65TH ST,LOS ANGELES,CA,90044,,,,,,,,,,2019-08-01
,n,,,12126 AINSWORTH ST,LOS ANGELES,CA,90044,BETTIE,COBETTE,,,,12126 AINSWORTH ST,LOS ANGELES,CA,90044,,,,,,,,,,2019-08-01
,n,,,8448 7TH ST,DOWNEY,CA,90241,JEAN,PETERS,,,,8448 7TH ST,DOWNEY,CA,90241,,,,,,,,,,2019-08-01
,n,,,8408 7TH ST,DOWNEY,CA,90241,BARBARA E,COLWELL,,,,8408 7TH ST,DOWNEY,CA,90241,,,,,,,,,,2019-08-01
,N,,,9907 NADINE ST,TEMPLE CITY,CA,91780,DOROTHY,GRIFFITHS,,,,9907 NADINE ST,TEMPLE CITY,CA,91780,,,,,,,,,,2019-08-01
,N,,,4139 3RD AV,LOS ANGELES,CA,90007,VICTOR,ALLEN,,,,425 BLUEBONNET TRL,GARLAND,TX,75043,,,,,,,,,,2019-08-01
,n,,,1108 W LAS PALMAS DR,FULLERTON,CA,92835,MICHAEL,DESPOT,,,,1108 W LAS PALMAS DR,FULLERTON,CA,92835,,,,,,,,,,2019-08-01
,n,,,154 E 99TH ST,LOS ANGELES,CA,90003,ESTHER,KEELE,,,,154 E 99TH ST,LOS ANGELES,CA,90003,,,,,,,,,,2019-08-01
,n,,,9522 Somerset,Belleflower,CA,90706,Edward,Smilde,,,,2 Old Ranch Rd,Laguna Niguel,CA,92677,,,,,,,,,,2019-08-01
,n,,,6003 DROXFORD ST,Lakewood,CA,90713,Edward,Smilde,,,,2 Old Ranch Rd,Laguna Niguel,CA,92677,,,,,,,,,,2019-08-01
,,,,PO BOX 366,WHITTIER,CA,90608,PAUL,DANIEL,,,,PO BOX 366,WHITTIER,CA,90608,,,,,,,,,,2019-08-01
