NOTES 1,VISUAL DISTRESS,RADAR ID#,APN,COUNTY,ADDRESS,CITY,STATE,ZIP,OWNER FIRST NAME,OWNER LAST NAME,OWNER SPOUSE FIRST NAME,OWNER 2,OWNER ADDRESS,OWNER CITY,OWNER STATE,OWNER ZIP,PROPERTY TYPE,SQFT,YEAR BUILT,ARV,DEBT,EQUITY PERCENT,UNKNOWN,UNKNOWN,UNKNOWN,UNKNOWN,UNKNOWN,TRASNFER DATE,TRASNFER AMOUNT,DATE
,y,P23FC424,186-16-114-057,CLARK,802 CAPRI DR,BOULDER CITY,NV,89005,ROBERT,CUNNINGHAM,MARIE,,1537 SHINN CT,FREMONT,CA,94536,SFR,1664,1995,360800,0,100,,,,,,12/20/95,161500,2019
,y,P2420EC4,179-08-310-169,CLARK,134 CEDAR ST,HENDERSON,NV,89015,RADUZINER HOME LLC,,,,1620 QUARTER HORSE DR,HENDERSON,NV,89002,SFR,1810,1954,234900,0,100,,,,,,2/20/09,5191,2019
,y,P2424C11,179-05-610-017,CLARK,1239 INCA LN,HENDERSON,NV,89015,,,,,9159 W FLAMINGO RD 110,LAS VEGAS,NV,89147,SFR,0,1983,89700,0,100,,,,,,12/2/88,21500,2019
,y,P246C361,139-36-411-011,CLARK,2604 VALLEY ST,LAS VEGAS,NV,89101,LEONARDO,DIAZ,SHERRIE,,2604 VALLEY ST,LAS VEGAS,NV,89101,SFR,904,1938,98100,0,100,,,,,,2/28/13,25000,2019
,y,P24D7A4E,139-35-610-002,CLARK,1708 CEDAR AVE,LAS VEGAS,NV,89101,JON,SUNDAY,,,PO BOX 541,REMINGTON,IN,47977,SFR,1044,1940,151900,0,100,,,,,,6/18/13,1544,2019
,y,P247A516,139-35-411-017,CLARK,1417 JOSHUA WAY,LAS VEGAS,NV,89101,NORMAN,SLIMP,,,1417 JOSHUA WAY,LAS VEGAS,NV,89101,SFR,1256,1943,169600,0,100,,,,,,7/22/13,3046,2019
,y,P24DA446,162-04-210-070,CLARK,2113 SILVER AVE,LAS VEGAS,NV,89102,RUTH L Q P,BOYD,BRADLEY,,PO BOX 750729,LAS VEGAS,NV,89136,SFR,2112,1962,421500,0,100,,,,,,,,2019
,y,P246DA6B,162-07-711-023,CLARK,3909 HARTFORD PL,LAS VEGAS,NV,89102,,,,,3909 HARTFORD PL,LAS VEGAS,NV,89102,SFR,1336,1973,130100,0,100,,,,,,2012-03-12,56000,2019
,y,P24DAE62,162-07-110-017,CLARK,4512 QUANTANA CT,LAS VEGAS,NV,89102,MELISSA,HAYES,,,PO BOX 74,COEUR D ALENE,ID,83816,SFR,1382,1976,231100,0,100,,,,,,9/16/14,84771,2019
,y,P247D8DC,162-03-704-008,CLARK,1913 S 11TH ST,LAS VEGAS,NV,89104,JAMES,KENT,,,2561 UNDERBRUSH AVE,PAHRUMP,NV,89048,SFR,1307,1951,238700,0,100,,,,,,2006-09-09,0,2019
,y,P24DA8F3,162-03-722-007,CLARK,1043 BONITA AVE,LAS VEGAS,NV,89104,MICHAEL,MIGDAL,,,9901 W SAHARA AVE APT 1040,LAS VEGAS,NV,89117,SFR,930,1953,205600,0,100,,,,,,8/31/04,140000,2019
,y,P2438B10,162-01-310-202,CLARK,1625 S EASTERN AVE,LAS VEGAS,NV,89104,IGYA,DEMIRCI,,"SADRI,DAVID",12000 DARBY AVE,NORTHRIDGE,CA,91326,SFR,1962,1953,167600,0,100,,,,,,2009-01-06,249900,2019
,y,P24F949F,161-05-810-081,CLARK,4685 E BALTIMORE AVE,LAS VEGAS,NV,89104,JOSE,SAENZ,YOLANDA,,3751 S NELLIS BLVD SPC 89,LAS VEGAS,NV,89121,SFR,1592,1990,277700,18901,93,10/21/96,40000,,,,3/27/87,21080,2019
,y,P244CD01,139-28-612-046,CLARK,1109 W ADAMS AVE,LAS VEGAS,NV,89106,WILLIAM,JEFFERSON,,,3604 BRIARGLEN LN,LAS VEGAS,NV,89108,MFR,1868,1955,186600,0,100,,,,,,2008-04-14,6982,2019
,y,P246BA94,139-21-610-140,CLARK,1449 HASSELL AVE,LAS VEGAS,NV,89106,ROBERT,DICKENS,,,4270 CAROLYN DR,LAS VEGAS,NV,89103,SFR,702,1956,129300,0,100,,,,,,,,2019
,y,P24F8599,139-29-514-095,CLARK,1500 MEZPAH DR,LAS VEGAS,NV,89106,LEON,HARDISON,HOLMES,,3523 FARINA DR,NORTH LAS VEGAS,NV,89032,SFR,1342,1963,208000,22984,89,8/23/00,35000,,,,,,2019
,y,P24D6898,139-21-510-241,CLARK,1177 W BARTLETT AVE,LAS VEGAS,NV,89106,LINDA,JENKINS,MANUEL,,5225 E CHARLESTON BLVD APT 2087,LAS VEGAS,NV,89142,SFR,1092,1972,161500,22488,86,2/28/97,45066,,,,,,2019
,y,P2478CC3,138-35-713-043,CLARK,6304 BRANDYWINE WAY,LAS VEGAS,NV,89107,THOMAS,CHORZEMPA,TIESA,,3320 FANDANSO PL,LAS VEGAS,NV,89146,SFR,988,1961,199000,11334,94,3/12/96,26000,,,,,,2019
,y,P245F0CA,138-25-312-018,CLARK,709 ARTIE ST,LAS VEGAS,NV,89107,,,,,PO BOX 11424,DENVER,CO,80211,SFR,1228,1963,223800,0,100,,,,,,4/30/03,132000,2019
,y,P24D4FF4,138-25-314-031,CLARK,5920 GRANADA AVE,LAS VEGAS,NV,89107,BENJAMIN,TUGAOEN,,,PO BOX 30725,HONOLULU,HI,96820,SFR,1350,1964,213700,0,100,,,,,,2009-01-09,65000,2019
,y,P2445C96,139-32-211-002,CLARK,3208 ALTA DR,LAS VEGAS,NV,89107,ROBERT,MULL,CHEUNG,,3200 ALTA DR,LAS VEGAS,NV,89107,SFR,2247,1969,499800,65463,87,9/13/10,78924,,,,3/12/91,180500,2019
,y,P246A079,138-02-813-009,CLARK,4108 ROXANNE DR,LAS VEGAS,NV,89108,CHARLES,ADAMS,,,4108 ROXANNE DR,LAS VEGAS,NV,89108,SFR,1776,1977,296300,0,100,,,,,,7/17/98,7000,2019
,y,P24D071B,138-23-112-003,CLARK,2328 RAGLAND ST,LAS VEGAS,NV,89108,MARK,STEPHENS,,,2001 E OAKEY BLVD,LAS VEGAS,NV,89104,SFR,792,1981,154500,0,100,,,,,,1/27/12,36800,2019
,y,P2433223,138-26-210-002,CLARK,6533 WHITE SWAN CIR,LAS VEGAS,NV,89108,SANCTUARY TRUST,,,,1421 N JONES BLVD,LAS VEGAS,NV,89108,SFR,1368,1991,233400,0,100,,,,,,6/24/13,80000,2019
,y,P24D8BCE,140-33-111-001,CLARK,782 BETTY LN,LAS VEGAS,NV,89110,,,,,31878 DEL OBISPO ST 118-186,SAN JUAN CAPISTRANO,CA,92675,SFR,1104,1979,205200,0,100,,,,,,10/23/92,72000,2019
,y,P2460CCC,140-31-716-040,CLARK,4036 E OGDEN AVE,LAS VEGAS,NV,89110,JAMES,SELLERS,LORA,,4036 E OGDEN AVE,LAS VEGAS,NV,89110,SFR,1151,1983,207100,0,100,,,,,,1/24/83,69610,2019
,y,P247A9A5,140-18-214-033,CLARK,2822 TAURUS CT,LAS VEGAS,NV,89115,SALVADOR,ROBLES,VILMA,,3613 GREASEWOOD AVE,ALAMOGORDO,NM,88310,SFR,1288,1981,208400,0,100,,,,,,11/13/81,0,2019
,y,P24379E8,140-07-513-032,CLARK,4119 TILLAMOOK AVE,LAS VEGAS,NV,89115,SILVESTRE,IZAZAGA,,,1139 ARDMORE ST,RIVERSIDE,CA,92507,SFR,1340,1981,211400,0,100,,,,,,6/28/12,38000,2019
,y,P24DC5CD,163-08-410-022,CLARK,9101 QUIET COVE WAY,LAS VEGAS,NV,89117,FRANK,MIAO,,,736 N 10TH ST 6,LAS VEGAS,NV,89101,SFR,2034,1988,329700,7515,98,4/17/06,0,,7/20/06,0,11/19/97,107500,2019
,y,P244F52D,163-06-518-002,CLARK,1333 DESERT HILLS DR,LAS VEGAS,NV,89117,JOSE,CASTRO,,,10338 WOLF CUB CT,LAS VEGAS,NV,89178,SFR,1480,1994,301600,61805,80,4/30/12,72000,,,,4/30/12,122000,2019
,y,P244E454,161-29-512-065,CLARK,4844 FAIRFAX AVE,LAS VEGAS,NV,89120,ANASTACIA,SUMBAD,,,PO BOX 5078,GARDENA,CA,90249,SFR,1748,1969,215600,0,100,,,,,,6/30/09,75000,2019
,y,P246DEC2,162-25-202-011,CLARK,2504 E HACIENDA AVE,LAS VEGAS,NV,89120,BRIAN,STOREY,,,748 N STEPHEN DR,PALATINE,IL,60067,SFR,2345,1976,370700,59198,84,2012-02-02,88000,,,,12/1/88,118000,2019
,y,P24DADA8,162-12-313-019,CLARK,2501 NATALIE AVE,LAS VEGAS,NV,89121,CHARLES,ERBACHER,,,4790 S EASTERN AVE # 313,LAS VEGAS,NV,89119,SFR,1356,1967,241500,0,100,,,,,,3/18/14,3865,2019
,y,P247C77E,161-18-211-029,CLARK,3700 EDISON AVE,LAS VEGAS,NV,89121,JAMES,COTTINGHAM,MARIA,,6744 TWELVE OAKS BLVD,TAMPA,FL,33634,SFR,1998,1970,269700,0,100,,,,,,2006-08-11,0,2019
,y,P244E39D,161-20-213-037,CLARK,4342 POWELL AVE,LAS VEGAS,NV,89121,OUARDA,DRICI,,,4342 POWELL AVE,LAS VEGAS,NV,89121,SFR,1677,1974,260000,26743,90,7/29/92,105350,,,,7/29/92,110900,2019
,y,P24FA642,162-24-213-029,CLARK,4488 LOS REYES CT,LAS VEGAS,NV,89121,JOHN,LAUGHLIN,,,1902 ELMER AVE,YUBA CITY,CA,95993,SFR,1725,1984,248100,33707,86,2/15/94,103500,,,,6/29/90,115000,2019
,y,P24B78AE,177-10-210-024,CLARK,645 RAVENGLEN DR,LAS VEGAS,NV,89123,N P M C INC,,,,645 RAVENGLEN DR,LAS VEGAS,NV,89123,SFR,1892,1991,346600,37264,89,8/8/95,177600,,,,8/8/95,126500,2019
,y,P24C3558,177-18-218-008,CLARK,8461 MOONDANCE CELLARS CT,LAS VEGAS,NV,89139,JOSE R,TREVINO,RAQUEL R,"TREVINO,RAQUEL R",1139 N EL CAJON ST,VISALIA,CA,93291,SFR,4063,2006,526500,0,100,,,,,,8/14/12,335000,2019
,y,P24D88B2,161-03-311-011,CLARK,5839 EMERALD CANYON DR,LAS VEGAS,NV,89142,TIMOTHY F,NULL,SANDRA M,"NULL,SANDRA M",5839 EMERALD CANYON DR,LAS VEGAS,NV,89142,SFR,1372,1989,224700,0,100,,,,,,10/23/90,95500,2019
,y,P24D8A5F,161-03-611-019,CLARK,6399 WILD STRAWBERRY LN,LAS VEGAS,NV,89142,STEVEN,TAKACH,,"WADE,MARY TR",6399 WILD STRAWBERRY LN,LAS VEGAS,NV,89142,SFR,2279,1994,287600,0,100,,,,,,3/30/94,148500,2019
,y,P2439971,163-11-603-005,CLARK,2741 S BRONCO ST,LAS VEGAS,NV,89146,LERON,SIMON,,,6759 COSTA PL,LAS VEGAS,NV,89146,SFR,2664,1985,446100,0,100,,,,,,5/15/13,165592,2019
,y,P24DD7D3,163-22-810-179,CLARK,4772 CASTLE ROCK CT,LAS VEGAS,NV,89147,SIERRA NEVADA ENTERPRISES LTD,,,,1738 HIGHLAND CIR,FAIRFIELD,CA,94534,SFR,1529,1977,268900,0,100,,,,,,2011-09-12,107500,2019
,y,P24DD2E7,163-22-423-007,CLARK,7399 PARNELL AVE,LAS VEGAS,NV,89147,RITA,MARTINEZ,,,1715 4TH ST,SAN FERNANDO,CA,91340,SFR,2246,1988,376800,2821,99,2009-11-15,0,,,,11/14/91,164000,2019
,y,P244D537,140-21-510-146,CLARK,2232 CASTLEBERRY LN,LAS VEGAS,NV,89156,JERRY,MAURER,,,2232 CASTLEBERRY LN,LAS VEGAS,NV,89156,SFR,1056,1979,113200,0,100,,,,,,2009-04-14,2550,2019
,y,P246C2DA,140-15-822-041,CLARK,6587 CORDELLE DR,LAS VEGAS,NV,89156,BEVERLY,KLEIDON,MARILYN,,382 N 33RD ST,SAN JOSE,CA,95133,SFR,1234,1995,239200,0,100,,,,,,2012-05-14,10568,2019
,y,P246C243,140-15-613-035,CLARK,2984 GALENA PEAK LN,LAS VEGAS,NV,89156,VICTORIA,LINTAN,TED,,3826 KELTON DR,OCEANSIDE,CA,92056,SFR,1350,1997,228100,0,100,,,,,,12/17/96,110500,2019
,y,P2461F2A,162-14-110-018,CLARK,3326 ONEIDA WAY,LAS VEGAS,NV,89169,SHEIDA,ASGARI,,,10454 KINNARD AVE,LOS ANGELES,CA,90024,SFR,2171,1961,284400,0,100,,,,,,2001-12-10,85000,2019
,y,P24D6634,139-22-711-081,CLARK,1844 STANFORD ST,NORTH LAS VEGAS,NV,89030,FERNANDO,FLORES,,,1844 STANFORD ST,NORTH LAS VEGAS,NV,89030,SFR,1176,1944,156700,22265,86,2/1/99,41000,,,,2004-07-14,32077,2019
,y,P2481813,139-13-311-014,CLARK,2712 HOLMES ST,NORTH LAS VEGAS,NV,89030,DANIEL C,PARRY,,,8022 BURNET AVE,VAN NUYS,CA,91402,SFR,1662,1956,190300,0,100,,,,,,2003-06-14,70000,2019
,y,P24A4631,139-14-514-020,CLARK,1803 RENADA CIR,NORTH LAS VEGAS,NV,89030,JO,ALSTON,,,1401 HIGH ST,ATWATER,CA,95301,SFR,2000,1963,222700,0,100,,,,,,,,2019
,y,P2484F3C,139-15-310-032,CLARK,2708 SWORD ST,NORTH LAS VEGAS,NV,89030,LEE ELLA,EDMOND,,,217 BUCK RANCH AVE,NORTH LAS VEGAS,NV,89032,SFR,988,1963,180000,0,100,,,,,,7/24/90,,2019
,y,P24A4946,139-22-210-016,CLARK,629 VAN ERT AVE,NORTH LAS VEGAS,NV,89030,ORA,ANDERSON,CURTIS,,736 VAN ERT AVE,NORTH LAS VEGAS,NV,89030,SFR,1198,1964,169600,0,100,,,,,,10/31/07,119000,2019
,y,P24921A2,139-15-314-032,CLARK,2729 ARMOR ST,NORTH LAS VEGAS,NV,89030,C,STRAMBLER,LULU,,3509 NIPPER ST,NORTH LAS VEGAS,NV,89030,SFR,2153,1964,215500,0,100,,,,,,3/16/10,4605,2019
,y,P248B1FC,139-16-810-039,CLARK,2528 PAGE ST,NORTH LAS VEGAS,NV,89030,MICHAEL,EVANS,,,7408 SUMMER CREST LN,LAS VEGAS,NV,89129,SFR,1488,1964,191400,20806,89,2011-08-10,50000,,,,6/16/14,1335,2019
,y,P245BD80,139-13-117-002,CLARK,2943 CRAWFORD ST,NORTH LAS VEGAS,NV,89030,BERNADETTE K,SHIELDS,,,270 MASONWOOD DR,KYLE,TX,78640,SFR,1204,1972,181300,13841,92,3/3/99,25000,,,,8/24/78,32000,2019
empty lot,y,P24D6960,139-24-511-077,CLARK,3116 ORR AVE,NORTH LAS VEGAS,NV,89030,,,,"COONEY,MICHAEL",7904 E CHAPARRAL RD A110-620,SCOTTSDALE,AZ,85250,SFR,0,1973,66500,0,100,,,,,,10/27/95,2546289,2019
,y,P249B46A,139-16-410-180,CLARK,1824 W MCDONALD AVE,NORTH LAS VEGAS,NV,89032,ANDREW,CLEMONS,,DIXON PETER ADMINISTRATOR,PO BOX 363805,NORTH LAS VEGAS,NV,89036,SFR,837,1963,160200,0,100,,,,,,2001-04-13,25180,2019
,n,P2421131,179-31-513-006,CLARK,220 TRENIER DR,HENDERSON,NV,89002,JAMES,QUINN,,"KERR,LORRAINE M",220 TRENIER DR,HENDERSON,NV,89002,SFR,1928,1996,371100,1554,100,2003-05-13,0,,,,4/30/09,249900,2019
,n,P242B455,160-23-318-002,CLARK,6 BEL GIORNO CT,HENDERSON,NV,89011,CAMERON MANAGEMENT GROUP LLC,,,,631 N STEPHANIE ST # 110,HENDERSON,NV,89014,SFR,3953,2004,1357300,0,100,,,,,,1/20/09,1025000,2019
,n,P242DDA9,178-09-215-047,CLARK,318 FRANCISCO ST,HENDERSON,NV,89014,MICHAEL C,EDWARDS,NORINE R,"EDWARDS,NORINE R",318 FRANCISCO ST,HENDERSON,NV,89014,SFR,1780,1992,362200,0,100,,,,,,9/24/93,188016,2019
,n,P241E335,179-18-710-101,CLARK,38 E ATLANTIC AVE,HENDERSON,NV,89015,GARY,GALLEGOS,PATRICIA,,PO BOX 92286,HENDERSON,NV,89009,SFR,1846,1942,234100,0,100,,,,,,7/15/76,23000,2019
,n,P2429E42,179-08-310-053,CLARK,139 ELM ST,HENDERSON,NV,89015,ELSIE,MATZKE,,,139 ELM ST,HENDERSON,NV,89015,SFR,1042,1954,204200,0,100,,,,,,12/28/84,50900,2019
,n,P241D125,177-13-712-011,CLARK,112 GAINSWAY WEST DR,HENDERSON,NV,89074,RUFUS,SANFORD,SHIRLEY,,8610 HOLMES AVE,LOS ANGELES,CA,90002,SFR,2790,1988,421300,71491,83,11/29/04,99000,,,,1/31/89,153200,2019
,n,P2414CD3,177-13-724-006,CLARK,68 QUIET DESERT LN,HENDERSON,NV,89074,JUDITH,GOSIK-LINDAUER,,,2657 WINDMILL PKWY # 412,HENDERSON,NV,89074,SFR,1510,1988,299300,2061,99,5/29/19,2066,,,,7/16/12,145000,2019
,n,P2437975,139-34-712-065,CLARK,217 S 10TH ST,LAS VEGAS,NV,89101,FAN,HONG,,,3160 W SAHARA AVE STE A22,LAS VEGAS,NV,89102,SFR,1324,1942,234700,0,100,,,,,,2011-10-05,0,2019
,n,P244CC73,139-26-410-003,CLARK,732 N 9TH ST,LAS VEGAS,NV,89101,EMPERATRIZ,EBIYA,,,724 N 9TH ST,LAS VEGAS,NV,89101,SFR,744,1945,134100,11135,92,5/24/96,23200,,,,5/24/96,43500,2019
,n,P24335E4,139-26-710-062,CLARK,805 N 19TH ST,LAS VEGAS,NV,89101,KEVIN K,KELLY,,,1707 VILLAGE CENTER CIR 150,LAS VEGAS,NV,89134,SFR,1010,1959,115400,0,100,,,,,,6/13/67,,2019
,n,P24DA50E,162-05-314-002,CLARK,2013 PLAZA DEL DIOS,LAS VEGAS,NV,89102,GOLDEN PEACH PPTY GROUP LLC H,,,,330 E WARM SPRINGS RD # A15,LAS VEGAS,NV,89119,SFR,2415,1981,414100,5537,99,2012-01-15,0,,,,8/13/10,205000,2019
,n,P2463F32,162-07-611-013,CLARK,2851 S VALLEY VIEW BLVD 1071,LAS VEGAS,NV,89102,JACK,STILLABOWER,DEBBY,"STILLABOWER,DEBBY",720 PENINSULA BND,SHADY SHORES,TX,76208,SFR,1238,1990,169400,0,100,,,,,,2012-05-13,82000,2019
,n,P247D611,162-03-512-038,CLARK,1016 JESSICA AVE,LAS VEGAS,NV,89104,LANCE FAMILY TRUST,,,"LANCE,MILLARD L & THOMAS A TR",1016 JESSICA AVE,LAS VEGAS,NV,89104,SFR,1294,1942,247300,0,100,,,,,,,,2019
,n,P2502644,162-02-519-007,CLARK,1925 FRANKLIN AVE,LAS VEGAS,NV,89104,ASSETTS CORP AMERICA INC,,,,1736 E CHARLESTON BLVD # 269,LAS VEGAS,NV,89104,SFR,884,1951,136900,0,100,,,,,,12/30/11,29500,2019
,n,P246CE1C,161-06-110-050,CLARK,1008 MAY AVE,LAS VEGAS,NV,89104,CHARLES,CUMMINGS,,,PO BOX 44051,LAS VEGAS,NV,89116,SFR,797,1955,162400,0,100,,,,,,2011-02-11,26800,2019
,n,P2460119,139-27-110-035,CLARK,700 W VAN BUREN AVE,LAS VEGAS,NV,89106,WALTER,JONES,,,1951 SUTRO LN,LAS VEGAS,NV,89106,SFR,1016,1950,153300,0,100,,,,,,6/16/14,6108,2019
,n,P244235D,139-29-611-002,CLARK,2304 DUNE DR,LAS VEGAS,NV,89106,JAMES,WALLACE,CONSTANCE,,2304 DUNE DR,LAS VEGAS,NV,89106,SFR,1279,1957,196100,0,100,,,,,,11/8/73,24500,2019
,n,P2479E56,139-21-510-259,CLARK,857 W BARTLETT AVE,LAS VEGAS,NV,89106,JOYCE,HARRIS,,,PO BOX 270555,LAS VEGAS,NV,89127,SFR,1080,1970,167200,0,100,,,,,,,0,2019
,n,P24D6915,139-21-510-170,CLARK,965 BLANKENSHIP AVE,LAS VEGAS,NV,89106,LAVETTE,BRUMFIELD,,,965 BLANKENSHIP AVE,LAS VEGAS,NV,89106,SFR,1200,1971,183300,0,100,,,,,,2/28/14,2342,2019
,n,P244CE07,139-31-410-035,CLARK,4718 DOVER PL,LAS VEGAS,NV,89107,KATHRYN J,HERNANDEZ,,"ERNANDEZ,ERICK",4718 DOVER PL,LAS VEGAS,NV,89107,SFR,1347,1953,224100,0,100,,,,,,11/19/91,,2019
,n,P2478258,138-25-712-061,CLARK,5125 WASHOE AVE,LAS VEGAS,NV,89107,ORESTA N,AMORE,,,5125 WASHOE AVE,LAS VEGAS,NV,89107,SFR,1396,1962,254300,1911,99,6/29/94,5000,,,,9/8/70,28500,2019
,n,P24D555E,138-26-814-004,CLARK,6237 CLARICE AVE,LAS VEGAS,NV,89107,AMAR SHLOMO ESTATE LLC,,,,2895 S FEDERAL HWY STE B2,DELRAY BEACH,FL,33483,SFR,1551,1964,183800,0,100,,,,,,10/22/09,57000,2019
,n,P24D6FDF,139-31-712-066,CLARK,712 NORTHSTAR ST,LAS VEGAS,NV,89107,MARGARET,YORK,,"TAYLOR,VERNON TR",9808 STELLAR VIEW AVE,LAS VEGAS,NV,89117,SFR,1456,1976,232100,12000,95,2/24/05,12000,,,,,,2019
,n,P2445CA2,139-30-317-001,CLARK,812 GLEN ABBEY CIR,LAS VEGAS,NV,89107,D M V H LLC,,,,848 N RAINBOW BLVD # 502,LAS VEGAS,NV,89107,SFR,2428,1979,334400,0,100,,,,,,5/21/09,89250,2019
,n,P2478745,138-34-713-043,CLARK,6737 BREMERTON CIR,LAS VEGAS,NV,89107,WARREN,WINKLER,,"SHULA,YECKES ETAL",2530 E FLAMINGO RD # 374,LAS VEGAS,NV,89121,SFR,1774,1984,244000,0,100,,,,,,10/2/98,99000,2019
,n,P245E302,138-02-311-022,CLARK,4309 CARNATION LN,LAS VEGAS,NV,89108,,,,CROSBIE ELEANOR J (TE),Unknown,Unknown,,,SFR,0,1973,120600,0,100,,,,,,,,2019
,n,P24F4B7E,138-12-310-031,CLARK,5904 CARPENTERIA WAY,LAS VEGAS,NV,89108,760 D A F PARTNERS LLC,,,,16055 VENTURA BLVD STE 425,ENCINO,CA,91436,SFR,1208,1980,212900,0,100,,,,,,9/21/11,55500,2019
,n,P24EB449,138-12-418-028,CLARK,5725 CAPITOLA AVE,LAS VEGAS,NV,89108,JOHNSON FAMILY TRUST,,,,5725 CAPITOLA AVE,LAS VEGAS,NV,89108,SFR,1503,1987,239100,0,100,,,,,,8/30/11,86500,2019
,n,P244637A,140-34-708-005,CLARK,202 N PHYLLIS ST,LAS VEGAS,NV,89110,BRISBANY,JIMENEZ,,,2980 JUNIPER HILLS BLVD 102,LAS VEGAS,NV,89142,SFR,1302,1963,243200,0,100,,,,,,11/27/12,85000,2019
bare lot,n,P246C7D1,140-28-410-117,CLARK,901 APACHE LN,LAS VEGAS,NV,89110,MAURICE,DELISLE,MAXINE,,PO BOX 620962,LAS VEGAS,NV,89162,SFR,1928,1973,311300,0,100,,,,,,2006-08-11,0,2019
,n,P243F6B5,140-35-110-070,CLARK,675 LOS FELIZ ST,LAS VEGAS,NV,89110,NAJM,GHARAVI,,,675 LOS FELIZ ST,LAS VEGAS,NV,89110,SFR,3914,1976,425600,0,100,,,,,,6/28/05,0,2019
,n,P24F8CA7,140-30-215-014,CLARK,912 DUMBARTON ST,LAS VEGAS,NV,89110,JEFFERY,JAMESON,,,324 CROSSWIND WAY,LAS VEGAS,NV,89145,SFR,1339,1977,189500,0,100,,,,,,,,2019
,n,P24F911B,140-32-614-030,CLARK,4725 METPARK DR,LAS VEGAS,NV,89110,MULTI-CONTRACTORS INC,,,,1901 GROVE ST,DENVER,CO,80204,SFR,1440,1980,213000,0,100,,,,,,6/26/14,112500,2019
,n,P24B410C,163-28-711-006,CLARK,5459 VALLEY WELLS WAY,LAS VEGAS,NV,89113,R E M NEVADA INC,,,,2700 N 3RD ST STE 4000,PHOENIX,AZ,85004,SFR,1861,1993,327800,63805,81,12/26/00,193100,,,,5/25/00,165000,2019
,n,P24C1173,140-19-702-006,CLARK,4095 E LAKE MEAD BLVD,LAS VEGAS,NV,89115,ANGEL,DIAZ,,,1255 PLEASANT BROOK ST,LAS VEGAS,NV,89142,SFR,1816,1954,172000,0,100,,,,,,2004-07-14,66000,2019
,n,P24379E0,140-07-111-048,CLARK,3879 EBLICK WASH DR,LAS VEGAS,NV,89115,760 D A F PARTNERS LLC,,,,16055 VENTURA BLVD STE 425,ENCINO,CA,91436,SFR,1247,1996,193500,0,100,,,,,,7/29/11,41250,2019
,n,P24739D3,163-10-304-008,CLARK,2985 S TENAYA WAY,LAS VEGAS,NV,89117,,,,,101 WINDSONG ST,LAS VEGAS,NV,89145,SFR,3184,1978,580700,0,100,,,,,,7/16/08,375000,2019
,n,P246E731,163-08-814-005,CLARK,3236 BARBUDA RD,LAS VEGAS,NV,89117,LIBERI,SUMMA,,,Unknown,Unknown,,,SFR,1250,1985,268900,17511,93,11/15/02,30000,,8/30/18,0,9/30/91,80950,2019
,n,P247F40C,163-08-818-003,CLARK,8760 BELUGA WAY,LAS VEGAS,NV,89117,PETERSON FAMILY TRUST,,,"PETERSON,ROBERT & YVONNE P TR",8760 BELUGA WAY,LAS VEGAS,NV,89117,SFR,2069,1987,393100,2243,99,12/20/18,2258,,,,,,2019
,n,P2439594,163-07-221-013,CLARK,2928 WHALERS COVE CIR,LAS VEGAS,NV,89117,DIANE,PARKER,,,3115 RUBIO CANYON RD,ALTADENA,CA,91001,SFR,1578,1988,317800,2020,99,10/21/10,0,,,,5/28/14,0,2019
,n,P24FB32F,163-17-511-021,CLARK,3320 STACEY LYN DR,LAS VEGAS,NV,89117,VERONICA,ESTEBAN,,,1342 KAMEHAMEHA IV RD,HONOLULU,HI,96819,SFR,1914,1993,317900,2050,99,2006-03-13,0,,,,9/26/08,202500,2019
,n,P24DC407,163-06-614-054,CLARK,1612 TAYLOR WOODROW DR,LAS VEGAS,NV,89117,APPLIED BUSINESS VENTURES INC,,,,5550 S FORT APACHE RD STE 102,LAS VEGAS,NV,89148,SFR,3169,1995,539300,6273,99,3/17/08,0,,2005-11-09,0,3/9/00,250500,2019
,n,P24DD212,163-18-514-024,CLARK,9511 TETON VISTA AVE,LAS VEGAS,NV,89117,DAVID,BROWN,,,6900 CHARING CROSS RD,BERKELEY,CA,94705,SFR,2386,1995,387200,0,100,,,,,,10/30/02,234500,2019
,n,P2439898,163-10-507-003,CLARK,7055 LAREDO ST,LAS VEGAS,NV,89117,LAREDO 1 LLC,,,,2660 MONTESSOURI ST,LAS VEGAS,NV,89117,SFR,5006,2015,1097100,0,100,,,,,,2010-02-14,90000,2019
,n,P247EA98,162-27-713-004,CLARK,962 COUNT WUTZKE AVE,LAS VEGAS,NV,89119,PATRICIA,MARTINEZ,,,963 COUNT WUTZKE AVE,LAS VEGAS,NV,89119,SFR,1242,1963,218500,0,100,,,,,,6/16/14,1229,2019
,n,P2434424,177-02-415-006,CLARK,7151 MAGIC MOMENT LN,LAS VEGAS,NV,89119,JOSEPH,BRACAMONTE,,,7151 MAGIC MOMENT LN,LAS VEGAS,NV,89119,SFR,1760,1986,278500,0,100,,,,,,10/30/08,135000,2019
,n,P247086A,161-31-503-015,CLARK,5865 S LAMB BLVD,LAS VEGAS,NV,89120,NEWTON LIVING TRUST,,,"NEWTON,WAYNE & KATHLEEN TR",3310 E SUNSET RD,LAS VEGAS,NV,89120,SFR,2377,1979,431600,21933,95,2006-03-13,100000,,,,5/17/13,150000,2019
,n,P245D232,178-06-516-015,CLARK,6679 ANGELINA ST,LAS VEGAS,NV,89120,YUSHUANG,HU,,,1867 WHITNEY MESA DR,HENDERSON,NV,89014,SFR,2275,2009,364100,0,100,,,,,,7/27/12,189460,2019
,n,P24D9A89,161-19-816-036,CLARK,3964 ACAPULCO AVE,LAS VEGAS,NV,89121,ALBERT,CARTER,MADLYN,,3964 ACAPULCO AVE,LAS VEGAS,NV,89121,SFR,2651,1964,258100,0,100,,,,,,6/10/74,62000,2019
,n,P247E26B,162-13-711-046,CLARK,3139 SONATA DR,LAS VEGAS,NV,89121,JEAN,SHERLOCK,,"HIRAI,CHIYOKO T",3139 SONATA DR,LAS VEGAS,NV,89121,SFR,1735,1977,215200,0,100,,,,,,8/8/91,120000,2019
,n,P24E0A23,161-20-411-027,CLARK,4370 EL CHOLO WAY,LAS VEGAS,NV,89121,SPENCER,CHEN,,"KU,CHUNG",2124 PLAZA DEL PADRE,LAS VEGAS,NV,89102,SFR,1895,1977,253400,0,100,,,,,,3/17/11,72450,2019
,n,P24DB759,162-24-715-035,CLARK,3212 WEBER CT,LAS VEGAS,NV,89121,GINA GAIL,JACOBS,,,3212 WEBER CT,LAS VEGAS,NV,89121,SFR,1144,1978,156400,7221,95,6/13/16,0,,,,6/18/93,60000,2019
,n,P24EB883,162-12-811-031,CLARK,3167 EL CEDRO CIR,LAS VEGAS,NV,89121,SUSANNE,BAEHR,,,2866 LOVELAND DR UNIT 2005,LAS VEGAS,NV,89109,SFR,2238,1978,273300,0,100,,,,,,2006-06-11,86000,2019
,n,P244EEA8,162-12-714-008,CLARK,3028 KENNEWICK DR,LAS VEGAS,NV,89121,KEVIN,MITNICK,,,2245 N GREEN VALLEY PKWY 411,HENDERSON,NV,89014,SFR,1822,1988,273200,0,100,,,,,,1/19/89,110950,2019
,n,P2458E5F,161-15-410-156,CLARK,4066 TANNING ST,LAS VEGAS,NV,89122,QUANG,DONG,,,4066 TANNING ST,LAS VEGAS,NV,89122,SFR,1726,2006,298300,0,100,,,,,,2003-03-11,141000,2019
,n,P2449C8F,161-15-212-072,CLARK,6151 ISOLA PEAK AVE,LAS VEGAS,NV,89122,MID-TECH SALES INC,,,,6400 YORK AVE S APT 409,EDINA,MN,55435,SFR,1420,2007,248600,0,100,,,,,,2/21/12,95000,2019
,n,P24B45CC,177-21-413-121,CLARK,113 BLACK CROW AVE,LAS VEGAS,NV,89123,BONNIE,BILL,,,7342 AMIGO ST,LAS VEGAS,NV,89123,SFR,1305,2000,276900,0,100,,,,,,12/28/12,117000,2019
,n,P2472855,177-09-114-098,CLARK,105 DUXFORD AVE,LAS VEGAS,NV,89123,FERNANDO,HUTAPEA,,"BETARIA,JELITA N",105 DUXFORD AVE,LAS VEGAS,NV,89123,SFR,1408,2010,298600,2772,99,8/15/11,0,,,,2012-01-10,137875,2019
,n,P24F7498,138-28-619-031,CLARK,1013 SCENERY CIR,LAS VEGAS,NV,89128,UZI,HAION,ERICA,,4654 BERSAGLIO ST,LAS VEGAS,NV,89135,SFR,996,1988,212300,0,100,,,,,,2002-03-10,80500,2019
,n,P24F4F8B,138-22-415-002,CLARK,7404 QUEEN PALM DR,LAS VEGAS,NV,89128,ROBERT,LANDGREN,,,1940 GLEN OAK DR,GLENVIEW,IL,60025,SFR,1373,1989,263000,20000,92,2005-05-03,20000,,,,,0,2019
,n,P24459E9,138-16-713-120,CLARK,2540 YOUNGDALE DR,LAS VEGAS,NV,89128,MARK P V,MEYDEN,,,1051 E EL ESCUDERO,PALM SPRINGS,CA,92262,SFR,1557,1989,293900,0,100,,,,,,4/13/04,220000,2019
,n,P24F4CED,138-16-314-071,CLARK,8261 HILTON HEAD CT,LAS VEGAS,NV,89128,ANNE,COHEN,,"COHEN,DAVID R TR",2050 W WARM SPRINGS RD UNIT 3721,HENDERSON,NV,89014,SFR,1992,1990,355100,2480,99,2010-10-17,0,,,,,,2019
,n,P24782FA,138-28-211-033,CLARK,1105 SHIRLEYANN LN,LAS VEGAS,NV,89128,LUIS,HERNANDEZ,,,1105 SHIRLEYANN LN,LAS VEGAS,NV,89128,SFR,1200,1991,241400,0,100,,,,,,4/25/14,6229,2019
,n,P24CE96E,137-12-810-089,CLARK,10416 ROCKY WATERS AVE,LAS VEGAS,NV,89129,JOSEPH WALTER,ARAGON,GRACE,"LENTEJAS,JULIET P",26990 SUGARITE CANYON DR,MORENO VALLEY,CA,92555,SFR,1599,2000,263200,0,100,,,,,,11/20/13,156500,2019
,n,P2456DBB,137-01-813-035,CLARK,10478 PRECLIFFS CT,LAS VEGAS,NV,89129,HELENA,MALONE,,,10478 PRECLIFFS CT,LAS VEGAS,NV,89129,SFR,2492,2002,372300,44495,88,6/25/02,66000,,,,6/25/02,240900,2019
,n,P24B9F7E,137-01-112-056,CLARK,10417 MORNING DROP AVE,LAS VEGAS,NV,89129,CLARK FAMILY TRUST,,,"CLARK,BARBARA JEAN TR",10417 MORNING DROP AVE,LAS VEGAS,NV,89129,SFR,1384,2002,281000,0,100,,,,,,8/15/12,125000,2019
,n,P243BC0A,138-03-313-097,CLARK,7240 HIGH CASCADE AVE,LAS VEGAS,NV,89129,OSNAT,PERRY,,,22D BERWICK CRST,,,,SFR,1480,2005,259300,0,100,,,,,,2012-08-10,110000,2019
,n,P245F823,138-02-510-131,CLARK,6109 MINERVA DR,LAS VEGAS,NV,89130,ALEXIS,LAUREL,,,24307 MAGIC MOUNTAIN PKWY # 282,VALENCIA,CA,91355,SFR,1804,1991,307000,0,100,,,,,,9/30/10,133000,2019
,n,P24D48BC,125-27-713-025,CLARK,5760 ROYAL CASTLE LN,LAS VEGAS,NV,89130,JAN,FRANTZEN,,,5760 ROYAL CASTLE LN,LAS VEGAS,NV,89130,SFR,2949,2009,490600,0,100,,,,,,3/26/10,317000,2019
,n,P24753F5,125-13-401-013,CLARK,7216 BOYD LN,LAS VEGAS,NV,89131,BOYD FAMILY TRUST,,,"BOYD,WILLIAM W & RUTH L TR",PO BOX 750729,LAS VEGAS,NV,89136,SFR,1404,1980,391200,0,100,,,,,,2/13/02,110000,2019
,n,P247054A,125-13-711-013,CLARK,7539 TRICKLING WASH DR,LAS VEGAS,NV,89131,OMAR,ANDERSON,,,1515 REO ROCK ST,LAS VEGAS,NV,89146,SFR,1892,2000,308200,0,100,,,,,,11/29/12,107000,2019
,n,P24BB02D,125-10-316-074,CLARK,8212 ALDEN PINES CT,LAS VEGAS,NV,89131,SALLY A,STJOHN,,,6955 N DURANGO DR 1115-,LAS VEGAS,NV,89149,SFR,1894,2004,325500,50000,85,6/17/19,50000,,,,2001-03-14,198000,2019
,n,P246A967,138-18-416-010,CLARK,2540 YOUNGDALE DR,LAS VEGAS,NV,89134,JAMES,ZWECK,HELEN,,5579 AMETHYST ST,ALTA LOMA,CA,91737,SFR,1533,1992,357400,0,100,,,,,,1/13/04,289900,2019
,n,P2445170,138-18-611-035,CLARK,9529 QUAIL RIDGE DR,LAS VEGAS,NV,89134,SHARON,ABRAMOWITZ,,,9529 QUAIL RIDGE DR,LAS VEGAS,NV,89134,SFR,1804,1992,366800,0,100,,,,,,2003-12-13,215000,2019
,n,P2455891,177-19-302-005,CLARK,4740 W MERANTO AVE,LAS VEGAS,NV,89139,ERNEST,BARR,TRUDEE,,3402 N MORNING GLORY DR,SANTA FE,TX,77517,SFR,1200,1989,365300,57377,84,10/28/98,86842,COUNTRYWIDE HOME LOANS INC,4/17/00,15000,6/9/94,110000,2019
,n,P2456791,177-31-512-043,CLARK,10605 MAGAZZINI CT,LAS VEGAS,NV,89141,MANCUSO-NYUGEN IRREVOCABLE TRUST,,,"MANCUSO,NICHOLAS E TR",10942 OAK ST,STANTON,CA,90680,SFR,1964,2001,391500,0,100,,,,,,6/25/01,194000,2019
,n,P24C38B6,177-30-410-007,CLARK,10450 HIGHLANDS RIVER ST,LAS VEGAS,NV,89141,ARTHUR,TAKABAYASHI,SHERYL,,20 KEOLA PL,MAKAWAO,HI,96768,SFR,1359,2007,253400,0,100,,,,,,3/19/14,660,2019
,n,P240BF36,176-25-512-069,CLARK,5486 TARTAN HILL AVE,LAS VEGAS,NV,89141,ANTWANETTE,LUCIOUS,,,10884 ROYAL HIGHLANDS ST,LAS VEGAS,NV,89141,SFR,2890,2014,436700,0,100,,,,,,9/22/14,343150,2019
,n,P246CB60,140-33-417-036,CLARK,5330 E CHARLESTON BLVD 36,LAS VEGAS,NV,89142,VENTURA,MUNOZ,,,2305 CEDAR AVE,LAS VEGAS,NV,89101,SFR,1103,1998,158100,0,100,,,,,,11/30/09,28000,2019
,n,P247FA17,163-11-505-017,CLARK,6372 ELDORA AVE,LAS VEGAS,NV,89146,LLOYD,ADAMS,,,129 GREENBRIAR TOWNHOUSE WAY,LAS VEGAS,NV,89121,SFR,1835,1961,759400,0,100,,,,,,,,2019
,n,P24FB584,163-22-510-068,CLARK,4224 GREENPOINT ST,LAS VEGAS,NV,89147,"OLSON,LEONARD K & BRYAN FAMILY TRUST",,,"OLSON,RONNIE TR",7555 HAUCK ST,LAS VEGAS,NV,89139,SFR,1337,1973,241900,0,100,,,,,,9/16/94,87000,2019
,n,P244FC5D,163-17-616-037,CLARK,8935 W CHEROKEE AVE,LAS VEGAS,NV,89147,S COSMOS INC,,,,8935 W CHEROKEE AVE,LAS VEGAS,NV,89147,SFR,2350,1995,365700,0,100,,,,,,4/20/95,149500,2019
,n,P2450061,163-20-715-012,CLARK,4664 STUTTGART ST,LAS VEGAS,NV,89147,JESSICA,WONG,KIN,,633 S MERIDIAN AVE,ALHAMBRA,CA,91803,SFR,4396,2000,585200,0,100,,,,,,9/13/13,353000,2019
,n,P2471E0C,163-16-620-079,CLARK,3635 HAMMOCK ST,LAS VEGAS,NV,89147,CHARLIE C,LAM,,,PO BOX 27738,LAS VEGAS,NV,89126,SFR,1609,2005,279200,0,100,,,,,,7/15/13,150000,2019
,n,P2480D44,163-29-510-031,CLARK,8823 BIG BLUFF AVE,LAS VEGAS,NV,89148,ALAN,LEWINTER,,,1804 BAY HILL DR,LAS VEGAS,NV,89117,SFR,6781,1995,1513600,9961,99,2003-12-15,0,,12/22/16,0,2010-10-13,53815,2019
,n,P24C426E,176-17-813-038,CLARK,8833 STEAMING THUNDER CT,LAS VEGAS,NV,89148,KEVIN,REEVES,,,8833 STEAMING THUNDER CT,LAS VEGAS,NV,89148,SFR,2356,2012,360300,0,100,12/29/17,0,,,,4/27/12,207768,2019
,n,P2471F73,125-20-112-208,CLARK,9148 FOREST WILLOW AVE 101,LAS VEGAS,NV,89149,,,,,4900 SANTA ANITA AVE 2C,EL MONTE,CA,91731,SFR,1183,2005,217100,0,100,,,,,,8/31/05,205140,2019
,n,P24E8115,125-17-210-362,CLARK,9144 EBONY THREADS CT,LAS VEGAS,NV,89149,SUSANN,BARCHENGER,MIKAL,,9144 EBONY THREADS CT,LAS VEGAS,NV,89149,SFR,1818,2007,280300,0,100,,,,,,2008-12-09,109900,2019
,n,P246C5AB,140-21-306-016,CLARK,5366 KELL LN,LAS VEGAS,NV,89156,ARIEL E,KAY,,,5366 KELL LN,LAS VEGAS,NV,89156,SFR,640,1959,211500,0,100,,,,,,6/26/96,40000,2019
,n,P2471D22,191-04-412-074,CLARK,11958 WHITE LILLY ST,LAS VEGAS,NV,89183,,,,,2320 POTOSI ST 130,LAS VEGAS,NV,89146,SFR,1341,2005,251000,1581,99,2006-03-15,0,,,,12/23/13,84577,2019
,n,P245911D,177-26-417-037,CLARK,1719 SUMMER BLUSH AVE,LAS VEGAS,NV,89183,"MITNICK,KEVIN FAMILY TRUST",,,,9484 S EASTERN AVE,LAS VEGAS,NV,89123,SFR,1269,2007,251000,0,100,,,,,,8/30/07,189794,2019
,n,P24E9DA2,191-04-214-082,CLARK,11578 GILES ST,LAS VEGAS,NV,89183,VICTORIA,IRUKE,,,9100 S 15TH ST,INGLEWOOD,CA,90305,SFR,1887,2007,304400,0,100,,,,,,5/24/10,147000,2019
,n,P24731FE,191-04-214-078,CLARK,11548 GILES ST,LAS VEGAS,NV,89183,JOSE,CATANO,,,3121 E CAMERON AVE,WEST COVINA,CA,91791,SFR,1777,2007,302300,0,100,,,,,,11/22/10,11362,2019
,n,P248A77E,139-13-215-050,CLARK,2721 DOGWOOD AVE,NORTH LAS VEGAS,NV,89030,MIRIAM,BARAHONA,,,5325 E MONROE AVE,LAS VEGAS,NV,89110,SFR,1170,1962,181800,0,100,,,,,,10/31/13,0,2019
,n,P245BF27,139-13-110-015,CLARK,3131 WEBSTER CIR,NORTH LAS VEGAS,NV,89030,BARBARA,MELVIN,,,2709 ARMOR ST,NORTH LAS VEGAS,NV,89030,SFR,1044,1963,178900,0,100,,,,,,7/14/80,42000,2019
,n,P24A4982,139-22-114-005,CLARK,736 VAN ERT AVE,NORTH LAS VEGAS,NV,89030,ORA,ANDERSON,CURTIS,,736 VAN ERT AVE,NORTH LAS VEGAS,NV,89030,SFR,2141,1964,207000,0,100,,,,,,,,2019
,n,P24B2BB8,124-32-210-033,CLARK,3620 REDWOOD RIDGE WAY,NORTH LAS VEGAS,NV,89031,JACQUELINE,GABBANA-JAN,,,3620 REDWOOD RIDGE WAY,NORTH LAS VEGAS,NV,89031,SFR,1481,1994,264700,0,100,,,,,,4/16/10,0,2019
,n,P24F70E3,124-32-816-086,CLARK,4933 ABUNDANCE ST,NORTH LAS VEGAS,NV,89031,MICHELLE,BELL,,,4933 ABUNDANCE ST,NORTH LAS VEGAS,NV,89031,SFR,1171,1999,192400,2481,99,2004-08-11,0,,,,6/18/13,2635,2019
,n,P24EA20B,124-34-119-051,CLARK,5508 STONE LAGOON ST,NORTH LAS VEGAS,NV,89031,TOUSA RECOVERY ACQUISITION LLC,,,,5796 ARMADA DR # 375,CARLSBAD,CA,92008,SFR,2871,2007,328000,0,100,,,,,,9/24/10,5170000,2019
,n,P24922DF,139-16-310-049,CLARK,2629 WARD ST,NORTH LAS VEGAS,NV,89032,WALTER,CLARK,,,2629 WARD ST,NORTH LAS VEGAS,NV,89032,SFR,1025,1986,153800,0,100,2005-10-06,0,,,,,,2019
,n,P24BB608,124-22-413-088,CLARK,607 DESERT SILK CT,NORTH LAS VEGAS,NV,89084,LEILA,DEHGHANI,MOHSEN,,930 POMONA AVE,CORONADO,CA,92118,SFR,1429,2004,237800,0,100,,,,,,2012-08-10,91000,2019
,,P246F0A3,163-27-210-006,CLARK,5175 TURNBERRY LN,LAS VEGAS,NV,89113,KUSUMOTO TRUST,,,"KUSUMOTO,ROY Y & JO-ANN S TR",1581 RAMONA WAY,ALAMO,CA,94507,SFR,1814,1986,444600,8594,98,2003-11-19,4452,,2003-11-19,0,8/25/92,252000,2019
,,P24CE726,125-33-510-004,CLARK,5513 RED SUN DR,LAS VEGAS,NV,89149,MARTYNA,MCCULLOUGH,,,5513 RED SUN DR,LAS VEGAS,NV,89149,SFR,1363,1993,271700,1990,99,12/31/09,0,,,,2/5/93,100000,2019
