ID,FIPS,CO3,APN,OWNERNAME,OWNER 1,OWNER 2,CAREOF,S_HSENO,S_HSESUB,S_DIR,STREET,S_SFX,ADDRESS,UNIT,CITY,STATE,ZIP,ZIP4,M_HSENO,M_HSESUB,M_DIR,M_STREET,M_SFX,M_UNIT,M_CITY,M_STATE,M_ZIP,M_ZIP4,LANDVAL,IMPVALUE,OTHERVALUE,TOTALVALUE,EXEMPAMT,EXEMPT,RATIO,TTAX,STATUS,ZONING,COUNTYUSE,USETYPE,TRA,LEGAL,YRDELQ,LOTACRES,LOTSQFT,VESTING,OLDESTDELYR,DEFAULTAMT,DEFNUMBER,TAXUPDATED,DATE
17,6071,SBD,0333-504-35-0000,W C STARRETT,STARRETT W C,,,27953,,,MATTERHORN,DR,27953  MATTERHORN DR,,LAKE ARROWHEAD,CA,92352,9723,,,,PO BOX 5858,,,BLUE JAY,CA,92317,,"$40,198","$195,246",,"$235,444",,N,82%,,ACTIVE,,510,RESID. SINGLE FAMILY,105-017,TRACT 6782 LOT 292,,0.289,"12,600",,2014,21367.25,,1/13/20,2020-02-10
36,6071,SBD,2328-262-30-0000,CRAIG GIBSON,GIBSON CRAIG,,,247,,,SCANDIA,RD,247  SCANDIA RD,,BIG BEAR LAKE,CA,92315,2541,,,,P O BOX 1072,,,AVALON,CA,90704,,"$85,000","$275,000",,"$360,000",,N,76%,,ACTIVE,,510,RESID. SINGLE FAMILY,017-001,TRACT 7533 LOT 46,,0.179,"7,800",,2014,40752.09,,1/13/20,2020-02-10
7,6071,SBD,0264-661-05-0000,JOHNEL ROLISON,ROLISON JOHNEL,,,19670,,,KAURI,AVE,19670  KAURI AVE,,RIALTO,CA,92377,4000,19670,,,KAURI,AVE,,RIALTO,CA,92377,,"$100,000","$275,000",,"$375,000",,N,73%,,ACTIVE,,510,RESID. SINGLE FAMILY,106-027,TRACT 6877 LOT 17,,0.235,"10,260",,2015,20308.34,,1/13/20,2020-02-10
24,6071,SBD,1010-113-20-0000,JORGE D DURAN,DURAN JORGE D,,,960,,N,OAKS,AVE,960 N OAKS AVE,,ONTARIO,CA,91762,2046,136,,N,SAN MARINO,AVE,,SAN GABRIEL,CA,91775,,"$141,415","$262,629",,"$404,044",,N,65%,,ACTIVE,,510,RESID. SINGLE FAMILY,004-000,TRACT 6227 LOT 36,,0.166,"7,232",,2015,22088.24,,1/13/20,2020-02-10
25,6071,SBD,1011-492-12-0000,JORGE D DURAN,DURAN JORGE D,,,11163,,,FREMONT,AVE,11163  FREMONT AVE,,MONTCLAIR,CA,91763,6538,136,,N,SAN MARINO,AVE,,SAN GABRIEL,CA,91775,,"$172,300","$320,900",,"$493,200","$7,000",Y,65%,,ACTIVE,,510,RESID. SINGLE FAMILY,011-024,TRACT 17191 LOT 12 BOOK 319 PAGE 18,,0.185,"8,092",,2015,26692.33,,1/13/20,2020-02-10
15,6071,SBD,0331-092-34-0000,CRANE GEORGE S TR,CRANE GEORGE S TR,,,302,,,OAK,DR,302  OAK DR,,LAKE ARROWHEAD,CA,92352,,,,,P O BOX 666,,,CEDAR GLEN,CA,92321,,"$32,438","$95,036",,"$127,474","$7,000",Y,74%,,ACTIVE,,510,RESID. SINGLE FAMILY,105-017,TRACT NO 2434 ARROWHEAD WOODS TRACT NO 73 LOTS 39 AND 40,,0.223,"9,720",,2016,10022.8,,1/13/20,2020-02-10
31,6071,SBD,1050-031-41-0000,CROFFORD MAXINE FAMILY TRUST 11/12,CROFFORD MAXINE FAMILY TRUST 11/12,,MAXINE CROFFORD - TRUSTEE,445,,W,ELM,ST,445 W ELM ST,,ONTARIO,CA,91761,,,,,PO BOX 215,,,ONTARIO,CA,91762,,"$12,106","$33,727",,"$45,833","$7,000",Y,73%,,ACTIVE,,510,RESID. SINGLE FAMILY,004-000,TRACT 2488 LOT 4 BLK A (PER LOT LI ADJ 10-17-86 #305400),,0.444,"19,371",,2016,2176.18,,1/13/20,2020-02-10
34,6071,SBD,2328-071-19-0000,MOSLEY SHANE D TRUST 7/17/14,MOSLEY SHANE D TRUST 7/17/14,,SHANE D MOSLEY,715,,,THRUSH,DR,715  THRUSH DR,,BIG BEAR LAKE,CA,92315,,4525,,,DEAN MARTIN,DR,#3211,LAS VEGAS,NV,89103,,"$134,500","$478,900",,"$613,400",,N,78%,,ACTIVE,,600,RESID. SINGLE FAMILY,017-001,TRACT 7444 LOT 6,,0.385,"16,800",,2016,42416.95,,1/13/20,2020-02-10
1,6071,SBD,0127-383-06-0000,PETERSON PAUL E TR,PETERSON PAUL E TR,,,392,,W,HOLLY,ST,392 W HOLLY ST,,RIALTO,CA,92376,4139,392,,W,HOLLY,ST,,RIALTO,CA,92376,,"$10,539","$35,638",,"$46,177","$7,000",Y,77%,,ACTIVE,,510,RESID. SINGLE FAMILY,006-000,TRACT 4889 LOT 35,,0.193,"8,408",,2017,3349.79,,1/13/20,2020-02-10
21,6071,SBD,0589-101-01-0000,CHRISTOPHER BATHUM,BATHUM CHRISTOPHER,,,61879,,,ROSEMARY,LN,61879  ROSEMARY LN,,JOSHUA TREE,CA,92252,3216,6715,,,MELROSE,,,LOS ANGELES,CA,90038,,"$106,121","$571,992",,"$678,113",,N,84%,,ACTIVE,,510,RESID. SINGLE FAMILY,094-012,E 1/2 SE 1/4 SW 1/4 SW 1/4 SEC 12 TP IS R 6E 5. AC EX MNL RTS AS RESERVED BY USA,,5,"217,800",,2017,34741.56,,1/13/20,2020-02-10
23,6071,SBD,1009-043-03-0000,BAKER DONALD & CLARIS LV TR 2-20-07,BAKER DONALD & CLARIS LV TR 2-20-07,,DONALD & CLARIS BAKER,4662,,,HIGHLAND,ST,4662  HIGHLAND ST,,MONTCLAIR,CA,91763,1408,,,,P O BOX 2552,,,MONTCLAIR,CA,91763,,"$9,920","$37,158",,"$47,078",,N,78%,,ACTIVE,,510,RESID. SINGLE FAMILY,011-008,TRACT 6507 LOT 45,,0.164,"7,171",,2017,2184.51,,1/13/20,2020-02-10
8,6071,SBD,0273-153-07-0000,MARIA E BARAJAS,BARAJAS MARIA E,,,6970,,,OSBUN,RD,6970  OSBUN RD,,SAN BERNARDINO,CA,92404,6424,6970,,,OSBUN,RD,,SAN BERNARDINO,CA,92404,,"$31,505","$130,650",,"$162,155","$7,000",Y,80%,,ACTIVE,,510,RESID. SINGLE FAMILY,018-045,TR NO 2815 MC GLOTHEN GARDENS NO 2 LOTS 34 AND 35 EX WATER RIGHTS,,0.509,"22,200",,2018,5517.58,,1/13/20,2020-02-10
20,6071,SBD,0587-042-12-0000,KONG CHOW,CHOW KONG,,,7505,,,CIBOLA,TRL,7505  CIBOLA TRL,,YUCCA VALLEY,CA,92284,3255,7505,,,CIBOLA,TRL,,YUCCA VALLEY,CA,92284,,"$16,390","$141,343",,"$157,733","$7,000",Y,89%,,ACTIVE,,600,RESID. SINGLE FAMILY,023-000,TRACT 4881 LOT 40,,0.247,"10,800",,2018,22554.93,,1/13/20,2020-02-10
22,6071,SBD,0660-331-03-0000,WILLIAM JOSEPH CAVANAUGH,CAVANAUGH WILLIAM JOSEPH,,,836,,,BEACH,DR,836  BEACH DR,,NEEDLES,CA,92363,3709,836,,,BEACH,DR,,NEEDLES,CA,92363,,"$260,100","$416,160",,"$676,260",,N,61%,,ACTIVE,,510,RESID. SINGLE FAMILY,003-001,TRACT 8452 LOT 4,,0.172,"7,500",,2018,19039.81,,1/13/20,2020-02-10
32,6071,SBD,1061-721-18-0000,FALABELLA JEANINE B REVOCABLE TR -ES,FALABELLA JEANINE B REVOCABLE TR -ES,,,5644,,,PERIDOT,AVE,5644  PERIDOT AVE,,ALTA LOMA,CA,91701,1821,25,,,TOWN & COUNTRY,RD,,POMONA,CA,91766,,"$17,567","$65,925",,"$83,492",,N,78%,,ACTIVE,,510,RESID. SINGLE FAMILY,015-003,TRACT 7218 LOT 10,,0.46,"20,068",,2018,247.65,,1/13/20,2020-02-10
38,6071,SBD,3066-621-35-0000,JONATHAN FOREST MUELLER,MUELLER JONATHAN FOREST,,,9330,,,SMITH,RD,9330  SMITH RD,,PHELAN,CA,92371,7461,,,,PO BOX 30763,,,SAN BERNARDINO,CA,92413,,"$45,940","$199,840",,"$245,780",,N,81%,,ACTIVE,,510,RESID. SINGLE FAMILY,101-010,PARCEL MAP 16642 PARCEL 3 BOOK 207 PAGE 9,,1.45,"63,162",,2018,5180.54,,1/13/20,2020-02-10
2,6071,SBD,0153-062-16-0000,DAVID J KAUSAL,KAUSAL DAVID J,,,3420,,,PARKSIDE,DR,3420  PARKSIDE DR,,SAN BERNARDINO,CA,92404,2410,3420,,,PARKSIDE,DR,,SAN BERNARDINO,CA,92404,,"$26,393","$21,669",,"$48,062",,N,45%,,ACTIVE,,510,RESID. SINGLE FAMILY,007-228,TRACT 2370 LOT 7 BLOCK 6 BROADMOOR,,0.258,"11,250",,2019,493.98,,1/13/20,2020-02-10
3,6071,SBD,0154-394-08-0000,MARVIN D GEMAR,GEMAR MARVIN D,,,3965,,,PARKSIDE,DR,3965  PARKSIDE DR,,SAN BERNARDINO,CA,92404,1719,3965,,N,PARKSIDE,DR,,SAN BERNARDINO,CA,92404,,"$14,092","$41,769",,"$55,861","$7,000",Y,74%,,ACTIVE,,510,RESID. SINGLE FAMILY,007-228,TRACT 4264 LOT 8,,0.183,"8,000",,2019,973.2,,1/13/20,2020-02-10
4,6071,SBD,0175-183-09-0000,FRASER ROBERT J TR,FRASER ROBERT J TR,,,1346,,,MONTEREY,ST,1346  MONTEREY ST,,REDLANDS,CA,92373,6950,1045,,W,SUNSET,DR,,REDLANDS,CA,92373,,"$19,713","$87,429",,"$107,142","$7,000",Y,81%,,ACTIVE,,510,RESID. SINGLE FAMILY,005-000,TR NO 1982 CRESCENT HEIGHTS LOT 68 AND 69,,0.347,"15,125",,2019,1527.89,,1/13/20,2020-02-10
5,6071,SBD,0241-291-50-0000,MARK HIDALGO,HIDALGO MARK,,,7457,,,OLEANDER,AVE,7457  OLEANDER AVE,,FONTANA,CA,92335,,136,,E,HIGHLAND,AVE,,SAN BERNARDINO,CA,92404,,"$51,684","$101,070",,"$152,754",,N,66%,,ACTIVE,,510,RESID. SINGLE FAMILY,010-000,PARCEL MAP 1088 PARCEL 1,,0.208,"9,100",,2019,2857.46,,1/13/20,2020-02-10
6,6071,SBD,0256-051-59-0000,FORD FAMILY TRUST 7/4/96,FORD FAMILY TRUST 7/4/96,,CHARLES HERMAN FORD TRUSTEE,10853,,,LOCUST,AVE,10853  LOCUST AVE,,BLOOMINGTON,CA,92316,2529,10853,,,LOCUST,AVE,,BLOOMINGTON,CA,92316,,"$8,668","$100,709",,"$109,377","$7,000",Y,92%,,ACTIVE,,510,RESID. SINGLE FAMILY,064-027,S T L AND W CO S B L N 100 FT S 360 FT W 1/2 LOT 473 EX E 396 FT THEREOF MEAS TO ST C/L EX ST,,0.606,"26,400",,2019,1614.07,,1/13/20,2020-02-10
9,6071,SBD,0283-092-19-0000,SHABETHAI DAWSON,DAWSON SHABETHAI,,,25003,,,COURT,ST,25003  COURT ST,,LOMA LINDA,CA,92354,1805,,,,PO BOX 583,,,LOMA LINDA,CA,92354,,"$6,557","$19,126",,"$25,683","$7,000",Y,74%,,ACTIVE,,510,RESID. SINGLE FAMILY,013-010,LOMA L1NDA HOME TRACT LOT 26,,0.172,"7,500",,2019,346.01,,1/13/20,2020-02-10
10,6071,SBD,0284-133-22-0000,NKH STARR LLC,NKH STARR LLC,,,25137,,,STARR,ST,25137  STARR ST,,LOMA LINDA,CA,92354,2961,,,,P O BOX 1801,,,SAN JUAN CAPISTRA,CA,92693,,"$53,870","$215,478",,"$269,348",,N,79%,,ACTIVE,,600,RESID. SINGLE FAMILY,013-003,TRACT 2808 LOT 31,,0.159,"6,950",,2019,2012.12,,1/13/20,2020-02-10
11,6071,SBD,0284-133-30-0000,NKH STARR LLC,NKH STARR LLC,,,25144,,,STARR,ST,25144  STARR ST,,LOMA LINDA,CA,92354,2922,,,,P O BOX 1801,,,SAN JUAN CAPISTRA,CA,92693,,"$53,870","$161,610",,"$215,480",,N,75%,,ACTIVE,,600,RESID. SINGLE FAMILY,013-003,TRACT 2808 LOT 13,,0.159,"6,950",,2019,1622.16,,1/13/20,2020-02-10
12,6071,SBD,0284-432-03-0000,CIOBANU MARIN & MARIANA FAM TR 05/1,CIOBANU MARIN & MARIANA FAM TR 05/1,,MARIN & MARIANA CIOBANU,11525,,,WELEBIR,ST,11525  WELEBIR ST,,LOMA LINDA,CA,92354,3631,11525,,,WELEBIR,ST,,LOMA LINDA,CA,92354,,"$19,713","$105,621",,"$125,334","$7,000",Y,84%,,ACTIVE,,510,RESID. SINGLE FAMILY,013-003,TRACT 8517 LOT 31,,0.228,"9,975",,2019,1810.75,,1/13/20,2020-02-10
13,6071,SBD,0300-101-23-0000,JADELAND DEVELOPMENTS,JADELAND DEVELOPMENTS,,,31119,,,OUTER HWY 10,,31119  OUTER HWY 10 ,,YUCAIPA,CA,92399,,,,,PO BOX 3361,,,RUNNING SPRINGS,CA,92382,,"$127,345","$297,138",,"$424,483",,N,69%,,ACTIVE,,510,RESID. SINGLE FAMILY,005-041,PARCEL MAP NO 1203 PARCEL NO 03 EX ST ***** 1/5/73 #662 O.D. 6/29/90 #90-255863 ACCEPTANCE *****,,0.918,"40,000",,2019,3125.48,,1/13/20,2020-02-10
14,6071,SBD,0313-361-03-0000,YARMOUTH CAPITAL PRESERVATION INC,YARMOUTH CAPITAL PRESERVATION INC,,,1043,,,LOOKOUT MOUNTAIN,RD,1043  LOOKOUT MOUNTAIN RD,,BIG BEAR CITY,CA,92314,9838,10800,,,HOLE,AVE,#8,RIVERSIDE,CA,92505,,"$40,595","$172,610",,"$213,205",,N,80%,,ACTIVE,,510,RESID. SINGLE FAMILY,057-004,TRACT 7826 LOT 45 TRACT NO 7826 WHISPERING FOREST NO 3 LOT 45,,0.321,"14,000",,2019,2444.75,,1/13/20,2020-02-10
19,6071,SBD,0465-603-13-0000,FUMIE ISHIYA,ISHIYA FUMIE,,,26474,,,BUCCANEER,LN,26474  BUCCANEER LN,,HELENDALE,CA,92342,7740,,,,P O BOX 44,,,HELENDALE,CA,92342,,"$84,000","$338,000",,"$422,000","$7,000",Y,80%,,ACTIVE,,510,RESID. SINGLE FAMILY,078-005,TRACT 8319 LOT 200,,0.338,"14,750",,2019,3317.52,,1/13/20,2020-02-10
26,6071,SBD,1013-241-03-0000,COOPER ALEXANDER TR,COOPER ALEXANDER TR,,,4054,,,FRANCIS,AVE,4054  FRANCIS AVE,,CHINO,CA,91710,1520,4054,,,FRANCIS,ST,,CHINO,CA,91761,,"$156,132","$177,835",,"$333,967",,N,53%,,ACTIVE,,510,RESID. SINGLE FAMILY,061-102,RANCHO SANTA ANA DEL CH1NO PTN LOT 32 SEC 33 TP 1S R 8W BEG AT A PO1NT ON THE SLY L1 OF SD LOT 32 MEASURED 263 FT WLY FROM THE C/L P1PEL1NE AVE TO POB TH WLY ALG SOUTHERN L1 OF SD LOT 115 FT TO A PT TH 1N A NLY D1RECT1ON ALG A L1 PARALLEL T,,1.655,"72,105",,2019,2225.94,,1/13/20,2020-02-10
27,6071,SBD,1047-141-62-0000,CARMEN MARTINEZ,MARTINEZ CARMEN,,,1147,,E,7TH,ST,1147 E 7TH ST,,ONTARIO,CA,91764,1005,10855,,,TERRA VISTA,PKWY,#97,RANCHO CUCAMONGA,CA,91730,,"$42,005","$115,514",,"$157,519",,N,73%,,ACTIVE,,510,RESID. SINGLE FAMILY,004-091,TRACT 5444 LOT 5,,0.151,"6,600",,2019,2124.65,,1/13/20,2020-02-10
28,6071,SBD,1047-511-09-0000,LARRY W BLEDSOE,BLEDSOE LARRY W,,,564,,E,PRINCETON,ST,564 E PRINCETON ST,,ONTARIO,CA,91764,1807,564,,E,PRINCETON,ST,,ONTARIO,CA,91763,,"$42,896","$142,423",,"$185,319","$7,000",Y,76%,,ACTIVE,,510,RESID. SINGLE FAMILY,004-000,ONTAR1O COLONY LANDS E 60 FT S 136 FT N 161 FT LOT 801,,0.187,"8,160",,2019,1210.81,,1/13/20,2020-02-10
29,6071,SBD,1048-521-03-0000,BRENDA J HAWKINS,HAWKINS BRENDA J,,,514,,E,NOCTA,ST,514 E NOCTA ST,,ONTARIO,CA,91764,4214,,,,PO BOX 4866,,,ONTARIO,CA,91761,,"$51,101","$102,822",,"$153,923","$7,000",Y,66%,,ACTIVE,,510,RESID. SINGLE FAMILY,004-000,SIERRA TRACT W 1/2 LOT 3 AND E 1/2 LOT 4,,0.154,"6,732",,2019,1983.26,,1/13/20,2020-02-10
30,6071,SBD,1049-353-10-0000,RICHARD MARTINSON,MARTINSON RICHARD,,,507,,E,MAITLAND,ST,507 E MAITLAND ST,,ONTARIO,CA,91761,3318,,,,P O BOX 857,,,ONTARIO,CA,91762,,"$34,362",$926,,"$35,288",,N,2%,,ACTIVE,,510,RESID. SINGLE FAMILY,004-083,V1LLA PLOTS SOUTH S1DE TR E 1/2 LOT 5 BLK 135 EX N 10 FT,,0.282,"12,312",,2019,507.22,,1/13/20,2020-02-10
33,6071,SBD,1191-121-30-0000,WILLIAM E ASHFORD,ASHFORD WILLIAM E,,,6654,,,ROBINSON,RD,6654  ROBINSON RD,,SAN BERNARDINO,CA,92346,2331,6654,,,ROBINSON,RD,,SAN BERNARDINO,CA,92346,,"$8,743","$39,115",,"$47,858","$7,000",Y,81%,,ACTIVE,,510,RESID. SINGLE FAMILY,018-045,TRACT 5900 LOT 19,,0.166,"7,272",,2019,1713.23,,1/13/20,2020-02-10
35,6071,SBD,2328-204-07-0000,RICHARD GRIJALVA,GRIJALVA RICHARD,,,42141,,,BROWNIE,LN,42141  BROWNIE LN,,BIG BEAR LAKE,CA,92315,,,,,PO BOX 6602,,,BIG BEAR LAKE,CA,92315,,"$98,771","$395,086",,"$493,857",,N,80%,,ACTIVE,,510,RESID. SINGLE FAMILY,017-018,PARCEL MAP 16224 PARCEL 3 BOOK 202 PAGE 95,,0.408,"17,775",,2019,7391.4,,1/13/20,2020-02-10
37,6071,SBD,2328-642-07-0000,SUTHERLAND TYREL PAUL LIVING TR 201,SUTHERLAND TYREL PAUL LIVING TR 201,,,865,,,TEHAMA,DR,865  TEHAMA DR,,BIG BEAR LAKE,CA,92315,2158,,,,P O BOX 315,,,BIG BEAR LAKE,CA,92315,,"$76,500","$178,500",,"$255,000","$7,000",Y,70%,,ACTIVE,,510,RESID. SINGLE FAMILY,017-001,TRACT 3071 LOT 97,,0.179,"7,800",,2019,4215,,1/13/20,2020-02-10
39,6071,SBD,3067-071-12-0000,DAN BALUE,BALUE DAN,,,585,,,ENGMAN,RD,585  ENGMAN RD,,PINON HILLS,CA,92372,,,,,PO BOX 721710,,,PINON HILLS,CA,92372,,"$52,072","$132,957",,"$185,029","$7,000",Y,71%,,ACTIVE,,510,RESID. SINGLE FAMILY,101-014,PARCEL MAP 14268 PARCEL 4 BOOK 169 PAGE 34,,0.91,"39,671",,2019,2465.76,,1/13/20,2020-02-10
40,6071,SBD,3099-211-10-0000,RAYMOND M BUCKLEY,BUCKLEY RAYMOND M,,,371,,,LINDERO,RD,371  LINDERO RD,,PINON HILLS,CA,92372,,,,,P O BOX 720722,,,PINON HILLS,CA,92372,,"$59,371","$203,594",,"$262,965","$7,000",Y,77%,,ACTIVE,,510,RESID. SINGLE FAMILY,101-014,PARCEL MAP 12269 PARCEL 2,,2.25,"98,010",,2019,3463.47,,1/13/20,2020-02-10
16,6071,SBD,0333-352-01-0000,REVEL ADELAIDE TRUST,REVEL ADELAIDE TRUST,,GWENDOLYNN SANDERS TRUSTEE,699,,,GRASS VALLEY,RD,699  GRASS VALLEY RD,,LAKE ARROWHEAD,CA,92352,,,,,PO BOX 1095,,,LAKE ARROWHEAD,CA,92352,,"$50,000","$240,000",,"$290,000",,N,82%,,ACTIVE,,510,RESID. SINGLE FAMILY,105-017,TRACT 6397 LOT 81,,0.277,"12,045",,2020,1034.6,,1/13/20,2020-02-10
18,6071,SBD,0438-112-37-0000,ANHQUOC NGUYEN,NGUYEN ANHQUOC,,,9376,,,FLORA VISTA,RD,9376  FLORA VISTA RD,,APPLE VALLEY,CA,92308,8502,9376,,,FLORA VISTA,RD,,APPLE VALLEY,CA,92308,,"$51,000","$183,600",,"$234,600",,N,78%,,ACTIVE,,510,RESID. SINGLE FAMILY,054-007,N 1/2 SE 1/4 SW 1/4 NW 1/4 SEC 23 TP 4N R 3W EX MNL RTS AS RESERVED BY USA 5 AC,,5,"217,800",,2020,747.57,,1/13/20,2020-02-10
