ID,FIPS,CO3,APN,OWNERNAME,OWNER 1,OWNER 2,CAREOF,S_HSENO,S_HSESUB,S_DIR,STREET,S_SFX,UNIT,CITY,STATE,ZIP,ZIP4,M_HSENO,M_HSESUB,M_DIR,M_STREET,M_SFX,M_UNIT,M_CITY,M_STATE,M_ZIP,M_ZIP4,LANDVAL,IMPVALUE,OTHERVALUE,TOTALVALUE,EXEMPAMT,EXEMPT,RATIO,TTAX,STATUS,ZONING,COUNTYUSE,USETYPE,TRA,LEGAL,YRDELQ,LOTACRES,LOTSQFT,VESTING,OLDESTDELYR,DEFAULTAMT,DEFNUMBER,TAXUPDATED,DATE
9,6059,ORG,341-042-05,JOSEPH MANUEL MIRANDA,MIRANDA JOSEPH MANUEL TR,J M & P A MIRANDA LIVING,,1419,,,BRYCE,CIR,,PLACENTIA,CA,92870,4001,1419,,,BRYCE,CIR,,PLACENTIA,CA,92870,,"$222,609","$324,458",,"$547,067","$7,000",Y,59%,,,,1,RESID. SINGLE FAMILY,009-022,N TR 5828 BLK LOT 26,,0.19,"8,300",,2016,17396.92,17002442,11/27/19,2020-02-10
4,6059,ORG,105-232-74,DANNY E BROWN,BROWN DANNY E JR,,,17292,,,HARDING CANYON,RD,,SILVERADO,CA,92676,9751,17292,,,HARDING CANYON,RD,,SILVERADO,CA,92676,9751,"$213,385","$10,931",,"$224,316",,N,4%,,,,1,RESID. SINGLE FAMILY,076-172,A TR MODJESKA HOME SHEET A BLK LOT 5,,0.161,"7,038",,2017,3865.48,18000985,11/24/19,2020-02-10
7,6059,ORG,133-151-09,EDWARD WISNIEWSKI,WISNIEWSKI EDWARD TR,WISNIEWSKI EXEMPTION TR,,12301,,,CHRISTINE,LN,,GARDEN GROVE,CA,92841,3807,,,,PO BOX 4099,,,GARDEN GROVE,CA,92842,4099,"$27,849","$46,918",,"$74,767",,N,62%,,,,1,RESID. SINGLE FAMILY,018-032,N TR 1946 BLK LOT 73,,0.184,"8,025",,2017,3693.76,18001310,11/24/19,2020-02-10
8,6059,ORG,195-172-24,KEVIN L WILLIAMS,WILLIAMS KEVIN L,,,14201,,,BARBER,ST,,WESTMINSTER,CA,92683,4109,14201,,,BARBER,ST,,WESTMINSTER,CA,92683,4109,"$127,334",,,"$127,334",,N,0%,,,,1,RESID. SINGLE FAMILY,020-025,N TR 661 BLK C LOT 5,,0.123,"5,399",,2017,4424.64,18001766,11/25/19,2020-02-10
11,6059,ORG,614-121-50,LYN M FERGUSON,FERGUSON LYN M,,,24731,,,GLENWOOD,DR,,LAKE FOREST,CA,92630,3109,24731,,,GLENWOOD,DR,,LAKE FOREST,CA,92630,3109,"$256,144","$186,815",,"$442,959",,N,42%,,,,1,RESID. SINGLE FAMILY,030-015,N TR 6349 BLK LOT 44 TR 6349 LOT 44 TOGETHER WITH AN UND 1/64 INT IN,,0.084,"3,666",,2017,5002.83,18003607,11/30/19,2020-02-10
12,6059,ORG,805-141-14,CAHIDE SEN,SEN CAHIDE,,,65,,,SAN SEBASTIAN,,,RANCHO SANTA MARGARITA,CA,92688,2527,65,,,SAN SEBASTIAN,,,RANCHO SANTA MARG,CA,92688,,"$311,641","$170,278",,"$481,919","$7,000",Y,35%,,,,1,RESID. SINGLE FAMILY,033-006,N TR 11732 BLK LOT 30,,0.143,"6,250",,2017,3014.3,18004391,2012-02-19,2020-02-10
1,6059,ORG,003-161-10,STANLEY R & CHIYO POLCZYNSKI,POLCZYNSKI STANLEY R & CHIYO,,,2015,,,POINSETTIA,ST,,SANTA ANA,CA,92706,2921,2015,,N,POINSETTIA,ST,,SANTA ANA,CA,92706,2921,"$90,511","$117,803",,"$208,314","$7,000",Y,56%,,,,1,RESID. SINGLE FAMILY,011-003,A TR RESUB OF NOB HILL TR BLK D RESUB OF NOB HILL TR LOT BLK D N 56 FT S 191 FT,,0.199,"8,680",,2018,1414.85,19000022,11/21/19,2020-02-10
2,6059,ORG,035-341-02,JUNE M MC BRIDE,MC BRIDE JUNE M,,,620,,N,EAST,ST,,ANAHEIM,CA,92805,2131,620,,N,EAST,ST,,ANAHEIM,CA,92805,2131,"$15,614","$19,188",,"$34,802",,N,55%,,,,1,RESID. SINGLE FAMILY,001-001,N TR 1648 BLK LOT 41,,0.144,"6,300",,2018,833.38,19000358,11/22/19,2020-02-10
3,6059,ORG,066-171-10,EVANGELICAL FORMOSAN CHURCH,EVANGELICAL FORMOSAN CHURCH,,,5781,,,HOMEWOOD,AVE,,BUENA PARK,CA,90621,2119,,,,PO BOX 4043,,,CERRITOS,CA,90703,,"$397,955","$40,716",,"$438,671","$438,671",N,9%,,,,1,RESID. SINGLE FAMILY,014-064,N TR 650 BLK E LOT 16,,0.155,"6,750",,2018,412.92,19000591,11/23/19,2020-02-10
5,6059,ORG,107-465-13,"OKEEFFE, LOAN K",OKEEFFE LOAN K TR M P &,L K OKEEFFE REVOC  LIVING TR,,15422,,,WEBSTER,ST,,WESTMINSTER,CA,92683,6822,,,,PO BOX 11648,,,WESTMINSTER,CA,92685,1648,"$157,993","$113,220",,"$271,213","$7,000",Y,41%,,,,1,RESID. SINGLE FAMILY,020-025,N TR 2803 BLK LOT 452,,0.146,"6,400",,2018,3915.74,19001110,11/24/19,2020-02-10
6,6059,ORG,132-423-10,THANH G PHUNG,PHUNG THANH G,"NGUYEN, NGHIA",,9331,,,SKYLARK,BLVD,,GARDEN GROVE,CA,92841,2016,9331,,,SKYLARK,BLVD,,GARDEN GROVE,CA,92841,,"$707,929",,,"$707,929",,N,0%,,,,1,RESID. SINGLE FAMILY,018-103,N TR 2142 BLK LOT 9,,0.418,"18,228",,2018,5505.25,19001416,11/24/19,2020-02-10
10,6059,ORG,503-611-25,ALI YEHYA NEMER,NEMER ALI YEHYA,,,10583,,,BRIER,LN,,SANTA ANA,CA,92705,1506,141,,,CLOUDBREAK,,,IRVINE,CA,92618,,"$405,561",,,"$405,561",,N,0%,,,,1,RESID. SINGLE FAMILY,089-074,N TR 10500 BLK LOT 1 TR NO 10500 LOT 1 POR OF LOT,,0.903,"39,351",,2018,2371.39,19003838,11/30/19,2020-02-10
