﻿ID,FIPS,CO3,APN,OWNERNAME,OWNER 1,OWNER 2,CAREOF,S_HSENO,S_HSESUB,S_DIR,STREET,S_SFX,UNIT,CITY,STATE,ZIP,ZIP4,M_HSENO,M_HSESUB,M_DIR,M_STREET,M_SFX,M_UNIT,M_CITY,M_STATE,M_ZIP,M_ZIP4,DATE
1,6037,LAX,2174-029-017,CHATSBORO ONE LLC,CHATSBORO ONE LLC,,,20620,,,CHATSBORO,DR,,LOS ANGELES,CA,91364,5654,20620,,,CHATSBORO,DR,,WOODLAND HILLS,CA,91364,,2020
2,6037,LAX,2182-004-009,CATALYST VENTURES 1 LLC,CATALYST VENTURES 1 LLC,,,17807,,,VALLEY VISTA,BLVD,,LOS ANGELES,CA,91316,3714,17807,,,VALLEY VISTA,BLVD,,ENCINO,CA,91316,,2020
3,6037,LAX,2269-024-006,STEVE & MARY ANN WANCHSNER,WANCHSNER STEVE AND MARY ANN TRS,WACHSNER FAMILY TRUST,,13732,,,LA MAIDA,ST,,LOS ANGELES,CA,91423,2421,13732,,,LA MAIDA,ST,,SHERMAN OAKS,CA,91423,,2020
4,6037,LAX,2358-022-026,NANCY TU,TU NANCY,,,12924,,,ADDISON,ST,,LOS ANGELES,CA,91423,2216,12924,,,ADDISON,ST,,SHERMAN OAKS,CA,91423,,2020
5,6037,LAX,2359-015-013,LEWIS ALICIA L DECD EST OF,LEWIS ALICIA L DECD EST OF,,C/O MARC P JACOBS,4924,,,VENTURA CANYON,AVE,,LOS ANGELES,CA,91423,1408,11377,,W,OLYMPIC,BLVD,,LOS ANGELES,CA,90064,,2020
6,6037,LAX,2378-016-019,MATTHIEU TOTA,TOTA MATTHIEU,,,11207,,,LAURIE,DR,,LOS ANGELES,CA,91604,3878,15,,,QUARTER ALLEE DE LA PEPI,,,92150 SURESNES,,,,2020
7,6037,LAX,2506-034-047,WOUNDED WARRIORS OF AMERICA CORP,WOUNDED WARRIORS OF AMERICA CORP,,,14950,,,POLK,ST,,LOS ANGELES,CA,91342,5069,7108,,,DE SOTO,AVE,#200,CANOGA PARK,CA,91303,,2020
8,6037,LAX,2511-009-016,PROFESSOR INVESTMENTS LLC,PROFESSOR INVESTMENTS LLC,,,13243,,,RAVEN,ST,,LOS ANGELES,CA,91342,2429,345,,W,ELK,AVE,#9,GLENDALE,CA,91204,,2020
9,6037,LAX,2551-032-008,JOSEPH J ARMENDARIZ,ARMENDARIZ JOSEPH J,,,10902,,,MATHER,AVE,,LOS ANGELES,CA,91040,2120,10902,,,MATHER,AVE,,SUNLAND,CA,91040,,2020
10,6037,LAX,2606-019-024,MELDA M HEKIMIAN,HEKIMIAN MELDA M,,,11963,,,SALEM,DR,,LOS ANGELES,CA,91344,2348,11963,,,SALEM,DR,,GRANADA HILLS,CA,91344,,2020
11,6037,LAX,2610-008-009,SHIRLEY J GREEN,GREEN SHIRLEY J,GREEN TRUST,,16915,,,BIRCHER,ST,,LOS ANGELES,CA,91344,2716,16915,,,BIRCHER,ST,,GRANADA HILLS,CA,91344,,2020
12,6037,LAX,2676-010-034,GRK PROPERTY LLC,GRK PROPERTY LLC,,,16433,,,GLEDHILL,ST,,LOS ANGELES,CA,91343,2806,16433,,,GLEDHILL,ST,,NORTH HILLS,CA,91343,,2020
13,6037,LAX,2830-028-028,BRANDON JACKSON,JACKSON BRANDON,,C/O EMC CAPITAL INVESTMENTS LLC,24505,,,PEACHLAND,AVE,,SANTA CLARITA,CA,91321,3458,24505,,,PEACHLAND,AVE,,SANTA CLARITA,CA,91321,,2020
14,6037,LAX,2870-012-039,LENNART & MARY L LAGREEN,LAGREEN LENNART AND MARY L TRS,LAGREEN FAMILY TRUST,,11391,,,ETIWANDA,AVE,,LOS ANGELES,CA,91326,2011,11391,,,ETIWANDA,AVE,,NORTHRIDGE,CA,91326,,2020
15,6037,LAX,3018-011-019,DALE WILCOX,WILCOX DALE ET AL,WILCOX LEE A,,2102,,E,AVENUE Q5,,,PALMDALE,CA,93550,4031,2102,,E,AVENUE Q5,,,PALMDALE,CA,93550,,2020
16,6037,LAX,3023-057-012,EDUARDO P GARCIA,GARCIA EDUARDO P JR,,,37616,,,NEWBURY,PL,,PALMDALE,CA,93552,3937,37616,,,NEWBURY,PL,,PALMDALE,CA,93552,,2020
17,6037,LAX,3053-042-490,STEVEN A SAITO,SAITO STEVEN A ET AL,SAITO GEORGE T,,37159,,,28TH ST E,,,PALMDALE,CA,93550,5971,37159,,,28TH ST E,,,PALMDALE,CA,93550,,2020
18,6037,LAX,3102-011-015,ROBERT H OSENGA,OSENGA ROBERT H,,,42315,,,52ND ST W,,,LANCASTER,CA,93536,3662,42315,,,52ND ST W,,,LANCASTER,CA,93536,,2020
19,6037,LAX,4095-032-011,MARION C & KIYONO S NEWMAN,NEWMAN MARION C AND KIYONO S TRS,NEWMAN FAMILY TRUST,,2804,,,ARTESIA,BLVD,,TORRANCE,CA,90504,2918,2804,,,ARTESIA,BLVD,,TORRANCE,CA,90504,,2020
20,6037,LAX,4216-005-017,CARLOS GUTIERREZ,GUTIERREZ CARLOS,GUTIERREZ DECD TRUST,,11160,,,ORVILLE,ST,,CULVER CITY,CA,90230,5381,,,,PO BOX 160851,,,MIAMI,FL,33116,,2020
21,6037,LAX,4344-004-027,JEFFREY WHALEN,WHALEN JEFFREY,611 N REXFORD DR TRUST,,611,,N,REXFORD,DR,,BEVERLY HILLS,CA,90210,3311,611,,N,REXFORD,DR,,BEVERLY HILLS,CA,90210,,2020
22,6037,LAX,4411-019-002,RLD PACIFIC PALISADES LLC,RLD PACIFIC PALISADES LLC,,,351,,,ALMA REAL,DR,,LOS ANGELES,CA,90272,4416,351,,,ALMA REAL,DR,,PACIFIC PALISADES,CA,90272,,2020
23,6037,LAX,4450-021-043,ALI SADEGHI,SADEGHI ALI CO TR,SADEGHI FAMILY TRUST,,20706,,,SEABOARD,RD,,MALIBU,CA,90265,5356,20706,,,SEABOARD,RD,,MALIBU,CA,90265,,2020
24,6037,LAX,4472-010-035,MELVIN EDDY,EDDY MELVIN CO TR,ALESANDRINI/EDDY TRUST,,1532,,,DECKER CANYON,RD,,MALIBU,CA,90265,2420,1532,,,DECKER CANYON,RD,,MALIBU,CA,90265,,2020
25,6037,LAX,5012-014-003,BIJAN MCGOWAN,MCGOWAN BIJAN,RADLEY LUCKY,,3814,,,MOUNT VERNON,DR,,LOS ANGELES,CA,90008,4812,3814,,,MOUNT VERNON,DR,,LOS ANGELES,CA,90008,,2020
26,6037,LAX,5041-030-029,CAROL SAMPSON,SAMPSON CAROL,,,1331,,,EXPOSITION,BLVD,,LOS ANGELES,CA,90018,4530,1331,,,EXPOSITION,BLVD,,LOS ANGELES,CA,90018,,2020
27,6037,LAX,5269-011-070,RICHARD B GURROLA,GURROLA RICHARD B ET AL,GURROLA ROBERT A,C/O JIM SCHNIEDERS TRUSTEE,600,,N,5TH,ST,,MONTEBELLO,CA,90640,3504,2708,,,FOOTHILL,BLVD,#242,LA CRESCENTA,CA,91214,,2020
28,6037,LAX,5310-004-055,JEROME E GLOVER,GLOVER JEROME E,,,443,,,LA TERRAZA,ST,,SOUTH PASADENA,CA,91030,4142,443,,,LA TERRAZA,ST,,SOUTH PASADENA,CA,91030,,2020
29,6037,LAX,5320-022-005,WARREN H FOSTER,FOSTER WARREN H,FOSTER TRUST,,1831,,,LAUREL,ST,,SOUTH PASADENA,CA,91030,4814,1831,,,LAUREL,ST,,SOUTH PASADENA,CA,91030,,2020
30,6037,LAX,5320-031-017,SAMUEL J & SHARSON S MUIR,MUIR SAMUEL J AND SHARSON S TRS,SAMUEL AND SHARSON MUIR TRUST,,1722,,,MILAN,AVE,,SOUTH PASADENA,CA,91030,4825,1722,,,MILAN,AVE,,SOUTH PASADENA,CA,91030,,2020
31,6037,LAX,5376-036-049,GENE & WENDY H CHEN,CHEN GENE & WENDY H,CHEN MICHAEL,,6835,,N,VISTA,ST,,SAN GABRIEL,CA,91775,1131,6835,,,VISTA,ST,,SAN GABRIEL,CA,91775,,2020
32,6037,LAX,5433-007-016,AIDA BOCCANERA,BOCCANERA AIDA,AIDA BOCCANERA TRUST,,1948,,,MONON,ST,,LOS ANGELES,CA,90027,3202,1948,,,MONON,ST,,LOS ANGELES,CA,90027,,2020
33,6037,LAX,5434-036-015,ERIC & JOANNE M BALLARD,BALLARD ERIC & JOANNE M,,,2961,,,ANGUS,ST,,LOS ANGELES,CA,90039,2632,2961,,,ANGUS,ST,,LOS ANGELES,CA,90039,,2020
34,6037,LAX,5452-016-020,AMR INC,AMR INC,,,647,,,ISABEL,ST,,LOS ANGELES,CA,90065,1633,647,,,ISABEL,ST,,LOS ANGELES,CA,90065,,2020
35,6037,LAX,5464-030-006,STELLA P SIAS,SIAS STELLA P,,,1449,,,KILLARNEY,AVE,,LOS ANGELES,CA,90065,1813,1436,,,KILLARNEY,AVE,,LOS ANGELES,CA,90065,,2020
36,6037,LAX,5567-008-030,DOMUSTRINITY LLC,DOMUSTRINITY LLC,,C/O BRANDO JURIS,2190,,,BEECH KNOLL,RD,,LOS ANGELES,CA,90046,1518,2190,,,BEECH KNOLL,RD,,LOS ANGELES,CA,90046,,2020
37,6037,LAX,5579-013-001,RICHARD J STILES,STILES RICHARD J,RICHARD J STILES TRUST,,3286,,,BLAIR,DR,,LOS ANGELES,CA,90068,1447,3286,,,BLAIR,DR,,LOS ANGELES,CA,90068,,2020
38,6037,LAX,5852-012-028,GARY C STEPHEN,STEPHEN GARY C,,,2186,,,NEW YORK,DR,,ALTADENA,CA,91001,3432,2186,,,NEW YORK,DR,,ALTADENA,CA,91001,,2020
39,6037,LAX,5857-023-028,FLOYD M WEAVER,WEAVER FLOYD M,FLOYD M WEAVER TRUST,C/O LINDA E PAQUETTE,2112,,,GRAND OAKS,AVE,,ALTADENA,CA,91001,3502,847,,S,GRAND,AVE,,PASADENA,CA,91105,,2020
40,6037,LAX,6026-007-005,PABLO G & INES HERNANDEZ,HERNANDEZ PABLO G & INES,BARBOZA ISMAEL R,,7923,,,LOU DILLON,AVE,,LOS ANGELES,CA,90001,3528,7923,,,LOU DILLON,AVE,,LOS ANGELES,CA,90001,,2020
41,6037,LAX,6037-024-049,GAYLES E TOUSSAINT,TOUSSAINT GAYLES E,,,8779,,S,HOBART,BLVD,,LOS ANGELES,CA,90047,3318,8779,,S,HOBART,BLVD,,LOS ANGELES,CA,90047,,2020
42,6037,LAX,6044-001-023,VEDA LLC,VEDA LLC,,C/O RAMON CARTZNES,1539,,E,87TH,ST,,LOS ANGELES,CA,90002,1309,16656,,,CALLE ARBOLADA,,,PACIFIC PALISADES,CA,90272,,2020
43,6037,LAX,6047-020-043,FOLMAR FRANCES DECD EST OF,FOLMAR FRANCES DECD EST OF,,,9124,,S,BUDLONG,AVE,,LOS ANGELES,CA,90044,2018,9124,,S,BUDLONG,AVE,,LOS ANGELES,CA,90044,,2020
44,6037,LAX,6056-006-026,DARLA L & DERRICK A PULLIAM,PULLIAM DARLA L & DERRICK A,,,1330,,W,93RD,ST,,LOS ANGELES,CA,90044,1915,1330,,W,93RD,ST,,LOS ANGELES,CA,90044,,2020
45,6037,LAX,6066-017-038,CECILIO CARRILLO,CARRILLO CECILIO,CHANCHAIAC MARCO A,,10323,,,JUNIPER,ST,,LOS ANGELES,CA,90002,3815,10323,,,JUNIPER,ST,,LOS ANGELES,CA,90002,,2020
46,6037,LAX,6068-001-019,ELISA S GUTIERREZ,GUTIERREZ ELISA S,,,10722,,,ANZAC,AVE,,LOS ANGELES,CA,90059,1304,10722,,,ANZAC,AVE,,LOS ANGELES,CA,90059,,2020
47,6037,LAX,6075-014-010,MADELYN PARKS,PARKS MADELYN,PARKS FAMILY WEALTH TRUST,,618,,W,112TH,ST,,LOS ANGELES,CA,90044,4206,618,,W,112TH,ST,,LOS ANGELES,CA,90044,,2020
48,6037,LAX,6089-002-016,FRANCES MADURI,MADURI FRANCES,FRANCES MADURI TRUST,,1219,,W,121ST,ST,,LOS ANGELES,CA,90044,1127,1219,,W,121ST,ST,,LOS ANGELES,CA,90044,,2020
49,6037,LAX,6120-023-014,ESTHER MONTEVERDE,MONTEVERDE ESTHER,ESTHER MONTEVERDE TRUST,,16311,,S,DENVER,AVE,,LOS ANGELES,CA,90248,2606,16311,,S,DENVER,AVE,,GARDENA,CA,90248,,2020
50,6037,LAX,6137-034-015,REGINALD K BROWN,BROWN REGINALD K,CHARLES H BROWN DECD TRUST,,14610,,S,CASWELL,AVE,,COMPTON,CA,90220,1112,4810,,,HOLLOW CORNER,RD,#142,CULVER CITY,CA,90230,,2020
51,6037,LAX,6140-006-007,JEFFERSON & FANNIE J HUNDLEY,HUNDLEY JEFFERSON & FANNIE J,,,913,,E,CLAUDE,ST,,CARSON,CA,90746,1012,1202,,W,127TH,PL,,COMPTON,CA,90222,,2020
52,6037,LAX,6143-005-020,DORIAN MURRAY,MURRAY DORIAN,ALBERT J MURRAY TRUST,,1801,,W,ARBUTUS,ST,,COMPTON,CA,90220,1448,717,,S,CALIFORNIA,AVE,,MONROVIA,CA,91016,,2020
53,6037,LAX,6151-004-043,DEANDRE ALFRED,ALFRED DEANDRE,,,713,,W,ARBUTUS,ST,,COMPTON,CA,90220,1905,713,,W,ARBUTUS,ST,,COMPTON,CA,90220,,2020
54,6037,LAX,6151-007-004,JETTIE K BUTLER,BUTLER JETTIE K,JETTIE KENARD BUTLER TRUST,,628,,W,SCHOOL,ST,,COMPTON,CA,90220,1923,628,,W,SCHOOL,ST,,COMPTON,CA,90220,,2020
55,6037,LAX,6153-011-010,DOMINGO HERNANDEZ,HERNANDEZ DOMINGO ET AL,HERNANDEZ BLANCA,C/O JOSE V ROMERO,522,,W,PEACH,ST,,COMPTON,CA,90222,3545,522,,W,PEACH,ST,,COMPTON,CA,90222,,2020
56,6037,LAX,6313-010-021,HILARIO & PETRA ORTIZ,ORTIZ HILARIO & PETRA,,,4540,,E,58TH,ST,,MAYWOOD,CA,90270,2914,4540,,E,58TH,ST,,MAYWOOD,CA,90270,,2020
57,6037,LAX,6315-030-019,NADIA A DUNCAN,DUNCAN NADIA A,,,6311,,,WOODLAWN,AVE,,BELL,CA,90201,1416,6311,,,WOODLAWN,AVE,,BELL,CA,90201,,2020
58,6037,LAX,6347-024-011,JESSIE & ROBERT MARRON,MARRON JESSIE JR & ROBERT,,,4720,,,ORANGE,ST,,PICO RIVERA,CA,90660,2258,4720,,,ORANGE,ST,,PICO RIVERA,CA,90660,,2020
59,6037,LAX,7110-027-006,HARRY J MILLER,MILLER HARRY J,,,9707,,,ARKANSAS,ST,,BELLFLOWER,CA,90706,5815,,,,PO BOX 5036,,,LOS ALAMITOS,CA,90721,,2020
60,6037,LAX,7186-006-005,ELIZABETH F GIVEEN,GIVEEN ELIZABETH F,ELIZABETH F GIVEEN TRUST,,6218,,E,CONANT,ST,,LONG BEACH,CA,90808,2828,6218,,E,CONANT,ST,,LONG BEACH,CA,90808,,2020
61,6037,LAX,7242-032-037,SHERRY LIOU,LIOU SHERRY,SHERRY LIOU TRUST,,5644,,,SPINNAKER BAY,DR,,LONG BEACH,CA,90803,6806,5644,,,SPINNAKER BAY,DR,,LONG BEACH,CA,90803,,2020
62,6037,LAX,7275-004-024,LUKE M FLAHERTY,FLAHERTY LUKE M,,,1110,,E,APPLETON,ST,,LONG BEACH,CA,90802,3532,1110,,E,APPLETON,ST,,LONG BEACH,CA,90802,,2020
63,6037,LAX,7379-007-010,AKIYOSHI & LOUISE M OTANI,OTANI AKIYOSHI & LOUISE M,,,22722,,,CERISE,AVE,,TORRANCE,CA,90505,2918,22722,,,CERISE,AVE,,TORRANCE,CA,90505,,2020
64,6037,LAX,7470-028-009,TAKESHI & TOMO TAKAYAMA,TAKAYAMA TAKESHI AND TOMO TRS,TAKAYAMA TRUST,,3721,,S,PATTON,AVE,,LOS ANGELES,CA,90731,6033,3721,,S,PATTON,AVE,,SAN PEDRO,CA,90731,,2020
65,6037,LAX,7546-021-011,MARLENE S GOERING,GOERING MARLENE S,,,26127,,,BASSWOOD,AVE,,RANCHO PALOS VERDES,CA,90275,1707,26127,,,BASSWOOD,AVE,,RANCHO PALOS VERD,CA,90275,,2020
66,6037,LAX,7585-004-030,KELLEY R SPEARMAN,SPEARMAN KELLEY R CO TR,SPEARMAN TRUST,,28408,,,QUAILHILL,DR,,RANCHO PALOS VERDES,CA,90275,3342,28408,,,QUAILHILL,DR,,RANCHO PALOS VERD,CA,90275,,2020
67,6037,LAX,8023-002-010,ROBERT & SANDRA WILLIAMS,WILLIAMS ROBERT AND SANDRA TRS,WILLIAMS FAMILY TRUST,,12028,,,SUMMER,AVE,,NORWALK,CA,90650,2363,12028,,,SUMMER,AVE,,NORWALK,CA,90650,,2020
68,6037,LAX,8032-004-004,H M MORGAN,MORGAN H M,H M MORGAN TRUST,,12027,,,EDDERTON,AVE,,WHITTIER,CA,90604,3044,12027,,,EDDERTON,AVE,,WHITTIER,CA,90604,,2020
69,6037,LAX,8160-018-020,VINITA R CORKERN,CORKERN VINITA R,VINITA R CORKERN TRUST,,14328,,,LA FORGE,ST,,WHITTIER,CA,90603,1851,,,,PO BOX 664,,,SOLVANG,CA,93463,,2020
70,6037,LAX,8238-030-039,EILEEN M GREENE,GREENE EILEEN M,GREENE FAMILY TRUST,,1285,,,ANTOINETTE,DR,,LA HABRA,CA,90631,8358,1285,,,ANTOINETTE,DR,,LA HABRA HEIGHTS,CA,90631,,2020
71,6037,LAX,8357-014-056,BEULAH D WEDDLE,WEDDLE BEULAH D,,,1176,,,LAUREL,AVE,,POMONA,CA,91768,2903,1176,,,LAUREL,AVE,,POMONA,CA,91768,,2020
72,6037,LAX,8358-026-011,CSWF CONSTRUCTION INC,CSWF CONSTRUCTION INC,,,1470,,,ARROYO,AVE,,POMONA,CA,91768,2204,17360,,,COLIMA,RD,#156,ROWLAND HEIGHTS,CA,91748,,2020
73,6037,LAX,8385-005-006,RANDI J RANTA,RANTA RANDI J,,,1152,,W,TUDOR,ST,,SAN DIMAS,CA,91773,3257,1152,,W,TUDOR,ST,,SAN DIMAS,CA,91773,,2020
74,6037,LAX,8403-014-022,FRIEDA HUARD,HUARD FRIEDA,FRIEDA HUARD TRUST,,20358,,E,CALORA,ST,,COVINA,CA,91724,1225,20358,,E,CALORA,ST,,COVINA,CA,91724,,2020
75,6037,LAX,8442-011-015,ROSEMARIE TRUSTEE FOLEY,FOLEY ROSEMARIE TRUSTEE,ROSEMARIE FOLEY TRUST,,712,,N,HYACINTH,AVE,,WEST COVINA,CA,91791,1059,712,,N,HYACINTH,AVE,,WEST COVINA,CA,91791,,2020
76,6037,LAX,8448-006-026,JAMES O & VIRGINIA L BRADISH,BRADISH JAMES O & VIRGINIA L,,,637,,S,RANCHO SIMI,DR,,COVINA,CA,91724,3359,637,,S,RANCHO SIMI,DR,,COVINA,CA,91724,,2020
77,6037,LAX,8465-024-015,CHRISTOPHER M HEDRICK,HEDRICK CHRISTOPHER M,,,1023,,N,ORANGE,AVE,,LA PUENTE,CA,91744,1734,1023,,N,ORANGE,AVE,,LA PUENTE,CA,91744,,2020
78,6037,LAX,8470-023-024,BILLIE R MENEGHEL,MENEGHEL BILLIE R,,,944,,W,GLENMERE,ST,,WEST COVINA,CA,91790,4826,944,,W,GLENMERE,ST,,WEST COVINA,CA,91790,,2020
79,6037,LAX,8486-027-009,DAVID REJINO,REJINO DAVID,,,1726,,E,CHARLINDA,ST,,WEST COVINA,CA,91791,2607,1726,,E,CHARLINDA,ST,,WEST COVINA,CA,91791,,2020
80,6037,LAX,8489-019-006,ALLAN P BANGS,BANGS ALLAN P ET AL TRS,SCHOLER P BANGS TRUST,,362,,E,MICHELLE,ST,,WEST COVINA,CA,91790,5030,362,,E,MICHELLE,ST,,WEST COVINA,CA,91790,,2020
81,6037,LAX,8562-004-002,INTERNATIONAL CHURCH OF THE FOUR SQUARE GOSPEL,INTERNATIONAL CHURCH OF THE FOUR SQUARE GOSPEL,,,13664,,,PRICHARD,ST,,LA PUENTE,CA,91746,1947,,,,PO BOX 524,,,LA PUENTE,CA,91747,,2020
82,6037,LAX,8636-030-007,JOHN R & CONSTANCE WATSON,WATSON JOHN R AND CONSTANCE TRS,WATSON MARK & JENNIFER,,323,,E,SIERRA MADRE,AVE,,GLENDORA,CA,91741,2150,323,,E,SIERRA MADRE,AVE,,GLENDORA,CA,91741,,2020
83,6037,LAX,8656-022-010,WILFORD H ANDERSEN,ANDERSEN WILFORD H CO TR,W H AND J A ANDERSEN TRUST,,1165,,E,COMSTOCK,AVE,,GLENDORA,CA,91741,2911,1165,,E,COMSTOCK,AVE,,GLENDORA,CA,91741,,2020
84,6037,LAX,8702-012-029,FRANK D & WANDA M MELLEN,MELLEN FRANK D & WANDA M,,,23328,,,FOREST CANYON,DR,,DIAMOND BAR,CA,91765,3019,23328,,,FOREST CANYON,DR,,DIAMOND BAR,CA,91765,,2020
85,6037,LAX,8707-014-039,2434 VALHALLA STREET LLC,2434 VALHALLA STREET LLC,,,452,,,JANSU,PL,,POMONA,CA,91768,3208,8816,,,FOOTHILL,BLVD,#103-4,RANCHO CUCAMONGA,CA,91730,,2020
