﻿ID,FIPS,CO3,APN,OWNERNAME,OWNER 1,OWNER 2,CAREOF,S_HSENO,S_HSESUB,S_DIR,STREET,S_SFX,UNIT,CITY,STATE,ZIP,ZIP4,M_HSENO,M_HSESUB,M_DIR,M_STREET,M_SFX,M_UNIT,M_CITY,M_STATE,M_ZIP,M_ZIP4,LANDVAL,IMPVALUE,OTHERVALUE,TOTALVALUE,EXEMPAMT,EXEMPT,RATIO,TTAX,STATUS,ZONING,COUNTYUSE,USETYPE,TRA,LEGAL,YRDELQ,LOTACRES,LOTSQFT,VESTING,OLDESTDELYR,DEFAULTAMT,DEFNUMBER,TAXUPDATED,DATE
1,6071,SBD,0141-051-28-0000,ALBERT N RAZO,RAZO ALBERT N,,,572,,,BUNKER HILL,DR,,SAN BERNARDINO,CA,92410,2610,572,,,BUNKER HILL,DR,,SAN BERNARDINO,CA,92410,,"$15,155","$60,627",,"$75,782","$7,000",Y,80%,,ACTIVE,,510,RESID. SINGLE FAMILY,007-001,BUNKER HILL SQUARE LOT 15 BLK A,,0.157,"6,850",,2018,2625.71,,11/11/2019,2020-01-21
2,6071,SBD,0150-342-15-0000,WRIGHT G & DORIS E SCHRAM REV LIV TR,WRIGHT G & DORIS E SCHRAM REV LIV TR,,"W GEORGE & DORIS SCHRAM, TRS",2443,,,ROXBURY,DR,,SAN BERNARDINO,CA,92404,4012,2443,,,ROXBURY,DR,,SAN BERNARDINO,CA,92404,,"$12,647","$28,060",,"$40,707","$7,000",Y,68%,,ACTIVE,,510,RESID. SINGLE FAMILY,007-231,TRACT 3633 LOT 76 PERRIS PARK MANOR,,0.121,"5,300",,2018,1508.42,,11/11/2019,2020-01-21
3,6071,SBD,0186-231-10-0000,LYDIA R C HARTIGAN,HARTIGAN LYDIA R C,,,,,,ARIZONA AND MONTEREY,,,NEEDLES,CA,,,91,,,ARIZONA,,,NEEDLES,CA,92363,,"$15,543","$46,621",,"$62,164",,N,74%,,ACTIVE,,510,RESID. SINGLE FAMILY,003-003,TRACT NO 2735 COLONIA ZAMORA LOTS 2 3 AND 4 BLK 2,,0.143,"6,250",,2018,2458.28,,11/11/2019,2020-01-21
4,6071,SBD,0262-151-16-0000,MARGARET YILEK,YILEK MARGARET,,,2523,,,OGDEN,ST,,SAN BERNARDINO,CA,92405,,2523,,,OGDEN,ST,,SAN BERNARDINO,CA,92405,,"$3,358","$13,156",,"$16,514",,N,79%,,ACTIVE,,510,RESID. SINGLE FAMILY,107-156,TRACT 2258 LOT 44 TR NO 2258 S 60 FT N 320 FT E 110 FT LOT 441 .15 AC M/L,,0.151,"6,600",,2018,640.2,,11/11/2019,2020-01-21
5,6071,SBD,0273-153-07-0000,MARIA E BARAJAS,BARAJAS MARIA E,,,6970,,,OSBUN,RD,,SAN BERNARDINO,CA,92404,6424,6970,,,OSBUN,RD,,SAN BERNARDINO,CA,92404,,"$31,505","$130,650",,"$162,155","$7,000",Y,80%,,ACTIVE,,510,RESID. SINGLE FAMILY,018-045,TR NO 2815 MC GLOTHEN GARDENS NO 2 LOTS 34 AND 35 EX WATER RIGHTS,,0.509,"22,200",,2018,5389.91,,11/11/2019,2020-01-21
6,6071,SBD,0303-301-05-0000,BERTHA M GORDON,GORDON BERTHA M,,,34868,,,DATE,AVE,,YUCAIPA,CA,92399,2840,34868,,,DATE,ST,,YUCAIPA,CA,92399,,"$10,539","$31,188",,"$41,727","$7,000",Y,74%,,ACTIVE,,510,RESID. SINGLE FAMILY,022-002,TRACT 4624 LOT 1 EX 1/2 MNL RTS,,0.165,"7,200",,2018,1247.46,,11/11/2019,2020-01-21
7,6071,SBD,0486-083-17-0000,DEAN R BORING,BORING DEAN R,,,12171,,,LAKEVIEW,DR,,TRONA,CA,93562,1508,12171,,,LAKEVIEW,DR,,TRONA,CA,93562,,"$3,821","$49,421",,"$53,242","$7,000",Y,92%,,ACTIVE,,510,RESID. SINGLE FAMILY,111-008,TRACT 4509 LOT 34,,0.234,"10,200",,2018,1462.86,,11/11/2019,2020-01-21
8,6071,SBD,0486-154-03-0000,SOMMER SCHUFLETOWSKI,SCHUFLETOWSKI SOMMER,,,82202,,,5TH,ST,,TRONA,CA,93562,1702,82202,,,5TH,ST,,TRONA,CA,93562,,"$1,040","$2,081",,"$3,121",,N,66%,,ACTIVE,,0,VACANT,111-008,ARGUS TOWNSITE LOT 3 BLK 38 EX MNL RTS RESERVATION OF RECORD,,0.161,"7,000",,2018,350.57,,11/11/2019,2020-01-21
9,6071,SBD,0587-042-12-0000,KONG CHOW,CHOW KONG,,,7505,,,CIBOLA,TRL,,YUCCA VALLEY,CA,92284,3255,7505,,,CIBOLA,TRL,,YUCCA VALLEY,CA,92284,,"$16,390","$141,343",,"$157,733","$7,000",Y,89%,,ACTIVE,,600,RESID. SINGLE FAMILY,023-000,TRACT 4881 LOT 40,,0.247,"10,800",,2018,22058.59,,11/11/2019,2020-01-21
10,6071,SBD,0605-301-03-0000,ADOLPH N CHACON,CHACON ADOLPH N,,,62620,,,NARNIA,WAY,,JOSHUA TREE,CA,92252,3483,62620,,,NARNIA,WAY,,JOSHUA TREE,CA,92252,,"$6,079","$19,726",,"$25,805",,N,76%,,ACTIVE,,511,RECREATIONAL,094-107,LOT 80 SEC 6 TP 1N R 7E EX MIN RTS,,5,"217,800",,2018,1344.96,,11/11/2019,2020-01-21
11,6071,SBD,0621-071-04-0000,JOYCE K TISDALE,TISDALE JOYCE K,,,5422,,,ADOBE,RD,,TWENTYNINE PALMS,CA,92277,1810,5422,,,ADOBE,RD,,TWENTYNINE PALMS,CA,92277,,"$8,118","$32,477",,"$40,595",,N,80%,,ACTIVE,,510,RESID. SINGLE FAMILY,019-015,TRACT 2567 N 1/2 LOT 8,,0.642,"28,000",,2018,1582.3,,11/11/2019,2020-01-21
12,6071,SBD,0660-331-03-0000,WILLIAM JOSEPH CAVANAUGH,CAVANAUGH WILLIAM JOSEPH,,,836,,,BEACH,DR,,NEEDLES,CA,92363,3709,836,,,BEACH,DR,,NEEDLES,CA,92363,,"$260,100","$416,160",,"$676,260",,N,61%,,ACTIVE,,510,RESID. SINGLE FAMILY,003-001,TRACT 8452 LOT 4,,0.172,"7,500",,2018,18578.44,,11/11/2019,2020-01-21
13,6071,SBD,1061-721-18-0000,FALABELLA JEANINE B REVOCABLE TR -ES,FALABELLA JEANINE B REVOCABLE TR -ES,,,5644,,,PERIDOT,AVE,,ALTA LOMA,CA,91701,1821,25,,,TOWN & COUNTRY,RD,,POMONA,CA,91766,,"$17,567","$65,925",,"$83,492",,N,78%,,ACTIVE,,510,RESID. SINGLE FAMILY,015-003,TRACT 7218 LOT 10,,0.46,"20,068",,2018,243.04,,11/11/2019,2020-01-21
