﻿ID,FIPS,CO3,APN,OWNERNAME,OWNER 1,OWNER 2,CAREOF,S_HSENO,S_HSESUB,S_DIR,STREET,S_SFX,UNIT,CITY,STATE,ZIP,ZIP4,M_HSENO,M_HSESUB,M_DIR,M_STREET,M_SFX,M_UNIT,M_CITY,M_STATE,M_ZIP,M_ZIP4,DATE
1,6111,VEN,071-0-102-410,EDMUND K SINGH,SINGH EDMUND K,,,436,,N,OLIVE,ST,,VENTURA,CA,93001,1809,,,,PO BOX 2054,,,SANTA MONICA,CA,90406,2054,2019-06-03
2,6111,VEN,130-0-020-135,CORINNE A EL HELWEH,EL HELWEH CORINNE A,,,8566,,,TRUCKEE,DR,,VENTURA,CA,93004,3144,8566,,,TRUCKEE,DR,,VENTURA,CA,93004,3144,2019-06-03
3,6111,VEN,155-0-100-145,A MINICK RUSHTON,RUSHTON A MINICK,,,210,,W,HIGHLAND,DR,,CAMARILLO,CA,93010,1127,2182,,,THORNCLIFF,DR,,ATLANTA,GA,30345,,2019-06-03
4,6111,VEN,521-0-332-025,LINDA S BARRY,BARRY LINDA S TR EST,,ATTN KATHRYN HYMSON TTEE,416,,,CAMINO DOS PALOS,,,THOUSAND OAKS,CA,91360,2810,1001,,N,GROVE,AVE,,OAK PARK,IL,60302,1343,2019-06-03
5,6111,VEN,552-0-013-115,HUGH W BARBER,BARBER HUGH W,LEWIS EVELYN M,,502,,,FARGO,ST,,THOUSAND OAKS,CA,91360,1517,646,,,VIA LINDA,,,THOUSAND OAKS,CA,91320,6781,2019-06-03
