﻿ID,FIPS,CO3,APN,OWNERNAME,OWNER 1,OWNER 2,CAREOF,S_HSENO,S_HSESUB,S_DIR,STREET,S_SFX, UNIT,CITY,STATE,ZIP,ZIP4,M_HSENO,M_HSESUB,M_DIR,M_STREET,M_SFX,M_UNIT,M_CITY,M_STATE,M_ZIP,M_ZIP4,DATE
1,6037,LAX,2169-021-038,MICHAEL RABINOWITZ,RABINOWITZ MICHAEL,,,5227,,,SAN FELICIANO,DR,,LOS ANGELES,CA,91364,1629,5227,,,SAN FELICIANO,DR,,WOODLAND HILLS,CA,91364,,2019-05-29
2,6037,LAX,2181-025-024,TAL G NEHEMIA,NEHEMIA TAL G,,,5001,,,NEWCASTLE,AVE,,LOS ANGELES,CA,91316,3510,5001,,,NEWCASTLE,AVE,,ENCINO,CA,91316,,2019-05-29
3,6037,LAX,2237-020-021,LOST OAKS HOLDING INC,LOST OAKS HOLDING INC,,,14243,,,VICTORY,BLVD,,LOS ANGELES,CA,91401,1943,14243,,,VICTORY,BLVD,,VAN NUYS,CA,91401,,2019-05-29
4,6037,LAX,2260-023-053,CDS IRONWORKS INC,CDS IRONWORKS INC,,,4909,,,WOODLEY,AVE,,LOS ANGELES,CA,91436,1408,,,,PO BOX 23741,,,SANTA BARBARA,CA,93121,,2019-05-29
5,6037,LAX,2329-002-010,US BANK NATIONAL ASSOCIATION,US BANK NATIONAL ASSOCIATION TR,,C/O NATIONSTAR MORTGAGE LLC,6558,,,WOODMAN,AVE,,LOS ANGELES,CA,91401,1616,8950,,,CYPRESS WATERS,BLVD,,COPPELL,TX,75019,,2019-05-29
6,6037,LAX,2444-029-013,STURMAN ELEANOR DECD EST OF,STURMAN ELEANOR DECD EST OF,,C/O JOHN A STURMAN ADM,300,,S,KEYSTONE,ST,,BURBANK,CA,91506,2730,4401,,W,CLAIRE,AVE,,LINCOLN,NE,68523,,2019-05-29
7,6037,LAX,2676-010-034,GRK PROPERTY LLC,GRK PROPERTY LLC,,,16433,,,GLEDHILL,ST,,LOS ANGELES,CA,91343,2806,16433,,,GLEDHILL,ST,,NORTH HILLS,CA,91343,,2019-05-29
8,6037,LAX,5238-014-006,CARLOS ZECENA,ZECENA CARLOS,,,662,,S,DITMAN,AVE,,LOS ANGELES,CA,90023,1850,10230,,S,PANGBORN,AVE,,DOWNEY,CA,90241,,2019-05-29
9,6037,LAX,5475-020-021,BDB PROPERTIES CORP,BDB PROPERTIES CORP,,,4664,,,JESSICA,DR,,LOS ANGELES,CA,90065,4152,4664,,,JESSICA,DR,,LOS ANGELES,CA,90065,,2019-05-29
10,6037,LAX,5587-003-022,TENDO NAGENDA,NAGENDA TENDO,ODBERT CHELINA M,,5700,,,HILL OAK,DR,,LOS ANGELES,CA,90068,2520,5700,,,HILL OAK,DR,,LOS ANGELES,CA,90068,,2019-05-29
11,6037,LAX,5622-019-007,NARINE TASHYAN,TASHYAN NARINE,,,1369,,,WINCHESTER,AVE,,GLENDALE,CA,91201,1432,1369,,,WINCHESTER,AVE,,GLENDALE,CA,91201,,2019-05-29
12,6037,LAX,6061-027-018,MARY H WHITE,WHITE MARY H,,,529,,W,104TH,PL,,LOS ANGELES,CA,90044,4411,529,,W,104TH,PL,,LOS ANGELES,CA,90044,,2019-05-29
13,6037,LAX,6140-006-007,JEFFERSON & FANNIE J HUNDLEY,HUNDLEY JEFFERSON & FANNIE J,,,913,,E,CLAUDE,ST,,CARSON,CA,90746,1012,913,,E,CLAUDE,ST,,CARSON,CA,90746,,2019-05-29
14,6037,LAX,7186-006-005,ELIZABETH F GIVEEN,GIVEEN ELIZABETH F,ELIZABETH F GIVEEN TRUST,,6218,,E,CONANT,ST,,LONG BEACH,CA,90808,2828,6218,,E,CONANT,ST,,LONG BEACH,CA,90808,,2019-05-29
15,6037,LAX,7462-008-025,JOSE L & GUADALUPE CRUZ,CRUZ JOSE L & GUADALUPE,WALDEN YVETTE,,654,,W,19TH,ST,,LOS ANGELES,CA,90731,5423,654,,W,19TH,ST,,SAN PEDRO,CA,90731,,2019-05-29
16,6037,LAX,8023-002-010,ROBERT & SANDRA WILLIAMS,WILLIAMS ROBERT AND SANDRA TRS,WILLIAMS FAMILY TRUST,,12028,,,SUMMER,AVE,,NORWALK,CA,90650,2363,12028,,,SUMMER,AVE,,NORWALK,CA,90650,,2019-05-29
17,6037,LAX,8026-015-033,CLARK & HELEN MILLER,MILLER CLARK AND HELEN TRS,CLARK AND HELEN MILLER TRUST,,13138,,,MICHELLE,CIR,,WHITTIER,CA,90605,3512,13138,,,MICHELLE,CIR,,WHITTIER,CA,90605,,2019-05-29
18,6037,LAX,8032-004-004,H M MORGAN,MORGAN H M,H M MORGAN TRUST,,12027,,,EDDERTON,AVE,,WHITTIER,CA,90604,3044,12027,,,EDDERTON,AVE,,WHITTIER,CA,90604,,2019-05-29
19,6037,LAX,8588-018-002,DOROTHY A GRIFFITHS,GRIFFITHS DOROTHY A,GRIFFITHS TRUST,,9907,,,NADINE,ST,,TEMPLE CITY,CA,91780,2623,9907,,,NADINE,ST,,TEMPLE CITY,CA,91780,,2019-05-29
20,6037,LAX,8641-005-007,ELAINE P BEAUSHEUR,BEAUSHEUR ELAINE P,,,1240,,S,PENNSYLVANIA,AVE,,GLENDORA,CA,91740,5027,1240,,S,PENNSYLVANIA,AVE,,GLENDORA,CA,91740,,2019-05-29
21,6037,LAX,8647-010-018,IRENE HOLZAPFEL,HOLZAPFEL IRENE,,,439,,N,PASADENA,AVE,,GLENDORA,CA,91741,6906,439,,N,PASADENA,AVE,,GLENDORA,CA,91741,,2019-05-29
