﻿ID,FIPS,CO3,APN,OWNERNAME,OWNER 1,OWNER 2,CAREOF,S_HSENO,S_HSESUB,S_DIR,STREET,S_SFX,UNIT,CITY,STATE,ZIP,ZIP4,M_HSENO,M_HSESUB,M_DIR,M_STREET,M_SFX,M_UNIT,M_CITY,M_STATE,M_ZIP,M_ZIP4,DATE
1,6037,LAX,2104-001-003,PIERRICK BRILLOUET,BRILLOUET PIERRICK,,,19222,,,ROSCOE,BLVD,,LOS ANGELES,CA,91324,4239,,,,PO BOX 241573,,,LOS ANGELES,CA,90024,,2019-06-03
2,6037,LAX,2105-010-007,MURRAY M & CARMEN BORSACK,BORSACK MURRAY M & CARMEN,,,19417,,,INGOMAR,ST,,LOS ANGELES,CA,91335,1604,738,,,PAMELA WOOD,ST,,THOUSAND OAKS,CA,91320,,2019-06-03
3,6037,LAX,2108-006-015,HORST THIEM,THIEM HORST,,,8050,,,IRONDALE,AVE,,LOS ANGELES,CA,91306,1714,8406,,,VARIEL,AVE,,CANOGA PARK,CA,91304,,2019-06-03
4,6037,LAX,2135-002-009,MARY E VAN DE VEER,VAN DE VEER MARY E CO TR,MARY E VAN DE VEER TRUST,,7049,,,KEOKUK,AVE,,LOS ANGELES,CA,91306,3546,21505,,,SATICOY,ST,#204,CANOGA PARK,CA,91304,,2019-06-03
5,6037,LAX,2146-002-099,GREGORY E MONAHAN,MONAHAN GREGORY E,MONAHAN TRUST,,6205,,,RANDI,AVE,,LOS ANGELES,CA,91367,1931,6205,,,RANDI,AVE,,WOODLAND HILLS,CA,91367,,2019-06-03
6,6037,LAX,2213-012-013,DANIEL W HENDERSON,HENDERSON DANIEL W JR,,,8139,,,MATILIJA,AVE,,LOS ANGELES,CA,91402,5430,8139,,,MATILIJA,AVE,,PANORAMA CITY,CA,91402,,2019-06-03
7,6037,LAX,2229-005-021,JANITORIAL SERVICES AND DISTRIBUTION INC,JANITORIAL SERVICES AND,BRITTON DALE A,,17432,,,HART,ST,,LOS ANGELES,CA,91406,4330,,,,PO BOX 728,,,PASADENA,CA,91102,,2019-06-03
8,6037,LAX,2237-020-021,LOST OAKS HOLDING INC,LOST OAKS HOLDING INC,,,14243,,,VICTORY,BLVD,,LOS ANGELES,CA,91401,1943,14243,,,VICTORY,BLVD,,VAN NUYS,CA,91401,,2019-06-03
9,6037,LAX,2329-002-010,US BANK NATIONAL ASSOCIATION,US BANK NATIONAL ASSOCIATION TR,,C/O NATIONSTAR MORTGAGE LLC,6558,,,WOODMAN,AVE,,LOS ANGELES,CA,91401,1616,8950,,,CYPRESS WATERS,BLVD,,COPPELL,TX,75019,,2019-06-03
10,6037,LAX,2409-014-028,JIMMIE & ROSALBA GUZMAN,GUZMAN JIMMIE & ROSALBA,,,10724,,,LULL,ST,,LOS ANGELES,CA,91352,4608,10724,,,LULL,ST,,SUN VALLEY,CA,91352,,2019-06-03
11,6037,LAX,2504-006-054,ARANKA H URMOS,URMOS ARANKA H,,,14344,,,FOOTHILL,BLVD,#306,SYLMAR,CA,91342,8032,14344,,,FOOTHILL,BLVD,#306,SYLMAR,CA,91342,,2019-06-03
12,6037,LAX,2602-009-038,ANDREW C STEPHENS,STEPHENS ANDREW C,,,12911,,,BARTO,DR,,LOS ANGELES,CA,91344,1202,16911,,,SAN FERNANDO MISSION,BLVD,PMB394,GRANADA HILLS,CA,91344,,2019-06-03
13,6037,LAX,2676-010-034,GRK PROPERTY LLC,GRK PROPERTY LLC,,,16433,,,GLEDHILL,ST,,LOS ANGELES,CA,91343,2806,16433,,,GLEDHILL,ST,,NORTH HILLS,CA,91343,,2019-06-03
14,6037,LAX,2818-025-010,AMIE BROWN,BROWN AMIE ET AL,,C/O AMIE BROWN,21753,,,WAHOO,TRL,,CHATSWORTH,CA,91311,1425,5525,,,BROMELY,DR,,OAK PARK,CA,91377,,2019-06-03
15,6037,LAX,2860-014-019,JOSEPHINE A TORRE,TORRE JOSEPHINE A,,,23205,,,FAISAN,CT,,SANTA CLARITA,CA,91355,2212,23205,,,FAISAN,CT,,SANTA CLARITA,CA,91355,,2019-06-03
16,6037,LAX,4048-003-010,EDUARDO & SARAH SALDANA,SALDANA EDUARDO & SARAH,SALDANA MARIA,,3710,,W,119TH,PL,,HAWTHORNE,CA,90250,3224,3710,,W,119TH,PL,,HAWTHORNE,CA,90250,,2019-06-03
17,6037,LAX,4080-021-012,MARILYN E RAMSEY,RAMSEY MARILYN E ET AL,EVANS ROBERT E,,4573,,W,162ND,ST,,LAWNDALE,CA,90260,2842,,,,PO BOX 902,,,FULTON,TX,78358,,2019-06-03
18,6037,LAX,4293-014-047,VISTA OCEANO LLC,VISTA OCEANO LLC,,,757,,,OCEAN,AVE,112,SANTA MONICA,CA,90402,2652,14682,,,STONERIDGE,DR,,SARATOGA,CA,95070,,2019-06-03
19,6037,LAX,5022-001-020,THOMAS A ADKINS,ADKINS THOMAS A JR,,,1846,,W,MARTIN LUTHER KING JR,BLVD,,LOS ANGELES,CA,90062,1504,,,,PO BOX 47602,,,LOS ANGELES,CA,90047,,2019-06-03
20,6037,LAX,5041-032-012,GENIVA AUGBORNE,AUGBORNE GENIVA,,,1556,,W,37TH,PL,,LOS ANGELES,CA,90018,4555,,,,PO BOX 88159,,,LOS ANGELES,CA,90009,,2019-06-03
21,6037,LAX,5054-022-018,ANDREW J DAVIS,DAVIS ANDREW J III,,,2231,,S,CATALINA,ST,,LOS ANGELES,CA,90007,1646,100,,S,VINCENT,AVE,#303,WEST COVINA,CA,91790,,2019-06-03
22,6037,LAX,5226-045-015,JUAN MONTOYA,MONTOYA JUAN,,,964,,,VAN PELT,AVE,,LOS ANGELES,CA,90063,1334,15336,,,GREVILLEA,AVE,,LAWNDALE,CA,90260,,2019-06-03
23,6037,LAX,5233-006-026,MARY J CECALA,CECALA MARY J,MARY E CECALA TRUST,,3929,,E,CESAR E CHAVEZ,AVE,,LOS ANGELES,CA,90063,1806,1196,,,CREST HAVEN,WAY,,MONTEREY PARK,CA,91754,,2019-06-03
24,6037,LAX,5251-030-018,SUSAN I MILLS,MILLS SUSAN I,YAMADA FAMILY DECD TRUST,,2333,,,COLLEGIAN,AVE,,MONTEREY PARK,CA,91754,6049,2333,,,COLLEGIAN,AVE,,MONTEREY PARK,CA,91754,,2019-06-03
25,6037,LAX,5269-020-037,LELA LIGHTNER,LIGHTNER LELA,,,724,,N,1ST,ST,,MONTEBELLO,CA,90640,2746,600,,,ELDORA,RD,,PASADENA,CA,91104,,2019-06-03
26,6037,LAX,5304-035-022,JOHN Z MARTINEZ,MARTINEZ JOHN Z,JOHN MARTINEZ TRUST,,3538,,,SIERRA,ST,,LOS ANGELES,CA,90031,2139,3538,,,SIERRA,ST,,LOS ANGELES,CA,90031,,2019-06-03
27,6037,LAX,5725-022-017,COZETTE M PARKER,PARKER COZETTE M,,,790,,,WORCESTER,AVE,,PASADENA,CA,91104,4244,790,,,WORCESTER,AVE,,PASADENA,CA,91104,,2019-06-03
28,6037,LAX,5747-003-034,JOHN G WALKOWICZ,WALKOWICZ JOHN G,JOHN G WALKOWICZ TRUST,,177,,S,ALTADENA,DR,,PASADENA,CA,91107,4222,,,,PO BOX 3448,,,LA HABRA,CA,90632,,2019-06-03
29,6037,LAX,5752-014-015,RODARTE SANTOS G DECD EST OF,RODARTE SANTOS G DECD EST OF,RODARTE SEFERINO,,3131,,,ALAMEDA,ST,,PASADENA,CA,91107,2945,1854,,,LA PAZ,RD,,ALTADENA,CA,91001,,2019-06-03
30,6037,LAX,5843-006-035,ROBERT M & TRUDY L MENDOZA,MENDOZA ROBERT M AND,BAHLER DEBBIE,,3329,,,VILLA GROVE,DR,,ALTADENA,CA,91001,1447,253,,N,ALTA VISTA,AVE,,MONROVIA,CA,91016,,2019-06-03
31,6037,LAX,5852-012-028,GARY C STEPHEN,STEPHEN GARY C,,,2186,,,NEW YORK,DR,,ALTADENA,CA,91001,3432,2186,,,NEW YORK,DR,,ALTADENA,CA,91001,,2019-06-03
32,6037,LAX,5869-006-009,PRO VALUE PROPERTIES INC,PRO VALUE PROPERTIES INC,,,2270,,,STONYVALE,RD,,TUJUNGA,CA,91042,1020,,,,PO BOX 1136,,,AGOURA HILLS,CA,91376,,2019-06-03
33,6037,LAX,6010-037-025,MONTANO INVESTMENTS INC,MONTANO INVESTMENTS INC AND,,C/O ETESS AND ASSOCIATES,1664,,E,68TH,ST,,LOS ANGELES,CA,90001,2062,1562,,,GLEN OAKS,BLVD,2NDFL,PASADENA,CA,91105,,2019-06-03
34,6037,LAX,6013-011-022,MITCHELL & GWENDOLYN WILLIAMS,WILLIAMS MITCHELL & GWENDOLYN,,,920,,W,65TH,ST,,LOS ANGELES,CA,90044,5308,922,,W,65TH,ST,,LOS ANGELES,CA,90044,,2019-06-03
35,6037,LAX,6029-019-027,SAMUEL & LEALER WATTREE,WATTREE SAMUEL & LEALER,,,845,,E,84TH,ST,,LOS ANGELES,CA,90001,3612,845,,E,84TH,ST,,LOS ANGELES,CA,90001,,2019-06-03
36,6037,LAX,6032-017-037,WILLIE B ANDERSON,ANDERSON WILLIE B,WILLIE B ANDERSON TRUST,,614,,W,84TH,ST,,LOS ANGELES,CA,90044,5816,1000,,E,84TH,ST,,LOS ANGELES,CA,90001,,2019-06-03
37,6037,LAX,6032-024-021,ASHOK & SUKSHMA SREEPATHI,SREEPATHI ASHOK AND SUKSHMA TRS,ALI SAJID & SUNEETHA,,617,,W,82ND,ST,,LOS ANGELES,CA,90044,5803,17324,,,SIGNATURE,DR,,GRANADA HILLS,CA,91344,,2019-06-03
38,6037,LAX,6043-015-025,CHRIS JORDAN,JORDAN CHRIS,J R AND A R SERVICES INC,,1227,,E,87TH,PL,,LOS ANGELES,CA,90002,1202,,,,PO BOX 7851,,,LONG BEACH,CA,90807,,2019-06-03
39,6037,LAX,6047-020-043,FOLMAR FRANCES DECD EST OF,FOLMAR FRANCES DECD EST OF,,,9124,,S,BUDLONG,AVE,,LOS ANGELES,CA,90044,2018,9124,,S,BUDLONG,AVE,,LOS ANGELES,CA,90044,,2019-06-03
40,6037,LAX,6060-006-018,CUTIS FLAKE,FLAKE CUTIS,,,1225,,W,103RD,ST,,LOS ANGELES,CA,90044,1705,1225,,W,103RD,ST,,LOS ANGELES,CA,90044,,2019-06-03
41,6037,LAX,6061-027-018,MARY H WHITE,WHITE MARY H,,,529,,W,104TH,PL,,LOS ANGELES,CA,90044,4411,529,,W,104TH,PL,,LOS ANGELES,CA,90044,,2019-06-03
42,6037,LAX,6068-001-019,ELISA S GUTIERREZ,GUTIERREZ ELISA S,,,10722,,,ANZAC,AVE,,LOS ANGELES,CA,90059,1304,10722,,,ANZAC,AVE,,LOS ANGELES,CA,90059,,2019-06-03
43,6037,LAX,6076-022-027,LISA ARINWINE,ARINWINE LISA,,,11133,,S,NEW HAMPSHIRE,AVE,,LOS ANGELES,CA,90044,1539,643,,W,PALM,AVE,,EL SEGUNDO,CA,90245,,2019-06-03
44,6037,LAX,6140-006-007,JEFFERSON & FANNIE J HUNDLEY,HUNDLEY JEFFERSON & FANNIE J,,,913,,E,CLAUDE,ST,,CARSON,CA,90746,1012,913,,E,CLAUDE,ST,,CARSON,CA,90746,,2019-06-03
45,6037,LAX,6161-019-007,GIPSON ERMA DECD EST OF,GIPSON ERMA DECD EST OF,,"C/O ANGELA G HILL,ADM",508,,W,ALMOND,ST,,COMPTON,CA,90220,3004,548,,,19TH,ST,,PORT ARTHUR,TX,77640,,2019-06-03
46,6037,LAX,6259-001-043,LULA M RHOADS,RHOADS LULA M,,,8221,,,NADA,ST,,DOWNEY,CA,90242,2428,7855,,,CANTALOUPE,AVE,,PANORAMA CITY,CA,91402,,2019-06-03
47,6037,LAX,6263-039-008,CARLYLE ASSETS INC,CARLYLE ASSETS INC,,,12739,,,GLYNN,AVE,,DOWNEY,CA,90242,3803,2620,,,RYANS,PL,,LANCASTER,CA,93536,,2019-06-03
48,6037,LAX,6321-011-029,MARIA E NATERA,NATERA MARIA E ET AL,NATERA MAURICIO E,,6201,,,SANTA FE,AVE,,HUNTINGTON PARK,CA,90255,3803,110,,S,BERKELEY,AVE,,PASADENA,CA,91107,,2019-06-03
49,6037,LAX,6322-026-012,ROBERT W KALPAKOFF,KALPAKOFF ROBERT W,,,2718,,,SATURN,AVE,,HUNTINGTON PARK,CA,90255,4814,2718,,,SATURN,AVE,,HUNTINGTON PARK,CA,90255,,2019-06-03
50,6037,LAX,6365-012-004,MICHAEL & SUSAN JORDAN,JORDAN MICHAEL & SUSAN,,,7728,,,ALLENGROVE,ST,,DOWNEY,CA,90240,2613,9122,,,HALEDON,AVE,,DOWNEY,CA,90240,,2019-06-03
51,6037,LAX,6365-029-005,CHAN C LEE,LEE CHAN C,,,7726,,,FINEVALE,DR,,DOWNEY,CA,90240,2644,,,,PO BOX 1908,,,HUNTINGTON BEACH,CA,92647,,2019-06-03
52,6037,LAX,7137-028-010,DENION B TILLIS,TILLIS DENION B,,,3820,,,WALNUT,AVE,,LONG BEACH,CA,90807,4339,3820,,,WALNUT,AVE,,LONG BEACH,CA,90807,,2019-06-03
53,6037,LAX,7150-014-005,KCP INVESTMENTS INC,KCP INVESTMENTS INC,,,3336,,,FAIRMAN,ST,,LAKEWOOD,CA,90712,3421,4101,,E,WILLOW,ST,,LONG BEACH,CA,90815,,2019-06-03
54,6037,LAX,7186-006-005,ELIZABETH F GIVEEN,GIVEEN ELIZABETH F,ELIZABETH F GIVEEN TRUST,,6218,,E,CONANT,ST,,LONG BEACH,CA,90808,2828,6218,,E,CONANT,ST,,LONG BEACH,CA,90808,,2019-06-03
55,6037,LAX,7320-007-026,CLAUDE E WILLIAMS,WILLIAMS CLAUDE E,,,19418,,,GUNLOCK,AVE,,CARSON,CA,90746,2831,,,,PO BOX 12330,,,SEATTLE,WA,98111,,2019-06-03
56,6037,LAX,7374-013-023,ARTHUR J GETTLER,GETTLER ARTHUR J,ADAMS DARRELL D & JUDITH K,,2315,,,243RD,ST,,LOMITA,CA,90717,1010,818,,W,CRESTWOOD,AVE,,SAN PEDRO,CA,90731,,2019-06-03
57,6037,LAX,7470-028-009,TAKESHI & TOMO TAKAYAMA,TAKAYAMA TAKESHI AND TOMO TRS,TAKAYAMA TRUST,,3721,,S,PATTON,AVE,,LOS ANGELES,CA,90731,6033,3721,,S,PATTON,AVE,,SAN PEDRO,CA,90731,,2019-06-03
58,6037,LAX,8021-017-011,MICHAEL J & CARRIE CROSS,CROSS MICHAEL J & CARRIE,,,10662,,,DOWNEY NORWALK,RD,,NORWALK,CA,90650,7425,1474,,,HIDDEN CANYON,RD,,LA HABRA HEIGHTS,CA,90631,,2019-06-03
59,6037,LAX,8023-002-010,ROBERT & SANDRA WILLIAMS,WILLIAMS ROBERT AND SANDRA TRS,WILLIAMS FAMILY TRUST,,12028,,,SUMMER,AVE,,NORWALK,CA,90650,2363,12028,,,SUMMER,AVE,,NORWALK,CA,90650,,2019-06-03
60,6037,LAX,8026-015-033,CLARK & HELEN MILLER,MILLER CLARK AND HELEN TRS,CLARK AND HELEN MILLER TRUST,,13138,,,MICHELLE,CIR,,WHITTIER,CA,90605,3512,13138,,,MICHELLE,CIR,,WHITTIER,CA,90605,,2019-06-03
61,6037,LAX,8032-004-004,H M MORGAN,MORGAN H M,H M MORGAN TRUST,,12027,,,EDDERTON,AVE,,WHITTIER,CA,90604,3044,12027,,,EDDERTON,AVE,,WHITTIER,CA,90604,,2019-06-03
62,6037,LAX,8080-024-012,JOSE M & FELICITAS FELIX,FELIX JOSE M & FELICITAS,,,11940,,,NAVA,ST,,NORWALK,CA,90650,6522,11940,,,NAVA,ST,,NORWALK,CA,90650,,2019-06-03
63,6037,LAX,8166-017-014,PAUL B DANIEL,DANIEL PAUL B,PAUL B DANIEL TRUST,,8926,,,BRIGHT,AVE,,WHITTIER,CA,90602,3520,,,,PO BOX 366,,,WHITTIER,CA,90608,,2019-06-03
64,6037,LAX,8267-021-008,RAMON & MARIA GOMEZ,GOMEZ RAMON & MARIA,,,2423,,,VISTA,RD,,LA HABRA HEIGHTS,CA,90631,8513,16809,,,VIEW PARK,AVE,,BELLFLOWER,CA,90706,,2019-06-03
65,6037,LAX,8317-004-006,2434 VALHALLA STREET LLC,2434 VALHALLA STREET LLC,,,2434,,,VALHALLA,ST,,POMONA,CA,91767,2526,8816,,,FOOTHILL,BLVD,#103-4,RANCHO CUCAMONGA,CA,91730,,2019-06-03
66,6037,LAX,8317-021-029,2434 VALHALLA STREET LLC,2434 VALHALLA STREET LLC,,,2202,,,SAN CARLOS,ST,,POMONA,CA,91767,2656,8816,,,FOOTHILL,BLVD,#103-4,RANCHO CUCAMONGA,CA,91730,,2019-06-03
67,6037,LAX,8358-026-011,CSWF CONSTRUCTION INC,CSWF CONSTRUCTION INC,,,1470,,,ARROYO,AVE,,POMONA,CA,91768,2204,17360,,,COLIMA,RD,#156,ROWLAND HEIGHTS,CA,91748,,2019-06-03
68,6037,LAX,8403-008-016,GLENN L WIGGINS,WIGGINS GLENN L,WIGGINS TRUST,,1365,,E,GROVERDALE,ST,,COVINA,CA,91724,1508,4607,,,BLACKTHORNE,AVE,,LONG BEACH,CA,90808,,2019-06-03
69,6037,LAX,8414-004-016,KURTIS D & TODD A KITCHENS,KITCHENS KURTIS D & TODD A,,,5034,,,BLEECKER,ST,,BALDWIN PARK,CA,91706,1706,819,,E,3300 N,,,NORTH OGDEN,UT,84414,,2019-06-03
70,6037,LAX,8550-020-080,TTJ INVESTMENT LLC,TTJ INVESTMENT LLC,,C/O TOMOTHY BLAIR,12779,,,TORCH,ST,,BALDWIN PARK,CA,91706,3529,9171,,,ORCHID,DR,,WESTMINSTER,CA,92683,,2019-06-03
71,6037,LAX,8551-022-059,PAULETTE WOODS,WOODS PAULETTE,,,13444,,,TRACY,ST,I,BALDWIN PARK,CA,91706,4768,4690,,,KANSAS,AVE,,RIVERSIDE,CA,92507,,2019-06-03
72,6037,LAX,8562-004-002,INTERNATIONAL CHURCH OF THE FOUR SQUARE GOSPEL,INTERNATIONAL CHURCH OF THE FOUR SQUARE GOSPEL,,,13664,,,PRICHARD,ST,,LA PUENTE,CA,91746,1947,,,,PO BOX 524,,,LA PUENTE,CA,91747,,2019-06-03
73,6037,LAX,8588-018-002,DOROTHY A GRIFFITHS,GRIFFITHS DOROTHY A,GRIFFITHS TRUST,,9907,,,NADINE,ST,,TEMPLE CITY,CA,91780,2623,9907,,,NADINE,ST,,TEMPLE CITY,CA,91780,,2019-06-03
74,6037,LAX,8629-022-007,THOMAS G & BERTHA MOLINA,MOLINA THOMAS G & BERTHA,,,18822,,E,CITRUS EDGE,ST,,AZUSA,CA,91702,4813,18822,,E,CITRUS EDGE,ST,,AZUSA,CA,91702,,2019-06-03
75,6037,LAX,8641-005-007,ELAINE P BEAUSHEUR,BEAUSHEUR ELAINE P,,,1240,,S,PENNSYLVANIA,AVE,,GLENDORA,CA,91740,5027,1240,,S,PENNSYLVANIA,AVE,,GLENDORA,CA,91740,,2019-06-03
76,6037,LAX,8707-014-039,2434 VALHALLA STREET LLC,2434 VALHALLA STREET LLC,,,452,,,JANSU,PL,,POMONA,CA,91768,3208,8816,,,FOOTHILL,BLVD,#103-4,RANCHO CUCAMONGA,CA,91730,,2019-06-03
