﻿ID,FIPS,CO3,APN,OWNERNAME,OWNER 1,OWNER 2,CAREOF,S_HSENO,S_HSESUB,S_DIR,STREET,S_SFX,UNIT,CITY,STATE,ZIP,ZIP4,M_HSENO,M_HSESUB,M_DIR,M_STREET,M_SFX,M_UNIT,M_CITY,M_STATE,M_ZIP,M_ZIP4,DATE
1,6071,SBD,0127-383-06-0000,PETERSON PAUL E TR,PETERSON PAUL E TR,,,392,,W,HOLLY,ST,,RIALTO,CA,92376,4139,392,,W,HOLLY,ST,,RIALTO,CA,92376,,2019-05-29
2,6071,SBD,0133-072-02-0000,CHARLES R HART,HART CHARLES R,,,1016,,N,OAKDALE,AVE,,RIALTO,CA,92376,4410,1016,,N,OAKDALE,AVE,,RIALTO,CA,92376,,2019-05-29
3,6071,SBD,0154-394-08-0000,MARVIN D GEMAR,GEMAR MARVIN D,,,3965,,,PARKSIDE,DR,,SAN BERNARDINO,CA,92404,1719,3965,,N,PARKSIDE,DR,,SAN BERNARDINO,CA,92404,,2019-05-29
4,6071,SBD,0163-461-27-0000,MICHAEL A MORALES,MORALES MICHAEL A,,,263,,,LOMA VERDE,,,COLTON,CA,92324,3633,263,,,LOMA VERDE,,,COLTON,CA,92324,,2019-05-29
5,6071,SBD,0175-183-09-0000,FRASER ROBERT J TR,FRASER ROBERT J TR,,,1346,,,MONTEREY,ST,,REDLANDS,CA,92373,6950,1346,,,MONTEREY,ST,,REDLANDS,CA,92373,,2019-05-29
6,6071,SBD,0176-481-08-0000,TULIN SINJAR,SINJAR TULIN,,,673,,E,SUNSET DR N,,,REDLANDS,CA,92373,6412,673,,,SUNSET,DR,,REDLANDS,CA,92373,,2019-05-29
7,6071,SBD,0201-064-28-0000,TAYLOR FAMILY TRUST 6-16-04,TAYLOR FAMILY TRUST 6-16-04,,ELSA B TAYLOR TRUSTEE,6515,,,NAPA,ST,,RANCHO CUCAMONGA,CA,91701,3920,6515,,,NAPA,ST,,RANCHO CUCAMONGA,CA,91701,,2019-05-29
8,6071,SBD,0202-461-63-0000,HALL JACK - EST OF,HALL JACK - EST OF,,DIANA J CARLONI ATTORNEY AT LAW,9021,,,19TH,ST,,ALTA LOMA,CA,91701,4613,14390,,,CIVIC,DR,#B,VICTORVILLE,CA,92392,,2019-05-29
9,6071,SBD,0256-051-59-0000,FORD FAMILY TRUST 7/4/96,FORD FAMILY TRUST 7/4/96,,CHARLES HERMAN FORD TRUSTEE,10853,,,LOCUST,AVE,,BLOOMINGTON,CA,92316,2529,10853,,,LOCUST,AVE,,BLOOMINGTON,CA,92316,,2019-05-29
10,6071,SBD,0257-231-17-0000,ESTELA GONZALEZ,GONZALEZ ESTELA,,,11109,,,LARCH,AVE,,BLOOMINGTON,CA,92316,3138,11109,,,LARCH,AVE,,BLOOMINGTON,CA,92316,,2019-05-29
11,6071,SBD,0284-432-03-0000,CIOBANU MARIN & MARIANA FAM TR 05/1,CIOBANU MARIN & MARIANA FAM TR 05/1,,MARIN & MARIANA CIOBANU,11525,,,WELEBIR,ST,,LOMA LINDA,CA,92354,3631,11525,,,WELEBIR,ST,,LOMA LINDA,CA,92354,,2019-05-29
12,6071,SBD,0300-301-02-0000,GUARDIAN ANGEL FAMILY TRUST,GUARDIAN ANGEL FAMILY TRUST,,BRIGITTE LAMONTE TRUSTEE,12273,,,OVERCREST,DR,,YUCAIPA,CA,92399,1591,,,,PO BOX 1334,,,RANCHO MIRAGE,CA,92270,,2019-05-29
13,6071,SBD,0437-545-32-0000,TIMBER CREEK REV LIVING TRUST,TIMBER CREEK REV LIVING TRUST,,CHERYL KELLY,23520,,,PALA,LN,,APPLE VALLEY,CA,92307,6770,23520,,,PALA,LN,,APPLE VALLEY,CA,92307,,2019-05-29
14,6071,SBD,0660-331-03-0000,WILLIAM JOSEPH CAVANAUGH,CAVANAUGH WILLIAM JOSEPH,,,836,,,BEACH,DR,,NEEDLES,CA,92363,3709,836,,,BEACH,DR,,NEEDLES,CA,92363,,2019-05-29
15,6071,SBD,1005-171-48-0000,ANDY HSI AN WEI,WEI ANDY HSI AN,,,1839,,,LAKEWOOD,AVE,,UPLAND,CA,91784,1556,1839,,,LAKEWOOD,AVE,,UPLAND,CA,91784,,2019-05-29
16,6071,SBD,1008-572-16-0000,FRED ABILA,ABILA FRED,,VERN F ABILA,1410,,W,4TH,ST,,ONTARIO,CA,91762,1717,6218,,,ORANGEWOOD,DR,,RANCHO CUCAMONGA,CA,91701,,2019-05-29
17,6071,SBD,1013-241-03-0000,COOPER ALEXANDER TR,COOPER ALEXANDER TR,,,4054,,,FRANCIS,AVE,,CHINO,CA,91710,1520,4054,,,FRANCIS,ST,,CHINO,CA,91761,,2019-05-29
18,6071,SBD,1014-173-18-0000,WATKINS 2009 FAMILY TR 6/12/09,WATKINS 2009 FAMILY TR 6/12/09,,"CRAIG S & JUDITH A WATKINS, TRUSTEES",1652,,S,CYPRESS,AVE,,ONTARIO,CA,91761,,1652,,S,CYPRESS,ST,,ONTARIO,CA,91762,,2019-05-29
19,6071,SBD,1025-261-72-0000,XINMIN YAN,YAN XINMIN,,,14872,,,ASH,DR,,CHINO,CA,91709,1907,14872,,,ASH,DR,,CHINO HILLS,CA,91709,,2019-05-29
20,6071,SBD,1044-601-20-0000,ROBIN FLINT,FLINT ROBIN,,,859,,,CARSON,ST,,UPLAND,CA,91784,1830,859,,,CARSON,ST,,UPLAND,CA,91784,,2019-05-29
21,6071,SBD,1046-603-02-0000,SUMMIT TRUST 08/19/02,SUMMIT TRUST 08/19/02,,TIMOTHY J DITTY TRUSTEE,188,,S,2ND,AVE,,UPLAND,CA,91786,6607,188,,S,2ND,AVE,,UPLAND,CA,91786,,2019-05-29
22,6071,SBD,1047-413-13-0000,LAVON J ROUSSEAU,ROUSSEAU LAVON J,,,1322,,N,ALLYN,AVE,,ONTARIO,CA,91764,1926,1322,,N,ALLYN,AVE,,ONTARIO,CA,91764,,2019-05-29
23,6071,SBD,1061-721-18-0000,FALABELLA JEANINE B REVOCABLE TR 7/2,FALABELLA JEANINE B REVOCABLE TR 7/2,,,5644,,,PERIDOT,AVE,,ALTA LOMA,CA,91701,1821,5644,,,PERIDOT,AVE,,RANCHO CUCAMONGA,CA,91701,,2019-05-29
24,6071,SBD,1090-231-32-0000,TIMOTHY J LIN,LIN TIMOTHY J,,,11832,,,BUNKER HILL,DR,,RANCHO CUCAMONGA,CA,91730,3946,11832,,,BUNKER HILL,DR,,RANCHO CUCAMONGA,CA,91730,,2019-05-29
