﻿ID,FIPS,CO3,APN,OWNERNAME,OWNER 1,OWNER 2,CAREOF,S_HSENO,S_HSESUB,S_DIR,STREET,S_SFX,UNIT,CITY,STATE,ZIP,ZIP4,M_HSENO,M_HSESUB,M_DIR,M_STREET,M_SFX,M_UNIT,M_CITY,M_STATE,M_ZIP,M_ZIP4,DATE
1,6065,RIV,133-221-018,MARY F ZULAUF,ZULAUF MARY F,,,3739,,,TEMESCAL,AVE,,NORCO,CA,92860,1490,6800,,,BERRY,AVE,,BUENA PARK,CA,90620,,2019-06-03
2,6065,RIV,138-290-009,NATALIE & N RINGLUND,RINGLUND NATALIE,RINGLUND N,,2975,,,LAS FLORES,AVE,,RIVERSIDE,CA,92503,6105,10518,,,MAGNOLIA,AVE,,RIVERSIDE,CA,92505,,2019-06-03
3,6065,RIV,149-340-032,ADAM & ANNA VERSKA,VERSKA ADAM,VERSKA ANNA,,5349,,,NORWOOD,AVE,,RIVERSIDE,CA,92505,1332,5349,,,NORWOOD,AVE,,,CA,92505,,2019-06-03
4,6065,RIV,151-214-015,DENNIS D GARCIA,GARCIA DENNIS D,,,5646,,,CHALLEN,AVE,,RIVERSIDE,CA,92503,2415,7339,,,PETERS,ST,,RIVERSIDE,CA,92504,,2019-06-03
5,6065,RIV,153-221-013,SAMANTHA MONZINGO,MONZINGO SAMANTHA,WESTERGREN MATHEW J,,4513,,,CALIFORNIA,AVE,,NORCO,CA,92860,1679,4513,,,CALIFORNIA,AVE,,,CA,92860,,2019-06-03
6,6065,RIV,165-130-003,EMILIO RODRIGUEZ,RODRIGUEZ EMILIO,,,6091,,,HUDSON,ST,,JURUPA VALLEY,CA,92509,5036,6091,,,HUDSON,ST,,,CA,92509,,2019-06-03
7,6065,RIV,166-141-007,INVESTMENT PARTNERS BLUEFIN,BLUEFIN INVESTMENT PARTNERS,,,7907,,,STANDISH,AVE,,JURUPA VALLEY,CA,92509,5238,1954,,,PLACENTIA,AVE,,COSTA MESA,CA,92627,,2019-06-03
8,6065,RIV,225-021-017,REGINA H PACE,PACE REGINA H,,,4226,,,JURUPA,AVE,,RIVERSIDE,CA,92506,1764,4226,,,JURUPA,AVE,,,CA,92506,,2019-06-03
9,6065,RIV,229-140-009,JACOB A & PAUL A DEJONCKHEERE,DEJONCKHEERE JACOB A,DEJONCKHEERE PAUL A,C/O PAUL A DE JONCKHEERE,6666,,,INDIANA,AVE,,RIVERSIDE,CA,92506,4327,16160,,,SUTTLES,DR,,RIVERSIDE,CA,92504,,2019-06-03
10,6065,RIV,231-281-045,SANDRA M AGUILAR,AGUILAR SANDRA M,,,8450,,,MIMOSA TREE,CT,,RIVERSIDE,CA,92504,4344,1629,,,RAMSGATE,CT,,RIVERSIDE,CA,92506,,2019-06-03
11,6065,RIV,243-040-060,MARY CATHERINE SHELTON,SHELTON MARY CATHERINE,,,2280,,,EL CAPITAN,DR,,RIVERSIDE,CA,92506,4614,2280,,,EL CAPITAN,DR,,,CA,92506,,2019-06-03
12,6065,RIV,260-312-004,TOM ARONOLD GONZALES,GONZALES TOM ARONOLD,LINARES MARLENE,,10089,,,THORNBIRD,CT,,MORENO VALLEY,CA,92557,2854,10089,,,THORNBIRD,CT,,,CA,92557,,2019-06-03
13,6065,RIV,290-611-006,THI H HOA LE,LE THI H HOA,,,24311,,,SWIFT DEER,TRL,,CORONA,CA,92883,5448,24311,,,SWIFT DEER,TR,,,CA,92883,,2019-06-03
14,6065,RIV,377-340-020,BRANDI SOMERS,SOMERS BRANDI,ROTELLINI JUAN C,C/O JUAN C ROTELLINI,606,,E,MINTHORN,ST,,LAKE ELSINORE,CA,92532,2800,41605,,,ELM,ST,#200,MURRIETA,CA,92562,,2019-06-03
15,6065,RIV,479-441-004,STEPHEN R LAPHAM,LAPHAM STEPHEN R,,,13675,,,DAIMLER,ST,,MORENO VALLEY,CA,92553,4840,13675,,,DAIMLER,ST,,,CA,92553,,2019-06-03
16,6065,RIV,479-681-004,CONNIE NGO,NGO CONNIE,,,13478,,,ALPINE,ST,,MORENO VALLEY,CA,92553,864,4080,,,VIA MARISOL NO,,#338,LOS ANGELES,CA,90042,,2019-06-03
17,6065,RIV,501-031-016,KATJA VAN HERLE,VAN HERLE KATJA,HOEY DAVID,,300,,E,MOLINO,RD,,PALM SPRINGS,CA,92262,2032,12818,,,VINWOOD,CT,,SAN DIEGO,CA,92130,,2019-06-03
18,6065,RIV,501-162-030,ARLEA M BRENNAN,BRENNAN ARLEA M,,,1184,,E,PAJARO,RD,,PALM SPRINGS,CA,92262,3356,,,,PO BOX 684,,,MERLIN,OR,97532,,2019-06-03
19,6065,RIV,502-111-017,ROBERT PAUL MYERS,MYERS ROBERT PAUL,ASCENCIO LANE GABRIELA NICOLE,,402,,N,FARRELL,DR,,PALM SPRINGS,CA,92262,6559,2118,,,CLIFF,ST,,CALAGARY AB CANAD,,,,2019-06-03
20,6065,RIV,507-422-060,DAVID HAUGLAND,HAUGLAND DAVID,,,1943,,E,SANDALWOOD,DR,,PALM SPRINGS,CA,92262,5359,1230,,,HORN,AVE,#630,WEST HOLLYWOOD,CA,90069,,2019-06-03
21,6065,RIV,508-088-022,DOUGLAS S ROBERTSON,ROBERTSON DOUGLAS S,,,839,,E,ARENAS,RD,,PALM SPRINGS,CA,92262,106,880,,,FOERSTER,ST,,SAN FRANCISCO,CA,94127,,2019-06-03
22,6065,RIV,552-240-010,WILLIAM F SHINKLE,SHINKLE WILLIAM F,,,42191,,,LITTLE LAKE,RD,,HEMET,CA,92544,7532,26765,,,SOBOBA,ST,,HEMET,CA,92544,,2019-06-03
23,6065,RIV,609-195-006,THOMAS H DUNBABIN,DUNBABIN THOMAS H,,,79575,,,BERMUDA DUNES,DR,,BERMUDA DUNES,CA,92203,8082,225,,,25TH,ST,,HERMOSA BEACH,CA,90254,,2019-06-03
24,6065,RIV,622-101-016,KATHLEEN M LUBY,LUBY KATHLEEN M,,,143,,,CAMINO ARROYO,,,PALM DESERT,CA,92260,324,312,,,ELLIS,AVE,,WHEATON,IL,60187,,2019-06-03
25,6065,RIV,626-202-049,ERROL DOMINIC & WENDI RAE STEWART,STEWART ERROL DOMINIC,STEWART WENDI RAE,,76863,,,DAFFODIL,DR,,PALM DESERT,CA,92211,7453,1425,,,23RD,ST,,CALGARY AB CANADA,,,,2019-06-03
26,6065,RIV,626-272-023,MORGAN ALEXIS TENNANT,TENNANT MORGAN ALEXIS,,,76819,,,LANCELOT,CT,,PALM DESERT,CA,92211,7103,76819,,,LANCELOT,CT,,,CA,92211,,2019-06-03
27,6065,RIV,628-360-030,HOLLY BUTTS MALO,MALO HOLLY BUTTS,,,71731,,,PAINTED CANYON,RD,,PALM DESERT,CA,92260,6361,,,,PO BOX 1325,,,POWAY,CA,92074,,2019-06-03
28,6065,RIV,675-172-006,VANESSA S GURROLA,GURROLA VANESSA S,,,28670,,,AVENIDA MARAVILLA,,,,CA,92234,,649,,,SANTA CLARA,ST,,FILLMORE,CA,93015,,2019-06-03
29,6065,RIV,675-174-012,WILFREDO RODRIGUEZ,RODRIGUEZ WILFREDO,,,28503,,,AVENIDA MARQUESA,,,,CA,92234,,28503,,,AVENIDA MARQUESA,,,,CA,92234,,2019-06-03
30,6065,RIV,680-144-016,TODD J PHELPS,PHELPS TODD J,WHITEHEAD SAMUEL P,,936,,S,PASEO DOROTEA,,,PALM SPRINGS,CA,92264,3404,,,,P O BOX 321,,,PALM SPRINGS,CA,92262,,2019-06-03
31,6065,RIV,680-523-002,VANESSA SUZANNE GURROLA,GURROLA VANESSA SUZANNE,,,808,,,ARROYO VISTA,RD,,PALM SPRINGS,CA,92264,3422,649,,,SANTA CLARA,ST,,FILLMORE,CA,93015,,2019-06-03
32,6065,RIV,682-302-011,22 EL TORO,22 EL TORO,,C/O BETTY L COOLEY,22,,,EL TORO,DR,,RANCHO MIRAGE,CA,92270,4737,10015,,NE,4TH,ST,#3005,BELLEVUE,WA,98004,,2019-06-03
33,6065,RIV,684-570-027,LEE G & MARY ANN B LIGGETT,LIGGETT LEE G,LIGGETT MARY ANN B,,7,,,MALAGA,DR,,RANCHO MIRAGE,CA,92270,3820,1016,,,DOUGLAS,ST,,OMAHA,NE,68102,,2019-06-03
34,6065,RIV,686-182-054,DOUGLAS PAXTON,PAXTON DOUGLAS,VASSALLO JOSEPH,,68390,,,INDIGO,LN,,,CA,92234,,68390,,,INDIGO,LN,,,CA,92234,,2019-06-03
35,6065,RIV,687-105-006,JOSEPH D VASSALIO,VASSALIO JOSEPH D,PAXTON DOUGLAS E,,37298,,,PALO VERDE,DR,,,CA,92234,,2495,,,15TH,ST,,SAN FRANCISCO,CA,94114,,2019-06-03
36,6065,RIV,688-270-024,EVA H & MARK B COHON,COHON EVA H,COHON MARK B,,1,,,RADCLIFF,CT,,RANCHO MIRAGE,CA,92270,3711,1,,,RADCLIFF,CT,,,CA,92270,,2019-06-03
37,6065,RIV,750-160-075,NICOLE BOHRER,BOHRER NICOLE,,,30941,,,SUNNY ROCK,RD,,DESERT HOT SPRINGS,CA,92241,8153,381,,,WALNUT,AVE,,SONOMA,CA,95476,,2019-06-03
