﻿ID,FIPS,CO3,APN,OWNERNAME,OWNER 1,OWNER 2,CAREOF,S_HSENO,S_HSESUB,S_DIR,STREET,S_SFX,UNIT,CITY,STATE,ZIP,ZIP4,M_HSENO,M_HSESUB,M_DIR,M_STREET,M_SFX,M_UNIT,M_CITY,M_STATE,M_ZIP,M_ZIP4,LANDVAL,IMPVALUE,OTHERVALUE,TOTALVALUE,EXEMPAMT,EXEMPT,RATIO,TTAX,STATUS,ZONING,COUNTYUSE,USETYPE,TRA,LEGAL,YRDELQ,LOTACRES,LOTSQFT,VESTING,OLDESTDELYR,DEFAULTAMT,DEFNUMBER,TAXUPDATED,DATE
1,6111,VEN,069-0-052-345,SALLY C E MOSS,MOSS SALLY C E,,,241,,,FRANKLIN,LN,,VENTURA,CA,93001,1417,241,,,FRANKLIN,LN,,VENTURA,CA,93001,1417,"$10,943","$5,433",,"$16,376","$7,000",Y,33%,,ACTIVE,,1110,RESID. SINGLE FAMILY,005-075,LT 22 MP REF 016MR 029,,0.1,"4,747",,2015,795.3,,2/25/2020,2020-03-02
2,6111,VEN,100-0-052-145,JOHN T WILSON,WILSON JOHN T,,,1148,,,MARIGOLD,LN,,SANTA PAULA,CA,93060,1115,,,,PO BOX 430,,,FILLMORE,CA,93016,,"$310,559","$166,984",,"$477,543",,N,34%,,ACTIVE,,1111,RESID. SINGLE FAMILY,004-001,TR 212800 LT 30 MP REF 055MR 086,,0.28,"12,581",,2017,2065.07,,2/25/2020,2020-03-02
3,6111,VEN,206-0-169-420,RONALD T MAR ZIPPERSTEIN,ZIPPERSTEIN RONALD T MAR TR,,ATTN RONALD ZIPPERSTEIN TTEE,1313,,,OCEAN,DR,,OXNARD,CA,93035,4557,1313,,,OCEAN,DR,,OXNARD,CA,93035,4557,"$1,049,053","$284,397",,"$1,333,450",,N,21%,,ACTIVE,,1110,RESID. SINGLE FAMILY,063-014,LT A MP REF 44 PM 83 PR APN 2060169240,,0.043,"1,913",,2017,22445.47,,2/25/2020,2020-03-02
4,6111,VEN,216-0-072-255,RODOLFO B & CARMEN T PENA,PENA RODOLFO B & CARMEN T,,,200,,,ALPINE,ST,,OXNARD,CA,93030,5536,,,,PO BOX 973,,,OXNARD,CA,93032,973,"$9,827","$29,617",,"$39,444","$7,000",Y,75%,,ACTIVE,,1111,RESID. SINGLE FAMILY,003-305,TR 136301 LT 102 MP REF 031MR 082,,0.09,"4,000",,2014,2025.08,,2/25/2020,2020-03-02
5,6111,VEN,524-0-240-075,TAKESHI NAKAO,NAKAO TAKESHI,,,591,,,TREE TOP,LN,,THOUSAND OAKS,CA,91360,2455,591,,,TREE TOP,LN,,THOUSAND OAKS,CA,91360,2455,"$364,000","$196,000",,"$560,000",,N,35%,,ACTIVE,,1128,RESID. CONDOMINIUM,008-148,TR 232500 LT 7 MP REF 068MR 073 PR APN 5240061025,,0.044,"1,952",,2018,1886.52,,2/25/2020,2020-03-02
6,6111,VEN,526-0-040-190,TANO LOMBARDO,LOMBARDO TANO,,,613,,,AVE DE LA PLATA,,,THOUSAND OAKS,CA,91320,2410,613,,,AVENIDA DE LA PLATA,,,NEWBURY PARK,CA,91320,,"$137,190","$73,950",,"$211,140",,N,35%,,ACTIVE,,1129,RESID. CONDOMINIUM,008-083,TR 206200 LT 68 UNT 4 MP REF 053MR 062,,0.15,"6,750",,2017,2462.64,,2/25/2020,2020-03-02
7,6111,VEN,571-0-043-055,TAVA M KING,KING TAVA M TR,,,2707,,,BAYWATER,PL,,THOUSAND OAKS,CA,91362,5338,,,,PO BOX 3834,,,THOUSAND OAKS,CA,91359,,"$334,964","$190,845",,"$525,809","$7,000",Y,36%,,ACTIVE,,1111,RESID. SINGLE FAMILY,008-367,TR 346304 LT 96 MP REF 98 MR 59 PR APN 5700070415,,0.18,"7,866",,2017,10893.46,,2/25/2020,2020-03-02
