ID,FIPS,CO3,APN,OWNERNAME,OWNER 1,OWNER 2,CAREOF,S_HSENO,S_HSESUB,S_DIR,STREET,S_SFX,ADDRESS,UNIT,CITY,STATE,ZIP,ZIP4,M_HSENO,M_HSESUB,M_DIR,M_STREET,M_SFX,M_UNIT,M_CITY,M_STATE,M_ZIP,M_ZIP4,LANDVAL,IMPVALUE,OTHERVALUE,TOTALVALUE,EXEMPAMT,EXEMPT,RATIO,TTAX,STATUS,ZONING,COUNTYUSE,USETYPE,TRA,LEGAL,YRDELQ,LOTACRES,LOTSQFT,VESTING,OLDESTDELYR,DEFAULTAMT,DEFNUMBER,TAXUPDATED,DATE
92,6037,LAX,6032-005-009,RAYMOND ZECCA,ZECCA RAYMOND JR,,,952,,W,81ST,ST,952 W 81ST ST,,LOS ANGELES,CA,90044,5006,5759,,,11TH,AVE,,LOS ANGELES,CA,90043,,"$130,883","$20,660",,"$151,543",,N,13%,,,LAR3,100,RESID. SINGLE FAMILY,212,SUNNY SIDE PARK ADDITION E 48 FT OF S 51 FT OF LOT 216,1992,0.056,"2,448",,1991,126616.07,,1/21/20,2020-02-09
20,6037,LAX,3027-001-047,CHRIST TABERNACLE CHRISTIAN CHURCH,CHRIST TABERNACLE CHRISTIAN CHURCH,,LISA P HAWK,10205,,E,PALMDALE,BLVD,10205 E PALMDALE BLVD,,PALMDALE,CA,93591,2301,,,,PO BOX 659,,,LITTLEROCK,CA,93543,,"$33,758","$33,758",,"$67,516",,N,50%,,,LCC4*,100,RESID. SINGLE FAMILY,4684,THAT PART EX OF ST IN CO LTG MAINT DIST NO 10013 OF W 100 FT OF S 436 FT OF SE 1/4 OF NW 1/4 OF SEC 28 T 6N R 10W,2008,0.642,"27,994",,2007,49003.64,,1/21/20,2020-02-09
105,6037,LAX,6141-031-045,WOODLAWN COMPTON CORP,WOODLAWN COMPTON CORP,,,1409,,E,168TH,ST,1409 E 168TH ST,,COMPTON,CA,90220,,,,,PO BOX 4574,,,CERRITOS,CA,90703,,"$2,972,597","$506,690",,"$3,479,287",,N,14%,,,COR1*,770V,VACANT,3765,FOR DESC SEE ASSESSOR'S MAPS,2013,11.241,"489,677",,2012,686391.68,,1/21/20,2020-02-09
112,6037,LAX,6155-033-003,CHRISTINA M JUAREZ,JUAREZ CHRISTINA M,MENDOZA JOHN J,,13707,,S,WILLOWBROOK,AVE,13707 S WILLOWBROOK AVE,,COMPTON,CA,90222,3048,,,,PO BOX 144,,,DOWNEY,CA,90241,,"$90,875","$19,466",,"$110,341",,N,17%,,,LCR2YY,100,RESID. SINGLE FAMILY,2924,TRACT # 4265 LOTS 3 AND LOT 4 BLK L,2013,0.113,"4,937",,2012,22948.39,,1/21/20,2020-02-09
5,6037,LAX,2359-015-013,LEWIS ALICIA L DECD EST OF,LEWIS ALICIA L DECD EST OF,,C/O MARC P JACOBS,4924,,,VENTURA CANYON,AVE,4924  VENTURA CANYON AVE,,LOS ANGELES,CA,91423,1408,11377,,W,OLYMPIC,BLVD,,LOS ANGELES,CA,90064,,"$760,000","$140,000",,"$900,000",,N,15%,,,LAR1,100,RESID. SINGLE FAMILY,13,TRACT # 14726 LOT 13,2014,0.155,"6,775",,2013,60196.83,,1/21/20,2020-02-09
18,6037,LAX,3018-011-019,DALE WILCOX,WILCOX DALE ET AL,WILCOX LEE A,,2102,,E,AVENUE Q5,,2102 E AVENUE Q5 ,,PALMDALE,CA,93550,4031,2102,,E,AVENUE Q5,,,PALMDALE,CA,93550,,"$7,226","$33,820",,"$41,046",,N,82%,,,PDR1*,100,RESID. SINGLE FAMILY,15574,TRACT # 20592 LOT 55,2014,0.18,"7,881",,2013,12340.41,,1/21/20,2020-02-09
29,6037,LAX,3211-019-008,ANNE M O CONNOR,O CONNOR ANNE M,O CONNOR STEVEN D,,,,,TICK CANYON RD/CABIN,,  TICK CANYON RD/CABIN ,,SAUGUS,CA,93510,,264,,N,ORCHID TREE,LN,,PALM SPRINGS,CA,92262,,"$31,214",$89,,"$31,303",,N,0%,,,LCA21*,100,RESID. SINGLE FAMILY,9125,LOT 82 IN SW 1/4 OF SEC 5 T 4N R 14W,2014,5.171,"225,261",,2013,6853.9,,1/21/20,2020-02-09
57,6037,LAX,5012-014-003,BIJAN MCGOWAN,MCGOWAN BIJAN,RADLEY LUCKY,,3814,,,MOUNT VERNON,DR,3814  MOUNT VERNON DR,,LOS ANGELES,CA,90008,4812,3814,,,MOUNT VERNON,DR,,LOS ANGELES,CA,90008,,"$774,681","$328,974",,"$1,103,655",,N,29%,,,LCR1*,100,RESID. SINGLE FAMILY,1552,TRACT NO 4961 LOT 21,2014,0.225,"9,843",,2013,69412.53,,1/21/20,2020-02-09
96,6037,LAX,6047-020-043,FOLMAR FRANCES DECD EST OF,FOLMAR FRANCES DECD EST OF,,,9124,,S,BUDLONG,AVE,9124 S BUDLONG AVE,,LOS ANGELES,CA,90044,2018,9124,,S,BUDLONG,AVE,,LOS ANGELES,CA,90044,,"$18,874","$8,101",,"$26,975","$7,000",Y,30%,,,LCR320U*,100,RESID. SINGLE FAMILY,1208,GRIDER&HAMILTON'S SUNNY SIDE # 2 S 40 FT OF N 80 FT OF LOT 60,2014,0.091,"4,004",,2013,9295.63,,1/21/20,2020-02-09
99,6037,LAX,6068-001-019,ELISA S GUTIERREZ,GUTIERREZ ELISA S,,,10722,,,ANZAC,AVE,10722  ANZAC AVE,,LOS ANGELES,CA,90059,1304,10722,,,ANZAC,AVE,,LOS ANGELES,CA,90059,,"$5,688","$4,579",,"$10,267","$6,008",Y,44%,,,LAR1,100,RESID. SINGLE FAMILY,460,TRACT NO 5432 LOT 18,2014,0.119,"5,194",,2013,3666.75,,1/21/20,2020-02-09
23,6037,LAX,3053-042-490,STEVEN A SAITO,SAITO STEVEN A ET AL,SAITO GEORGE T,,37159,,,28TH ST E,,37159  28TH ST E ,,PALMDALE,CA,93550,5971,37159,,,28TH ST E,,,PALMDALE,CA,93550,,"$16,852","$60,421",,"$77,273","$7,000",Y,78%,,,PDRPD100*,100,RESID. SINGLE FAMILY,7512,TR=42405 LOT 16,2015,0.097,"4,238",,2014,14276.03,,1/21/20,2020-02-09
24,6037,LAX,3085-006-015,PAUL E SMITH,SMITH PAUL E,,,33235,,,LARGO VISTA,RD,33235  LARGO VISTA RD,,LLANO,CA,93544,1423,,,,PO BOX 456,,,LLANO,CA,93544,,"$26,270","$32,110",,"$58,380",,N,55%,,,LCA21*,100,RESID. SINGLE FAMILY,16785,"LOT COM W ON E AND W C/L OF SEC 25 T 5N R 9W, 143.23 FT FROM W LINE OF LARGO VISTA RD TH S 11 36'53 E 220.43 FT TH N 89 41'38 E TO SD W LINE TH S THEREON SEE ASSESSOR MAPBOOK FOR MISSING PORTIONOF SE 1/4 OF SEC 25 T 5N R 9W",2015,9.237,"402,377",,2014,6950.27,,1/21/20,2020-02-09
25,6037,LAX,3102-011-015,ROBERT H OSENGA,OSENGA ROBERT H,,,42315,,,52ND ST W,,42315  52ND ST W ,,LANCASTER,CA,93536,3662,42315,,,52ND ST W,,,LANCASTER,CA,93536,,"$8,101","$27,002",,"$35,103","$7,000",Y,76%,,,LCR17500*,100,RESID. SINGLE FAMILY,9569,TRACT # 14581 LOT 280,2015,0.275,"12,013",,2014,7102.93,,1/21/20,2020-02-09
59,6037,LAX,5041-035-005,JOSEPHINE MARTIN,MARTIN JOSEPHINE,,,1774,,W,37TH,PL,1774 W 37TH PL,,LOS ANGELES,CA,90018,4408,10404,,S,7TH,AVE,,INGLEWOOD,CA,90303,,"$14,033","$4,579",,"$18,612",,N,24%,,,LAR2,100,RESID. SINGLE FAMILY,67,TRACT NO 4014 E 16 FT OF LOT 116 AND W 14 FT OF LOT 117,2015,0.09,"3,959",,2014,2734.87,,1/21/20,2020-02-09
89,6037,LAX,5852-012-028,GARY C STEPHEN,STEPHEN GARY C,,,2186,,,NEW YORK,DR,2186  NEW YORK DR,,ALTADENA,CA,91001,3432,2186,,,NEW YORK,DR,,ALTADENA,CA,91001,,"$79,799","$13,642",,"$93,441",,N,14%,,,LCR175,100,RESID. SINGLE FAMILY,10430,TRACT # 875 LOT COM AT MOST E COR OF LOT7 BLK E TH S 10 01'30 W 105.38 FT TH N 66 28'30 W 81.94 FT TH N 19 48'03 E 90.10 FT TH S 49 27'30 E 15 FT TH S 85 36'30 E 51.71 FT TO BEG PART OF LOT 7 BLK E,2015,0.158,"6,889",,2014,17322.01,,1/21/20,2020-02-09
108,6037,LAX,6151-004-043,DEANDRE ALFRED,ALFRED DEANDRE,,,713,,W,ARBUTUS,ST,713 W ARBUTUS ST,,COMPTON,CA,90220,1905,713,,W,ARBUTUS,ST,,COMPTON,CA,90220,,"$107,268","$191,337",,"$298,605",,N,64%,,,COR1*,100,RESID. SINGLE FAMILY,2800,TRACT NO 62O7 LOT 10 BLK 16,2015,0.132,"5,751",,2014,38677.28,,1/21/20,2020-02-09
130,6037,LAX,7275-004-024,LUKE M FLAHERTY,FLAHERTY LUKE M,,,1110,,E,APPLETON,ST,1110 E APPLETON ST,,LONG BEACH,CA,90802,3532,1110,,E,APPLETON,ST,,LONG BEACH,CA,90802,,"$194,741","$31,722",,"$226,463",,N,14%,,,LBR3S,100,RESID. SINGLE FAMILY,5500,TRACT # 2182 LOT 3,2015,0.074,"3,233",,2014,21608.39,,1/21/20,2020-02-09
133,6037,LAX,7470-028-009,TAKESHI & TOMO TAKAYAMA,TAKAYAMA TAKESHI AND TOMO TRS,TAKAYAMA TRUST,,3721,,S,PATTON,AVE,3721 S PATTON AVE,,LOS ANGELES,CA,90731,6033,3721,,S,PATTON,AVE,,SAN PEDRO,CA,90731,,"$45,025","$16,898",,"$61,923","$7,000",Y,27%,,,LAR1,100,RESID. SINGLE FAMILY,21,TRACT NO 7117 LOT 9 BLK 8,2015,0.194,"8,493",,2014,6285.6,,1/21/20,2020-02-09
158,6037,LAX,8562-004-002,INTERNATIONAL CHURCH OF THE FOUR SQUARE GOSPEL,INTERNATIONAL CHURCH OF THE FOUR SQUARE GOSPEL,,,13664,,,PRICHARD,ST,13664  PRICHARD ST,,LA PUENTE,CA,91746,1947,,,,PO BOX 524,,,LA PUENTE,CA,91747,,"$155,218","$133,004",,"$288,222",,N,46%,,,LCA106,100,RESID. SINGLE FAMILY,2218,TRACT # 16614 LOT 62,2015,0.134,"5,842",,2014,28756.27,,1/21/20,2020-02-09
159,6037,LAX,8562-004-027,INTERNATIONAL CHURCH OF FOURSQUARE GOSPEL,INTERNATIONAL CHURCH OF FOURSQUARE GOSPEL,,,423,,,PUENTE,AVE,423  PUENTE AVE,,LA PUENTE,CA,91746,1961,,,,PO BOX 524,,,LA PUENTE,CA,91747,,"$56,541","$134,023",,"$190,564","$190,564",N,70%,,,LCA16000*,100,RESID. SINGLE FAMILY,2218,M R 59-4-9*FOR DESC SEE ASSESSOR'S MAPS*POR OF LOT 25,2015,0.361,"15,730",,2014,4051.02,,1/21/20,2020-02-09
164,6037,LAX,8707-014-039,2434 VALHALLA STREET LLC,2434 VALHALLA STREET LLC,,,452,,,JANSU,PL,452  JANSU PL,,POMONA,CA,91768,3208,8816,,,FOOTHILL,BLVD,#103-4,RANCHO CUCAMONGA,CA,91730,,"$15,394","$29,972",,"$45,366",,N,66%,,,POR106,100,RESID. SINGLE FAMILY,7771,TRACT # 19951 LOT 38,2015,0.14,"6,100",,2014,6638.96,,1/21/20,2020-02-09
4,6037,LAX,2358-022-026,NANCY TU,TU NANCY,,,12924,,,ADDISON,ST,12924  ADDISON ST,,LOS ANGELES,CA,91423,2216,12924,,,ADDISON,ST,,SHERMAN OAKS,CA,91423,,"$1,357,511","$898,354",,"$2,255,865",,N,39%,,,LAR1,100,RESID. SINGLE FAMILY,13,PM 67-74 LOT B,2016,0.483,"21,043",,2015,30311.16,,1/21/20,2020-02-09
6,6037,LAX,2428-013-012,MEDHI & FERESHTAH HAGHIGHI,HAGHIGHI MEDHI & FERESHTAH,,,7244,,,PACIFIC VIEW,DR,7244  PACIFIC VIEW DR,,LOS ANGELES,CA,90068,2042,,,,PO BOX 15955,,,BEVERLY HILLS,CA,90209,,"$245,594","$403,733",,"$649,327",,N,62%,,,LAR1,100,RESID. SINGLE FAMILY,67,TRACT NO 8628 LOT 36,2016,0.12,"5,259",,2015,45629.07,,1/21/20,2020-02-09
16,6037,LAX,2870-012-039,LENNART & MARY L LAGREEN,LAGREEN LENNART AND MARY L TRS,LAGREEN FAMILY TRUST,,11391,,,ETIWANDA,AVE,11391  ETIWANDA AVE,,LOS ANGELES,CA,91326,2011,11391,,,ETIWANDA,AVE,,NORTHRIDGE,CA,91326,,"$31,403","$80,856",,"$112,259","$7,000",Y,72%,,,LARS,100,RESID. SINGLE FAMILY,16,TRACT NO 28660 LOT 106,2016,0.173,"7,547",,2015,7429.67,,1/21/20,2020-02-09
19,6037,LAX,3023-057-012,EDUARDO P GARCIA,GARCIA EDUARDO P JR,,,37616,,,NEWBURY,PL,37616  NEWBURY PL,,PALMDALE,CA,93552,3937,37616,,,NEWBURY,PL,,PALMDALE,CA,93552,,"$39,625","$118,777",,"$158,402",,N,74%,,,PDA21*,101,RESID. SINGLE FAMILY,6919,TR=45926 LOT 13,2016,0.165,"7,221",,2015,14359.6,,1/21/20,2020-02-09
22,6037,LAX,3052-045-019,ANA M JIMENEZ,JIMENEZ ANA M,STEFANI CASTELLANOS TRUST,,36255,,,43RD ST E,,36255  43RD ST E ,,PALMDALE,CA,93552,6233,6709,,,GREENLEAF,AVE,#204,WHITTIER,CA,90601,,"$68,884","$234,222",,"$303,106",,N,77%,,,LCR120000*,100,RESID. SINGLE FAMILY,1078,TR=44400 LOT 69,2016,0.906,"39,492",,2015,18833.03,,1/21/20,2020-02-09
123,6037,LAX,6347-024-011,JESSIE & ROBERT MARRON,MARRON JESSIE JR & ROBERT,,,4720,,,ORANGE,ST,4720  ORANGE ST,,PICO RIVERA,CA,90660,2258,4720,,,ORANGE,ST,,PICO RIVERA,CA,90660,,"$61,455","$64,773",,"$126,228",,N,51%,,,PRSF*,100,RESID. SINGLE FAMILY,6451,TRACT # 8128 S 40 FT OF LOT 120,2016,0.095,"4,160",,2015,12120.92,,1/21/20,2020-02-09
124,6037,LAX,7024-014-046,PATRICK A & PAUL J ELLIS,ELLIS PATRICK A & PAUL J,,,18811,,,DANIELLE,AVE,18811  DANIELLE AVE,,CERRITOS,CA,90703,6006,,,,PO BOX 3722,,,CERRITOS,CA,90703,,"$74,294","$179,921",,"$254,215","$7,000",Y,70%,,,CERS6500,100,RESID. SINGLE FAMILY,2607,*TR=25850 LOT 75,2016,0.162,"7,085",,2015,17552.12,,1/21/20,2020-02-09
132,6037,LAX,7459-017-022,HAL M MICKELSON,MICKELSON HAL M,,,1351,,W,10TH,ST,1351 W 10TH ST,,LOS ANGELES,CA,90732,3809,,,,PO BOX 20062,,,STANFORD,CA,94309,,"$59,314","$15,092",,"$74,406",,N,20%,,,LAR1,100,RESID. SINGLE FAMILY,14,VISTA DEL ORO LOT 18 BLK 38,2016,0.187,"8,179",,2015,4084.95,,1/21/20,2020-02-09
139,6037,LAX,8059-011-003,EVA M MCKENNA,MCKENNA EVA M,,,13614,,,DUFFIELD,AVE,13614  DUFFIELD AVE,,LA MIRADA,CA,90638,2827,11650,,,215TH,ST,,LAKEWOOD,CA,90715,,"$124,095","$87,591",,"$211,686",,N,41%,,,LCRA5000*,100,RESID. SINGLE FAMILY,13479,TRACT # 21791 LOT 59,2016,0.126,"5,526",,2015,16804.79,,1/21/20,2020-02-09
162,6037,LAX,8670-034-014,FIVE COUNTIES HOLDINGS LLC,FIVE COUNTIES HOLDINGS LLC,,,2691,,,KING,WAY,2691  KING WAY,,CLAREMONT,CA,91711,1722,9411,,,HAVEN,AVE,#200,RANCHO CUCAMONGA,CA,91730,,"$448,355","$210,990",,"$659,345",,N,31%,,,CLRS13000*,104,RESID. SINGLE FAMILY,2730,*TR=32687 LOT 14,2016,0.299,"13,038",,2015,45757.12,,1/21/20,2020-02-09
28,6037,LAX,3135-002-022,ROBERT D & BENITA L BURNS,BURNS ROBERT D & BENITA L,,,808,,W,AVENUE H7,,808 W AVENUE H7 ,,LANCASTER,CA,93534,1524,808,,W,AVENUE H7,,,LANCASTER,CA,93534,,"$42,448","$127,131",,"$169,579",,N,74%,,,LRRA6000*,100,RESID. SINGLE FAMILY,5438,TRACT # 21112 LOT 22,2017,0.137,"5,998",,2016,12389.71,,1/21/20,2020-02-09
31,6037,LAX,3241-010-002,MICHAEL A & TINA M BOMBERGER,BOMBERGER MICHAEL A & TINA M,,,43806,,,BAY TRAIL,,43806  BAY TRAIL ,,LAKE HUGHES,CA,93532,1167,,,,PO BOX 215,,,LAKE HUGHES,CA,93532,,"$21,052","$63,389",,"$84,441",,N,75%,,,LCR17500*,100,RESID. SINGLE FAMILY,1858,TRACT # 8546 LOT 2,2017,0.093,"4,053",,2016,6546.36,,1/21/20,2020-02-09
36,6037,LAX,3271-008-037,ROUZANNA E PALADIN,PALADIN ROUZANNA E,,,29716,,,JACKSON,ST,29716  JACKSON ST,,VAL VERDE,CA,91384,2423,,,,PO BOX 10222,,,MARINA DEL REY,CA,90295,,"$44,152","$176,623",,"$220,775",,N,80%,,,LCR1*,100,RESID. SINGLE FAMILY,8995,TRACT # 8600 LOT 229,2017,0.197,"8,600",,2016,10108.41,,1/21/20,2020-02-09
38,6037,LAX,4053-025-029,NAEL DIAB,DIAB NAEL,,,3501,,W,135TH,ST,3501 W 135TH ST,,HAWTHORNE,CA,90250,6336,3501,,W,135TH,ST,,HAWTHORNE,CA,90250,,"$92,439","$72,104",,"$164,543",,N,43%,,,LCR2YY,100,RESID. SINGLE FAMILY,4295,TRACT # 12256 LOT 184,2017,0.128,"5,600",,2016,10330.13,,1/21/20,2020-02-09
40,6037,LAX,4185-014-004,ROBERT L & ANNA E ALLEE,ALLEE ROBERT L AND ANNA E TRS,ROBERT AND ANNA ALLEE TRUST,,1219,,,OWOSSO,AVE,1219  OWOSSO AVE,,HERMOSA BEACH,CA,90254,4045,,,,PO BOX 50458,,,RENO,NV,89513,,"$163,006","$47,431",,"$210,437",,N,22%,,,HBR1YY,100,RESID. SINGLE FAMILY,4340,BYERLY TRACT LOT 4,2017,0.114,"4,993",,2016,7780.63,,1/21/20,2020-02-09
41,6037,LAX,4186-021-013,ROBERT L & ANNA E ALLEE,ALLEE ROBERT L AND ANNA E TRS,ROBERT AND ANNA ALLEE TRUST,,302,,,HOPKINS,AVE,302  HOPKINS AVE,,HERMOSA BEACH,CA,90254,4803,,,,PO BOX 50458,,,RENO,NV,89513,,"$46,345","$14,033",,"$60,378",,N,23%,,,HBR1YY,100,RESID. SINGLE FAMILY,4340,MISSION TRACT SE 45.5 FT EX OF ST OF LOT 53 AND SE 45.5 FT OF LOTS 55 AND LOT 57,2017,0.071,"3,125",,2016,3110.02,,1/21/20,2020-02-09
42,6037,LAX,4186-025-046,ROBERT L & ANNA E ALLEE,ALLEE ROBERT L AND ANNA E TRS,ROBERT AND ANNA ALLEE TRUST,,1002,,,3RD,ST,1002  3RD ST,,HERMOSA BEACH,CA,90254,5343,,,,PO BOX 50458,,,RENO,NV,89513,,"$38,875","$36,237",,"$75,112","$7,000",Y,48%,,,HBR1YY,100,RESID. SINGLE FAMILY,4340,MISSION TRACT LOT 54,2017,0.051,"2,258",,2016,3454.65,,1/21/20,2020-02-09
48,6037,LAX,4384-002-018,REAL ESTATE 26 INVESTMENTS LLC,REAL ESTATE 26 INVESTMENTS LLC,,,2666,,,HUTTON,DR,2666  HUTTON DR,,LOS ANGELES,CA,90210,1214,,,,PO BOX 547098,,,MIAMI BEACH,FL,33154,,"$5,383,816","$2,748,252",,"$8,132,068",,N,33%,,,LARE40,101,RESID. SINGLE FAMILY,67,LOT COM S 22 30' W 175 FT FROM MOST S COR OF LOT 53 TR # 13948 TH S 79 30' E 200 FT TH N 53 E 45 FT TH S 10 30' W 129.11 FT TH N 89 33' W 209.2 FT TH N 134.59 FT TO BEG PART OF LOT 4 IN SEC 2 T 1S R 15W,2017,0.584,"25,451",,2016,393203.17,,1/21/20,2020-02-09
50,6037,LAX,4410-006-017,WOLF V FALKENBURG,FALKENBURG WOLF V,WOLFGANG V FALKENBERG TRUST,,78,,,OCEAN,WAY,78  OCEAN WAY,,LOS ANGELES,CA,90402,1208,222,,,LAKEVIEW AVE STE 160,,PMB287,WEST PALM BEACH,FL,33401,,"$399,715","$308,048",,"$707,763",,N,43%,,,LAR1,101,RESID. SINGLE FAMILY,67,TRACT NO 1719 LOT 50,2017,0.185,"8,093",,2016,30904.79,,1/21/20,2020-02-09
63,6037,LAX,5103-004-008,EDDIE L BROWN,BROWN EDDIE L,,,677,,E,52ND,PL,677 E 52ND PL,,LOS ANGELES,CA,90011,4607,,,,PO BOX 54241,,,LOS ANGELES,CA,90054,,"$71,021","$43,908",,"$114,929","$7,000",Y,38%,,,LAR2,100,RESID. SINGLE FAMILY,7,TIFAL BROS 52ND PLACE TRACT LOT 51,2017,0.106,"4,626",,2016,8003.04,,1/21/20,2020-02-09
72,6037,LAX,5433-007-016,AIDA BOCCANERA,BOCCANERA AIDA,AIDA BOCCANERA TRUST,,1948,,,MONON,ST,1948  MONON ST,,LOS ANGELES,CA,90027,3202,1948,,,MONON,ST,,LOS ANGELES,CA,90027,,"$52,282","$52,717",,"$104,999","$7,000",Y,50%,,,LAR1,100,RESID. SINGLE FAMILY,13,TRACT NO 5832 LOT 167,2017,0.157,"6,847",,2016,5423.75,,1/21/20,2020-02-09
79,6037,LAX,5576-019-040,VEDANTA SOCIETY OF SOUTHERN CALIFORNIA,VEDANTA SOCIETY OF SOUTHERN CALIFORNIA,,WELLS FARGO BANK TR,2017,,,VINE,ST,2017  VINE ST,,LOS ANGELES,CA,90068,3914,4553,,,GLENCOE,AVE,#305,MARINA DEL REY,CA,90292,,"$55,134","$77,121",,"$132,255",,N,58%,,,LAR2,100,RESID. SINGLE FAMILY,13,HOLLYWOOD PARK PLACE LOT 155 AND N 20 FTMEASURED ON E AND W LINES OF LOT 156,2017,0.241,"10,510",,2016,7812.35,,1/21/20,2020-02-09
80,6037,LAX,5576-019-041,VEDANTA SOCIETY OF SOUTHERN CALIFORNIA,VEDANTA SOCIETY OF SOUTHERN CALIFORNIA,,WELLS FARGO BANK,2011,,,VINE,ST,2011  VINE ST,,LOS ANGELES,CA,90068,3914,4553,,,GLENCOE,AVE,#305,MARINA DEL REY,CA,90292,,"$55,134","$42,828",,"$97,962","$35,240",N,43%,,,LAR2,100,RESID. SINGLE FAMILY,13,HOLLYWOOD PARK PLACE S 30 FT MEASURED ON E AND W LINES OF LOT 156 AND N 40 FT MEASURED ON E AND W LINES OF LOT 157,2017,0.24,"10,469",,2016,5510.15,,1/21/20,2020-02-09
100,6037,LAX,6075-014-010,MADELYN PARKS,PARKS MADELYN,PARKS FAMILY WEALTH TRUST,,618,,W,112TH,ST,618 W 112TH ST,,LOS ANGELES,CA,90044,4206,618,,W,112TH,ST,,LOS ANGELES,CA,90044,,"$30,183","$32,082",,"$62,265","$7,000",Y,51%,,,LAR1,100,RESID. SINGLE FAMILY,212,TRACT # 2273 LOT 338,2017,0.122,"5,318",,2016,3476.39,,1/21/20,2020-02-09
106,6037,LAX,6143-005-020,DORIAN MURRAY,MURRAY DORIAN,ALBERT J MURRAY TRUST,,1801,,W,ARBUTUS,ST,1801 W ARBUTUS ST,,COMPTON,CA,90220,1448,717,,S,CALIFORNIA,AVE,,MONROVIA,CA,91016,,"$156,060","$156,060",,"$312,120",,N,50%,,,CORL*,100,RESID. SINGLE FAMILY,2800,TRACT NO 16966 LOT 57,2017,0.117,"5,117",,2016,23101.07,,1/21/20,2020-02-09
116,6037,LAX,6265-005-020,UNITED PENTECOSTAL CHURCH,UNITED PENTECOSTAL CHURCH,,,8329,,,CENTURY,BLVD,8329  CENTURY BLVD,,PARAMOUNT,CA,90723,2325,,,,PO BOX 4033,,,DOWNEY,CA,90241,,"$25,021","$18,211",,"$43,232",,N,42%,,,PAR1YY,100,RESID. SINGLE FAMILY,7290,TRACT # 15621 LOT 192,2017,0.126,"5,524",,2016,712,,1/21/20,2020-02-09
117,6037,LAX,6268-028-001,MICHEAL L RYBOLT,RYBOLT MICHEAL L,MICHEAL L RYBOLT TRUST,,15107,,,BELLOTA,AVE,15107  BELLOTA AVE,,PARAMOUNT,CA,90723,4604,1200,,,CANOE BROOK,DR,#19I,SEAL BEACH,CA,90740,,"$232,715","$126,053",,"$358,768",,N,35%,,,PAR1YY,100,RESID. SINGLE FAMILY,7294,TRACT # 2496 LOT 1 BLK 5,2017,0.131,"5,719",,2016,21276.44,,1/21/20,2020-02-09
121,6037,LAX,6325-034-018,DONALD L HALTOM,HALTOM DONALD L,DONALD L HALTOM TRUST,,7016,,,CORONA,AVE,7016  CORONA AVE,,BELL,CA,90201,3428,,,,PO BOX 2493,,,BELL,CA,90202,,"$64,800","$84,021",,"$148,821","$7,000",Y,56%,,,BLR3YY,100,RESID. SINGLE FAMILY,516,TRACT NO 9175 W 106.4 FT OF LOT 1,2017,0.108,"4,728",,2016,8590.07,,1/21/20,2020-02-09
122,6037,LAX,6346-026-002,C GEORGE PEALE,PEALE C GEORGE,C GEORGE PEALE TRUST,,133,,N,6TH,ST,133 N 6TH ST,,MONTEBELLO,CA,90640,5257,13832,,,BRENAN,WAY,,SANTA ANA,CA,92705,,"$22,828","$9,645",,"$32,473",,N,29%,,,MNR2YY,100,RESID. SINGLE FAMILY,6330,TRACT NO 2808 LOT 9,2017,0.11,"4,799",,2016,1640.41,,1/21/20,2020-02-09
147,6037,LAX,8358-026-011,CSWF CONSTRUCTION INC,CSWF CONSTRUCTION INC,,,1470,,,ARROYO,AVE,1470  ARROYO AVE,,POMONA,CA,91768,2204,17360,,,COLIMA,RD,#156,ROWLAND HEIGHTS,CA,91748,,"$229,500","$102,000",,"$331,500",,N,30%,,,POR106,100,RESID. SINGLE FAMILY,7790,J E PACKARD'S ORANGE GROVE TRACT LOT ON SE LINE OF ARROYO AVE COM NE THEREON 213 FT FROM NE LINE OF DUDLEY ST TH NE ON SD SE LINE 87 FT WITH A UNIFORM DEPTHOF 150 FT SE PARALLEL WITH NE LINE OF SD ST PART OF LOT 28,2017,0.319,"13,924",,2016,14637.36,,1/21/20,2020-02-09
2,6037,LAX,2182-004-009,CATALYST VENTURES 1 LLC,CATALYST VENTURES 1 LLC,,,17807,,,VALLEY VISTA,BLVD,17807  VALLEY VISTA BLVD,,LOS ANGELES,CA,91316,3714,17807,,,VALLEY VISTA,BLVD,,ENCINO,CA,91316,,"$755,616","$410,404",,"$1,166,020",,N,35%,,,LARE9,100,RESID. SINGLE FAMILY,37,TRACT # 15207 LOT 9,2018,0.192,"8,399",,2017,17167.04,,1/21/20,2020-02-09
3,6037,LAX,2269-024-006,STEVE & MARY ANN WANCHSNER,WANCHSNER STEVE AND MARY ANN TRS,WACHSNER FAMILY TRUST,,13732,,,LA MAIDA,ST,13732  LA MAIDA ST,,LOS ANGELES,CA,91423,2421,13732,,,LA MAIDA,ST,,SHERMAN OAKS,CA,91423,,"$37,991","$49,200",,"$87,191","$7,000",Y,56%,,,LAR1,100,RESID. SINGLE FAMILY,13,TRACT NO 13454 LOT 81,2018,0.186,"8,117",,2017,2190.25,,1/21/20,2020-02-09
8,6037,LAX,2511-009-016,PROFESSOR INVESTMENTS LLC,PROFESSOR INVESTMENTS LLC,,,13243,,,RAVEN,ST,13243  RAVEN ST,,LOS ANGELES,CA,91342,2429,345,,W,ELK,AVE,#9,GLENDALE,CA,91204,,"$190,332",,,"$190,332",,N,0%,,,LARA,100,RESID. SINGLE FAMILY,16,TRACT # 9596 NE 20 FT OF LOT 74 AND ALL OF LOT 73,2018,0.205,"8,957",,2017,6013.17,,1/21/20,2020-02-09
9,6037,LAX,2532-005-004,ROBERT ACUAN,ACUAN ROBERT,ROBERT ACUNA TRUST,,12507,,,VAN NUYS,BLVD,12507  VAN NUYS BLVD,,LOS ANGELES,CA,91331,1355,,,,PO BOX 583,,,SAN FERNANDO,CA,91340,,"$8,190","$24,705",,"$32,895","$7,000",Y,75%,,,LAA2,100,RESID. SINGLE FAMILY,8856,PORTION OF BLOCK 106 THE MACLAY RANCHO EX MISSION OF SAN FERNANDO LOT 4,2018,0.178,"7,786",,2017,1627.19,,1/21/20,2020-02-09
10,6037,LAX,2551-032-008,JOSEPH J ARMENDARIZ,ARMENDARIZ JOSEPH J,,,10902,,,MATHER,AVE,10902  MATHER AVE,,LOS ANGELES,CA,91040,2120,10902,,,MATHER,AVE,,SUNLAND,CA,91040,,"$89,020","$85,234",,"$174,254",,N,48%,,,LAR1,101,RESID. SINGLE FAMILY,13,TRACT NO 14942 LOT 46,2018,0.188,"8,196",,2017,1553.37,,1/21/20,2020-02-09
12,6037,LAX,2610-008-009,SHIRLEY J GREEN,GREEN SHIRLEY J,GREEN TRUST,,16915,,,BIRCHER,ST,16915  BIRCHER ST,,LOS ANGELES,CA,91344,2716,16915,,,BIRCHER,ST,,GRANADA HILLS,CA,91344,,"$43,050","$72,712",,"$115,762","$7,000",Y,62%,,,LARS,100,RESID. SINGLE FAMILY,16,TRACT # 21264 LOT 93,2018,0.225,"9,804",,2017,4038.65,,1/21/20,2020-02-09
13,6037,LAX,2676-010-034,GRK PROPERTY LLC,GRK PROPERTY LLC,,,16433,,,GLEDHILL,ST,16433  GLEDHILL ST,,LOS ANGELES,CA,91343,2806,16433,,,GLEDHILL,ST,,NORTH HILLS,CA,91343,,"$364,140","$171,666",,"$535,806",,N,32%,,,LARS,100,RESID. SINGLE FAMILY,16,TRACT # 21180 EX OF ST LOT 61,2018,0.147,"6,420",,2017,26972.87,,1/21/20,2020-02-09
21,6037,LAX,3032-008-016,JOSEPH J MEROLA,MEROLA JOSEPH J,WORTHINGTON DONALD F,JOHN P DELESIO,26116,,E,AVENUE U12,,26116 E AVENUE U12 ,,LLANO,CA,93544,1507,,,,PO BOX 183,,,LLANO,CA,93544,,"$8,254","$6,185",,"$14,439","$7,000",Y,42%,,,LCA12*,100,RESID. SINGLE FAMILY,16784,W 1/2 OF SW 1/4 OF NE 1/4 OF SE 1/4 OF SEC 13 T 5N R 8W,2018,5.044,"219,720",,2017,709.43,,1/21/20,2020-02-09
26,6037,LAX,3121-037-042,CLIFFORD H BREWER,BREWER CLIFFORD H JR,,,44823,,,16TH ST W,,44823  16TH ST W ,,LANCASTER,CA,93534,2132,,,,PO BOX 2763,,,LANCASTER,CA,93539,,"$13,154","$48,767",,"$61,921","$7,000",Y,78%,,,LRRA7000*,100,RESID. SINGLE FAMILY,10226,TRACT NO 29215 LOT 41,2018,0.173,"7,543",,2017,2878.23,,1/21/20,2020-02-09
27,6037,LAX,3134-002-019,DAVE H GABRIEL,GABRIEL DAVE H,,,45134,,,DATE,AVE,45134  DATE AVE,,LANCASTER,CA,93534,2406,,,,PO BOX 11888,,,MARINA DEL REY,CA,90295,,"$38,075","$9,133",,"$47,208",,N,19%,,,LRR2*,100,RESID. SINGLE FAMILY,5835,LANCASTER N 59 FT OF S 354 FT OF W 150 FT KNOWN AS LOT 21 OF LOT BLK 26,2018,0.203,"8,849",,2017,972.79,,1/21/20,2020-02-09
32,6037,LAX,3242-008-008,YOUCEF KOHLI,KOHLI YOUCEF,,,18052,,,NEWVIEW,RD,18052  NEWVIEW RD,,LAKE HUGHES,CA,93532,1022,6637,,,TYRONE,AVE,,VAN NUYS,CA,91405,,"$45,000","$133,300",,"$178,300",,N,74%,,,LCR17500*,100,RESID. SINGLE FAMILY,4500,TRACT # 14758 LOT 16,2018,0.148,"6,486",,2017,972.12,,1/21/20,2020-02-09
37,6037,LAX,3272-020-012,LESLIE KLEIN MURPHY,KLEIN MURPHY LESLIE,,,28278,,,SAN MARTINEZ GRANDE CANY,RD,28278  SAN MARTINEZ GRANDE CANY RD,,CASTAIC,CA,91384,2310,28278,,,SAN MARTINEZ GRANDE CANY,RD,,CASTAIC,CA,91384,,"$87,910","$65,932",,"$153,842","$7,000",Y,42%,,,LCA22*,108,RESID. SINGLE FAMILY,2627,LOT COM AT NW COR OF SW 1/4 OF NW 1/4 OF SEC 17 T 4N R 17W TH E 392.02 FT TH S 0 58'29 W 531.62 FT TH S 76 W 275 FT TH N 65 13'10 W 138.78 FT TH N 542.03 FT TO BEG PART OF SW 1/4 OF NW 1/4 OF SEC 17 T 4N R 17W,2018,5.057,"220,288",,2017,5349.6,,1/21/20,2020-02-09
43,6037,LAX,4216-005-017,CARLOS GUTIERREZ,GUTIERREZ CARLOS,GUTIERREZ DECD TRUST,,11160,,,ORVILLE,ST,11160  ORVILLE ST,,CULVER CITY,CA,90230,5381,,,,PO BOX 160851,,,MIAMI,FL,33116,,"$816,000","$129,030",,"$945,030",,N,13%,,,CCR1YY,100,RESID. SINGLE FAMILY,3170,TRACT NO 18325 LOT 32,2018,0.125,"5,484",,2017,7285.88,,1/21/20,2020-02-09
52,6037,LAX,4450-021-043,ALI SADEGHI,SADEGHI ALI CO TR,SADEGHI FAMILY TRUST,,20706,,,SEABOARD,RD,20706  SEABOARD RD,,MALIBU,CA,90265,5356,20706,,,SEABOARD,RD,,MALIBU,CA,90265,,"$674,575","$350,085",,"$1,024,660",,N,34%,,,LCRA40000*,100,RESID. SINGLE FAMILY,10854,"*LAND DESC IN DOC 0361383,040217*POR OF SE 1/4 OF NE 1/4 OF SEC 35 AND NW 1/4 OFSEC 36 T 1S R 17W",2018,0.559,"24,386",,2017,31452.42,,1/21/20,2020-02-09
61,6037,LAX,5055-003-009,KATIE RAINEY,RAINEY KATIE,ASBERY RAINEY JR DECD TRUST,,1355,,W,25TH,ST,1355 W 25TH ST,,LOS ANGELES,CA,90007,1615,1361,,W,25TH,ST,,LOS ANGELES,CA,90007,,"$22,601","$10,961",,"$33,562",,N,32%,,,LARD1.5,100,RESID. SINGLE FAMILY,48,URMSTON TRACT LOT 9 BLK 4,2018,0.135,"5,891",,2017,499.71,,1/21/20,2020-02-09
62,6037,LAX,5065-019-015,JO MCDONALD,MCDONALD JO,,,5856,,,ERNEST,AVE,5856  ERNEST AVE,,LOS ANGELES,CA,90034,2231,,,,PO BOX 34616,,,LOS ANGELES,CA,90034,,"$23,489","$22,601",,"$46,090","$7,000",Y,49%,,,LARD1.5,100,RESID. SINGLE FAMILY,67,TRACT # 6256 LOT 198,2018,0.114,"4,999",,2017,1739.77,,1/21/20,2020-02-09
68,6037,LAX,5320-022-005,WARREN H FOSTER,FOSTER WARREN H,FOSTER TRUST,,1831,,,LAUREL,ST,1831  LAUREL ST,,SOUTH PASADENA,CA,91030,4814,1831,,,LAUREL,ST,,SOUTH PASADENA,CA,91030,,"$103,926","$58,541",,"$162,467","$7,000",Y,36%,,,SPR1E*,101,RESID. SINGLE FAMILY,9030,ONEONTA PARK LOT 5 BLK H,2018,0.401,"17,501",,2017,7101.06,,1/21/20,2020-02-09
71,6037,LAX,5419-012-027,CARLOS DUENAS,DUENAS CARLOS,,,1615,,,SARGENT,PL,1615  SARGENT PL,,LOS ANGELES,CA,90026,2625,,,,PO BOX 86482,,,LOS ANGELES,CA,90086,,"$97,553","$309,801",,"$407,354","$7,000",Y,76%,,,LAR2,100,RESID. SINGLE FAMILY,13,TRACT NO 3634 LOT 48,2018,0.119,"5,190",,2017,6386.78,,1/21/20,2020-02-09
75,6037,LAX,5522-029-004,ANCHOR FUND HOLDINGS LLC,ANCHOR FUND HOLDINGS LLC,,,355,,N,WILTON,PL,355 N WILTON PL,,LOS ANGELES,CA,90004,1618,5230,,,LAS VIRGENES,RD,#105,CALABASAS,CA,91302,,"$938,400","$234,600",,"$1,173,000",,N,20%,,,LAR1,100,RESID. SINGLE FAMILY,67,TRACT # 1417 LOT 4,2018,0.156,"6,800",,2017,28676,,1/21/20,2020-02-09
76,6037,LAX,5549-008-002,GR REAL ESTATE LLC,GR REAL ESTATE LLC,,,7048,,,MACAPA,DR,7048  MACAPA DR,,LOS ANGELES,CA,90068,2002,1773,,N,CRESCENT HEIGHTS,BLVD,,LOS ANGELES,CA,90069,,"$2,340,900","$780,300",,"$3,121,200",,N,25%,,,LARE15,100,RESID. SINGLE FAMILY,67,TRACT NO 17398 LOT 16,2018,0.184,"8,025",,2017,94804.51,,1/21/20,2020-02-09
78,6037,LAX,5567-008-030,DOMUSTRINITY LLC,DOMUSTRINITY LLC,,C/O BRANDO JURIS,2190,,,BEECH KNOLL,RD,2190  BEECH KNOLL RD,,LOS ANGELES,CA,90046,1518,2190,,,BEECH KNOLL,RD,,LOS ANGELES,CA,90046,,"$1,120,635","$476,044",,"$1,596,679",,N,29%,,,LAR1,104,RESID. SINGLE FAMILY,67,TR=6840 LOT 33,2018,0.148,"6,474",,2017,21694.93,,1/21/20,2020-02-09
81,6037,LAX,5579-013-001,RICHARD J STILES,STILES RICHARD J,RICHARD J STILES TRUST,,3286,,,BLAIR,DR,3286  BLAIR DR,,LOS ANGELES,CA,90068,1447,3286,,,BLAIR,DR,,LOS ANGELES,CA,90068,,"$159,576","$118,558",,"$278,134","$7,000",Y,42%,,,LAR1,100,RESID. SINGLE FAMILY,13,TRACT NO 7354 LOT 56,2018,0.102,"4,481",,2017,6622.17,,1/21/20,2020-02-09
86,6037,LAX,5747-003-034,JOHN G WALKOWICZ,WALKOWICZ JOHN G,JOHN G WALKOWICZ TRUST,,177,,S,ALTADENA,DR,177 S ALTADENA DR,,PASADENA,CA,91107,4222,,,,PO BOX 3448,,,LA HABRA,CA,90632,,"$17,553","$28,543",,"$46,096",,N,61%,,,PSR3,100,RESID. SINGLE FAMILY,7500,HUNTINGTON DRIVE TRACT NO 1 S 60 FT OF LOT 14 BLK D,2018,0.1,"4,376",,2017,2191.37,,1/21/20,2020-02-09
87,6037,LAX,5751-009-023,JOHN G WALKOWICZ,WALKOWICZ JOHN G,JOHN G WALKOWICZ TRUST,,1177,,,DEL REY,AVE,1177  DEL REY AVE,,PASADENA,CA,91107,1812,,,,PO BOX 3448,,,LA HABRA,CA,90632,,"$107,128","$83,402",,"$190,530",,N,43%,,,PSR6,100,RESID. SINGLE FAMILY,7500,TRACT # 7446 LOT 49,2018,0.161,"7,014",,2017,5030.81,,1/21/20,2020-02-09
88,6037,LAX,5754-011-002,CHIN TAN,TAN CHIN,LACSON CELESTINA D,,3232,,,BRANDON,ST,3232  BRANDON ST,,PASADENA,CA,91107,3856,,,,PO BOX 70788,,,PASADENA,CA,91117,,"$197,316","$97,786",,"$295,102","$7,000",Y,33%,,,PSR6,100,RESID. SINGLE FAMILY,7500,TRACT # 8166 LOT 6,2018,0.161,"7,039",,2017,9174.3,,1/21/20,2020-02-09
90,6037,LAX,5857-023-028,FLOYD M WEAVER,WEAVER FLOYD M,FLOYD M WEAVER TRUST,C/O LINDA E PAQUETTE,2112,,,GRAND OAKS,AVE,2112  GRAND OAKS AVE,,ALTADENA,CA,91001,3502,847,,S,GRAND,AVE,,PASADENA,CA,91105,,"$800,700","$102,000",,"$902,700",,N,11%,,,LCR175,100,RESID. SINGLE FAMILY,7617,TRACT NO 7584 LOT 118,2018,0.233,"10,159",,2017,28389.39,,1/21/20,2020-02-09
104,6037,LAX,6140-006-007,JEFFERSON & FANNIE J HUNDLEY,HUNDLEY JEFFERSON & FANNIE J,,,913,,E,CLAUDE,ST,913 E CLAUDE ST,,CARSON,CA,90746,1012,1202,,W,127TH,PL,,COMPTON,CA,90222,,"$78,914","$118,375",,"$197,289",,N,60%,,,CARS*,100,RESID. SINGLE FAMILY,3788,TRACT # 22702 LOT 24,2018,0.117,"5,099",,2017,4091.42,,1/21/20,2020-02-09
111,6037,LAX,6154-027-023,EMMETT J LOWE,LOWE EMMETT J,,,2513,,E,129TH,ST,2513 E 129TH ST,,COMPTON,CA,90222,2209,,,,PO BOX 62656,,,LOS ANGELES,CA,90062,,"$74,203","$21,426",,"$95,629","$7,000",Y,22%,,,LCR1YY,100,RESID. SINGLE FAMILY,2935,LYNWOOD PARK TRACT LOT 45 AND W 15 FT OFLOT 46 BLK 6,2018,0.121,"5,300",,2017,4270.64,,1/21/20,2020-02-09
126,6037,LAX,7186-006-005,ELIZABETH F GIVEEN,GIVEEN ELIZABETH F,ELIZABETH F GIVEEN TRUST,,6218,,E,CONANT,ST,6218 E CONANT ST,,LONG BEACH,CA,90808,2828,6218,,E,CONANT,ST,,LONG BEACH,CA,90808,,"$35,570","$30,079",,"$65,649","$7,000",Y,45%,,,LBR1N,100,RESID. SINGLE FAMILY,5517,TRACT NO 14261 LOT 85,2018,0.118,"5,153",,2017,2552.91,,1/21/20,2020-02-09
127,6037,LAX,7238-028-046,ALLEN K DAVIS,DAVIS ALLEN K,,,1402,,,STEVELY,AVE,1402  STEVELY AVE,,LONG BEACH,CA,90815,4924,1716,,,CLARK,AVE,#3,LONG BEACH,CA,90815,,"$190,133","$53,724",,"$243,857",,N,22%,,,LBR1N,100,RESID. SINGLE FAMILY,5516,TRACT NO 19781 EX T/L EASE LOT 40,2018,0.132,"5,780",,2017,8298.71,,1/21/20,2020-02-09
128,6037,LAX,7242-032-037,SHERRY LIOU,LIOU SHERRY,SHERRY LIOU TRUST,,5644,,,SPINNAKER BAY,DR,5644  SPINNAKER BAY DR,,LONG BEACH,CA,90803,6806,5644,,,SPINNAKER BAY,DR,,LONG BEACH,CA,90803,,"$494,777","$272,120",,"$766,897","$7,000",Y,35%,,,LBPD1,010D,RESID. PUD,5500,TR=46267 LOT 107,2018,0.076,"3,341",,2017,17738.02,,1/21/20,2020-02-09
129,6037,LAX,7247-011-021,STUART B REED,REED STUART B,STUART B REED TRUST,,115,,,GLENDORA,AVE,115  GLENDORA AVE,,LONG BEACH,CA,90803,3445,,,,PO BOX 41036,,,LONG BEACH,CA,90853,,"$847,692","$323,715",,"$1,171,407",,N,27%,,,LBR2S,100,RESID. SINGLE FAMILY,5500,TRACT # 3750 LOT 20 BLK 31,2018,0.051,"2,250",,2017,36907.61,,1/21/20,2020-02-09
131,6037,LAX,7379-007-010,AKIYOSHI & LOUISE M OTANI,OTANI AKIYOSHI & LOUISE M,,,22722,,,CERISE,AVE,22722  CERISE AVE,,TORRANCE,CA,90505,2918,22722,,,CERISE,AVE,,TORRANCE,CA,90505,,"$111,194","$75,158",,"$186,352","$7,000",Y,40%,,,TORR-LO,100,RESID. SINGLE FAMILY,9340,TRACT # 18657 LOT 170,2018,0.137,"6,000",,2017,3176.93,,1/21/20,2020-02-09
136,6037,LAX,8023-002-010,ROBERT & SANDRA WILLIAMS,WILLIAMS ROBERT AND SANDRA TRS,WILLIAMS FAMILY TRUST,,12028,,,SUMMER,AVE,12028  SUMMER AVE,,NORWALK,CA,90650,2363,12028,,,SUMMER,AVE,,NORWALK,CA,90650,,"$24,900","$38,206",,"$63,106","$7,000",Y,60%,,,NOR105,100,RESID. SINGLE FAMILY,5295,TRACT # 16645 LOT 73,2018,0.123,"5,368",,2017,3497.7,,1/21/20,2020-02-09
138,6037,LAX,8032-004-004,H M MORGAN,MORGAN H M,H M MORGAN TRUST,,12027,,,EDDERTON,AVE,12027  EDDERTON AVE,,WHITTIER,CA,90604,3044,12027,,,EDDERTON,AVE,,WHITTIER,CA,90604,,"$164,914","$87,393",,"$252,307","$7,000",Y,34%,,,LCRA06,100,RESID. SINGLE FAMILY,6802,TRACT # 17941 LOT 215,2018,0.132,"5,771",,2017,8611.05,,1/21/20,2020-02-09
146,6037,LAX,8357-014-056,BEULAH D WEDDLE,WEDDLE BEULAH D,,,1176,,,LAUREL,AVE,1176  LAUREL AVE,,POMONA,CA,91768,2903,1176,,,LAUREL,AVE,,POMONA,CA,91768,,"$8,979","$12,714",,"$21,693","$7,000",Y,58%,,,POR2YY,100,RESID. SINGLE FAMILY,7790,CURRIER TRACT W 45 FT OF E 90 FT OF LOT 26 AND W 45 FT OF E 90 FT OF N 40 FT OF LOT 25 BLK C,2018,0.094,"4,096",,2017,910.56,,1/21/20,2020-02-09
148,6037,LAX,8381-037-027,ADDIE V MURRAY,MURRAY ADDIE V,ADDIE V MURRAY TRUST,WARREN H PLUNKETT,3705,,,DORAL,ST,3705  DORAL ST,,LA VERNE,CA,91750,3321,,,,PO BOX 62688,,,LOS ANGELES,CA,90062,,"$93,892","$262,080",,"$355,972",,N,73%,,,LVPR8A*,100,RESID. SINGLE FAMILY,5034,*TR=33912 LOT 20,2018,0.173,"7,549",,2017,11473.02,,1/21/20,2020-02-09
149,6037,LAX,8385-005-006,RANDI J RANTA,RANTA RANDI J,,,1152,,W,TUDOR,ST,1152 W TUDOR ST,,SAN DIMAS,CA,91773,3257,1152,,W,TUDOR,ST,,SAN DIMAS,CA,91773,,"$14,476","$37,113",,"$51,589","$7,000",Y,71%,,,SDR171/2,100,RESID. SINGLE FAMILY,5063,TRACT # 25446 LOT 16,2018,0.172,"7,534",,2017,1967.47,,1/21/20,2020-02-09
153,6037,LAX,8448-006-026,JAMES O & VIRGINIA L BRADISH,BRADISH JAMES O & VIRGINIA L,,,637,,S,RANCHO SIMI,DR,637 S RANCHO SIMI DR,,COVINA,CA,91724,3359,637,,S,RANCHO SIMI,DR,,COVINA,CA,91724,,"$148,286","$213,924",,"$362,210","$7,000",Y,59%,,,CVR12L,101,RESID. SINGLE FAMILY,2719,TRACT NO 27950 LOT 66,2018,0.463,"20,193",,2017,8570.55,,1/21/20,2020-02-09
163,6037,LAX,8702-012-029,FRANK D & WANDA M MELLEN,MELLEN FRANK D & WANDA M,,,23328,,,FOREST CANYON,DR,23328  FOREST CANYON DR,,DIAMOND BAR,CA,91765,3019,23328,,,FOREST CANYON,DR,,DIAMOND BAR,CA,91765,,"$57,237","$138,740",,"$195,977","$7,000",Y,70%,,,LCR18000*,100,RESID. SINGLE FAMILY,10068,*TR=25096 LOT 17,2018,0.192,"8,390",,2017,6801.75,,1/21/20,2020-02-09
1,6037,LAX,2004-021-038,RAQUEL L SEFTON,SEFTON RAQUEL L,RAQUEL L SEFTON TRUST,C/O SIDEMAN & BANCROFT,22215,,,TIOGA,PL,22215  TIOGA PL,,LOS ANGELES,CA,91304,2219,1,,,SANSOME,ST,2850,SAN FRANCISCO,CA,94104,,"$26,564","$112,785",,"$139,349",,N,80%,,,LARE11,101,RESID. SINGLE FAMILY,16,TRACT NO 20512 LOT 23,2019,0.367,"15,992",,2018,1248.68,,1/21/20,2020-02-09
7,6037,LAX,2449-027-010,B AND E PAUL FAMILY LTD PTNSHP,B AND E PAUL FAMILY LTD PTNSHP,,,513,,N,BEACHWOOD,DR,513 N BEACHWOOD DR,,BURBANK,CA,91506,1801,,,,PO BOX 1660,,,PENN VALLEY,CA,95946,,"$158,848","$100,009",,"$258,857",,N,38%,,,BUR1YY,100,RESID. SINGLE FAMILY,2530,TRACT # 9428 LOT 160,2019,0.154,"6,750",,2018,218.5,,1/21/20,2020-02-09
11,6037,LAX,2606-019-024,MELDA M HEKIMIAN,HEKIMIAN MELDA M,,,11963,,,SALEM,DR,11963  SALEM DR,,LOS ANGELES,CA,91344,2348,11963,,,SALEM,DR,,GRANADA HILLS,CA,91344,,"$462,857","$264,982",,"$727,839",,N,36%,,,LARE11,101,RESID. SINGLE FAMILY,16,TRACT # 23892 LOT 23,2019,0.258,"11,243",,2018,14472.99,,1/21/20,2020-02-09
15,6037,LAX,2830-028-028,BRANDON JACKSON,JACKSON BRANDON,,C/O EMC CAPITAL INVESTMENTS LLC,24505,,,PEACHLAND,AVE,24505  PEACHLAND AVE,,SANTA CLARITA,CA,91321,3458,24505,,,PEACHLAND,AVE,,SANTA CLARITA,CA,91321,,"$401,880","$408,000",,"$809,880",,N,50%,,,SCUR2,100,RESID. SINGLE FAMILY,223,*TR=33099 LOT 7,2019,0.446,"19,438",,2018,829.57,,1/21/20,2020-02-09
17,6037,LAX,3008-005-009,GENESIS HOUSING CORPORATION,GENESIS HOUSING CORPORATION,,C/O ANNIE LIN,38703,,,3RD ST E,,38703  3RD ST E ,,PALMDALE,CA,93550,3703,,,,PO BOX 64833,,,LOS ANGELES,CA,90064,,"$19,782","$59,241",,"$79,023",,N,74%,,,PDR1*,100,RESID. SINGLE FAMILY,15574,TRACT NO 17333 LOT 60,2019,0.148,"6,482",,2018,2342.68,,1/21/20,2020-02-09
30,6037,LAX,3215-009-001,LAWRENCE & JUDITH A RANKIN,RANKIN LAWRENCE AND JUDITH A TRS,L M AND J A RANKIN  TRUST,,13547,,,SPUNKY CANYON,RD,13547  SPUNKY CANYON RD,,SANTA CLARITA,CA,91390,1181,,,,PO BOX 803,,,PALMDALE,CA,93551,,"$26,564","$5,021",,"$31,585",,N,15%,,,LCA22*,100,RESID. SINGLE FAMILY,9585,30 ACS N 1/2 OF NW 1/4 OF SW 1/4 AND SE 1/4 OF NW 1/4 OF SW 1/4 OF SEC 21 T 6N R 14W,2019,30.034,"1,308,316",,2018,361.92,,1/21/20,2020-02-09
33,6037,LAX,3242-014-013,STEVE & CHRISTINE BRATZEL,BRATZEL STEVE & CHRISTINE,,,,,,ELLSTREE DR/VIC SYLVAN D,,  ELLSTREE DR/VIC SYLVAN D ,,LAKE HUGHES,CA,93532,,,,,PO BOX 464,,,LAKE HUGHES,CA,93532,,"$7,556","$1,342",,"$8,898",,N,15%,,,LCR17500*,109,RESID. SINGLE FAMILY,1858,TRACT # 8845 LOT 28,2019,0.114,"5,000",,2018,326.77,,1/21/20,2020-02-09
34,6037,LAX,3242-027-001,UI DUK KIM,KIM UI DUK,PARK LINDA E,,43460,,,NEWVIEW,DR,43460  NEWVIEW DR,,LAKE HUGHES,CA,93532,,3731,,,WILSHIRE,BLVD,#775,LOS ANGELES,CA,90010,,"$93,800","$93,700",,"$187,500",,N,49%,,,LCRR1-A22*,010V,VACANT,16801,40.13 ACS COM AT NW COR OF NE 1/4 OF NE 1/4 OF SEC 27 T 7N R 15W TH S TO S LINE OF SD NE 1/4 OF NE 1/4 TH S 0 23'10 W TO S LINE OF NE 1/4 OF SD SEE ASSESSOR MAPBOOK FOR MISSING PORTIONSEC 27 T 7N R 15W,2019,40.38,"1,758,956",,2018,2780.87,,1/21/20,2020-02-09
35,6037,LAX,3251-017-011,ALLEN R & MARY J FURMAN,FURMAN ALLEN R & MARY J,,,38101,,,GORMAN POST,RD,38101  GORMAN POST RD,,LEBEC,CA,93243,4070,,,,PO BOX 87,,,LEBEC,CA,93243,,"$9,928","$98,548",,"$108,476","$7,000",Y,90%,,,LCA25*,100,RESID. SINGLE FAMILY,4212,LOT COM S ON E LINE OF SEC 17 T 8N R 18W1345.71 FT FROM NE COR OF SD SEC TH S ONSD E LINE TO A PT N THEREON 1043.75 FT FROM INTERSECTION OF SD E LINE WITH NE SEE ASSESSOR MAPBOOK FOR MISSING PORTIONSEC 17 T 8N R 18W,2019,13.919,"606,317",,2018,883.47,,1/21/20,2020-02-09
39,6037,LAX,4095-032-011,MARION C & KIYONO S NEWMAN,NEWMAN MARION C AND KIYONO S TRS,NEWMAN FAMILY TRUST,,2804,,,ARTESIA,BLVD,2804  ARTESIA BLVD,,TORRANCE,CA,90504,2918,2804,,,ARTESIA,BLVD,,TORRANCE,CA,90504,,"$48,323","$25,468",,"$73,791","$7,000",Y,34%,,,TORR-LO,100,RESID. SINGLE FAMILY,9340,TRACT # 16483 LOT 11,2019,0.116,"5,076",,2018,662.84,,1/21/20,2020-02-09
44,6037,LAX,4306-022-022,TIMOTHY C MOROSCO,MOROSCO TIMOTHY C,TIMOTHY C MOROSCO TRUST,,9411,,,KIRKSIDE,RD,9411  KIRKSIDE RD,,LOS ANGELES,CA,90035,4128,,,,PO BOX 1385,,,BIG BEAR LAKE,CA,92315,,"$141,573","$212,377",,"$353,950",,N,60%,,,LAR1,100,RESID. SINGLE FAMILY,67,TRACT # 11398 LOT 47,2019,0.143,"6,250",,2018,4488.74,,1/21/20,2020-02-09
45,6037,LAX,4312-025-021,HOUSE CAROLINE,CAROLINE HOUSE,,,3434,,,CAROLINE,AVE,3434  CAROLINE AVE,,CULVER CITY,CA,90232,7426,5901,,,GREEN VALLEY,CIR,#170,CULVER CITY,CA,90230,,"$194,746","$383,006",,"$577,752","$577,752",N,66%,,,CCR4*,100,RESID. SINGLE FAMILY,3170,TR=3877 LOT 65,2019,0.142,"6,214",,2018,1502.79,,1/21/20,2020-02-09
46,6037,LAX,4316-029-005,EDWARD & RITA BLAU,BLAU EDWARD & RITA,,,3156,,,CLUB,DR,3156  CLUB DR,,LOS ANGELES,CA,90064,4647,11620,,,WILSHIRE,BLVD,#580,LOS ANGELES,CA,90025,,"$85,687","$49,675",,"$135,362","$7,000",Y,36%,,,LAR1,100,RESID. SINGLE FAMILY,67,TRACT # 7194 LOT 5,2019,0.234,"10,214",,2018,1189.05,,1/21/20,2020-02-09
47,6037,LAX,4344-004-027,JEFFREY WHALEN,WHALEN JEFFREY,611 N REXFORD DR TRUST,,611,,N,REXFORD,DR,611 N REXFORD DR,,BEVERLY HILLS,CA,90210,3311,611,,N,REXFORD,DR,,BEVERLY HILLS,CA,90210,,"$4,892,000","$1,223,000",,"$6,115,000",,N,20%,,,BHR1*,101,RESID. SINGLE FAMILY,2410,BEVERLY HILLS LOT 27 BLK 56,2019,0.303,"13,231",,2018,16292.28,,1/21/20,2020-02-09
49,6037,LAX,4392-007-015,PIVAN ENTERPRISES S A,PIVAN ENTERPRISES S A,,"INDUSTRY CONSULTING GROUP, INC",1350,,,BOBOLINK,PL,1350  BOBOLINK PL,,LOS ANGELES,CA,90069,1716,,,,PO BOX 810490,,,DALLAS,TX,75381,,"$663,559","$357,293",,"$1,020,852",,N,34%,,,LARE11,101,RESID. SINGLE FAMILY,67,"TRACT # 6415 LOT COM W ON S LINE OF LOT 2,24.76 FT FROM SE COR OF SD LOT TH N 0 44'30 E 84 FT TH S 89 15'30 E 6.84FT TH N 0 44'30 E 56 FT TH W ON N LINE SEE ASSESSOR MAPBOOK FOR MISSING PORTIONLOT 2",2019,0.186,"8,136",,2018,15216.72,,1/21/20,2020-02-09
51,6037,LAX,4411-019-002,RLD PACIFIC PALISADES LLC,RLD PACIFIC PALISADES LLC,,,351,,,ALMA REAL,DR,351  ALMA REAL DR,,LOS ANGELES,CA,90272,4416,351,,,ALMA REAL,DR,,PACIFIC PALISADES,CA,90272,,"$5,000,000","$2,000,000",,"$7,000,000",,N,28%,,,LARE15,101,RESID. SINGLE FAMILY,67,TRACT # 9377 LOT 24 BLK 1,2019,0.342,"14,927",,2018,19785.57,,1/21/20,2020-02-09
53,6037,LAX,4460-032-001,BLEU HEAVEN LLC,BLEU HEAVEN LLC,,,27740,,,PACIFIC COAST,HWY,27740  PACIFIC COAST HWY,,MALIBU,CA,90265,4341,4599,,,DISTRICT,BLVD,,VERNON,CA,90058,,"$20,974,226","$11,165,267",,"$32,139,493",,N,34%,,,LCR120000*,101,RESID. SINGLE FAMILY,10853,TRACT NO 12935 LOT 9 BLK 2,2019,4.361,"189,999",,2018,20029.02,,1/21/20,2020-02-09
55,6037,LAX,4469-006-015,ASHER & MANIJ TABAN,TABAN ASHER AND MANIJ TRS,ASHER AND MANIJ TABAN TRUST,,5396,,,HORIZON,DR,5396  HORIZON DR,,MALIBU,CA,90265,3738,18350,,,ROSCOE,BLVD,#304,NORTHRIDGE,CA,91325,,"$1,805,154",$102,,"$1,805,256",,N,0%,,,LCRA1*,101,RESID. SINGLE FAMILY,10853,RECORD OF SURVEY AS PER BK 71 PG 28-29 OF R S LOT COM AT MOST S COR OF LOT 18 TH NW ON SW LINE OF SD LOT 253.02 FT TH N 24 31'16 E 30 FT TH S 83 58'57 E SEE ASSESSOR MAPBOOK FOR MISSING PORTIONTO BEG PART OF LOT 18,2019,1.28,"55,782",,2018,11794.16,,1/21/20,2020-02-09
56,6037,LAX,4472-010-035,MELVIN EDDY,EDDY MELVIN CO TR,ALESANDRINI/EDDY TRUST,,1532,,,DECKER CANYON,RD,1532  DECKER CANYON RD,,MALIBU,CA,90265,2420,1532,,,DECKER CANYON,RD,,MALIBU,CA,90265,,"$421,604",$102,,"$421,706","$7,000",Y,0%,,,LCA11*,100,RESID. SINGLE FAMILY,8632,SEE ASSESSOR'S MAPS POR OF NE 1/4 OF SW 1/4 OF SEC 16 T 1S R 19W,2019,1.721,"74,988",,2018,7178.75,,1/21/20,2020-02-09
58,6037,LAX,5041-030-029,CAROL SAMPSON,SAMPSON CAROL,,,1331,,,EXPOSITION,BLVD,1331  EXPOSITION BLVD,,LOS ANGELES,CA,90018,4530,1331,,,EXPOSITION,BLVD,,LOS ANGELES,CA,90018,,"$25,258","$18,490",,"$43,748",,N,42%,,,LAR4,100,RESID. SINGLE FAMILY,210,DODGE TRACT S 46.3 FT OF N 167.8 FT OF LOT 6 BLK 4,2019,0.051,"2,236",,2018,3941.61,,1/21/20,2020-02-09
60,6037,LAX,5045-004-013,"MONROE LLOYD CNSRV MONROE,CORA J CNSEE EST OF","MONROE LLOYD CNSRV MONROE,CORA J CNSEE EST OF",,,3836,,S,MUIRFIELD,RD,3836 S MUIRFIELD RD,,LOS ANGELES,CA,90008,1711,,,,PO BOX 8772,,,LOS ANGELES,CA,90008,,"$124,469","$65,592",,"$190,061",,N,34%,,,LAR1,100,RESID. SINGLE FAMILY,67,TRACT # 12530 LOT 192,2019,0.146,"6,369",,2018,3000.77,,1/21/20,2020-02-09
64,6037,LAX,5114-004-002,"RAINEY BARBARA A ADM NELSON,LILLIAN DECD EST OF","RAINEY BARBARA A ADM NELSON,LILLIAN DECD EST OF",,,3816,,,PALOMA,ST,3816  PALOMA ST,,LOS ANGELES,CA,90011,2830,,,,PO BOX 361254,,,LOS ANGELES,CA,90036,,"$12,941","$14,476",,"$27,417",,N,52%,,,LARD2,100,RESID. SINGLE FAMILY,4,TRACT NO 1027 LOT 23,2019,0.1,"4,396",,2018,344.14,,1/21/20,2020-02-09
65,6037,LAX,5269-011-070,RICHARD B GURROLA,GURROLA RICHARD B ET AL,GURROLA ROBERT A,C/O JIM SCHNIEDERS TRUSTEE,600,,N,5TH,ST,600 N 5TH ST,,MONTEBELLO,CA,90640,3504,2708,,,FOOTHILL,BLVD,#242,LA CRESCENTA,CA,91214,,"$294,433","$361,018",,"$655,451",,N,55%,,,MNR1*,100,RESID. SINGLE FAMILY,6330,PARCEL MAP AS PER BK 19 PG 98 OF P M LOT 2,2019,0.194,"8,480",,2018,19599.96,,1/21/20,2020-02-09
66,6037,LAX,5304-011-018,SHIRLEY R RAY,RAY SHIRLEY R,,,1216,,,MONTECITO,DR,1216  MONTECITO DR,,LOS ANGELES,CA,90031,1639,,,,PO BOX 48526,,,LOS ANGELES,CA,90048,,"$142,576","$140,520",,"$283,096","$7,000",Y,49%,,,LAR1,100,RESID. SINGLE FAMILY,4,TRACT NO 23O4 LOT 1432,2019,0.156,"6,834",,2018,4205.15,,1/21/20,2020-02-09
67,6037,LAX,5310-004-055,JEROME E GLOVER,GLOVER JEROME E,,,443,,,LA TERRAZA,ST,443  LA TERRAZA ST,,SOUTH PASADENA,CA,91030,4142,443,,,LA TERRAZA,ST,,SOUTH PASADENA,CA,91030,,"$70,651","$103,836",,"$174,487","$7,000",Y,59%,,,SPR1*,100,RESID. SINGLE FAMILY,9032,TRACT NO 25588 LOT 398,2019,0.387,"16,868",,2018,56.4,,1/21/20,2020-02-09
69,6037,LAX,5320-031-017,SAMUEL J & SHARSON S MUIR,MUIR SAMUEL J AND SHARSON S TRS,SAMUEL AND SHARSON MUIR TRUST,,1722,,,MILAN,AVE,1722  MILAN AVE,,SOUTH PASADENA,CA,91030,4825,1722,,,MILAN,AVE,,SOUTH PASADENA,CA,91030,,"$606,969","$701,868",,"$1,308,837","$7,000",Y,53%,,,SPR1E*,101,RESID. SINGLE FAMILY,9030,ONEONTA PARK N 75 FT OF S 330.2 FT OF LOT 5 BLK J,2019,0.557,"24,300",,2018,9684.05,,1/21/20,2020-02-09
70,6037,LAX,5376-036-049,GENE & WENDY H CHEN,CHEN GENE & WENDY H,CHEN MICHAEL,,6835,,N,VISTA,ST,6835 N VISTA ST,,SAN GABRIEL,CA,91775,1131,6835,,,VISTA,ST,,SAN GABRIEL,CA,91775,,"$519,130","$129,774",,"$648,904","$7,000",Y,19%,,,LCR1YY,100,RESID. SINGLE FAMILY,8501,TR=21006 LOT 9,2019,0.302,"13,196",,2018,478.2,,1/21/20,2020-02-09
73,6037,LAX,5434-036-015,ERIC & JOANNE M BALLARD,BALLARD ERIC & JOANNE M,,,2961,,,ANGUS,ST,2961  ANGUS ST,,LOS ANGELES,CA,90039,2632,2961,,,ANGUS,ST,,LOS ANGELES,CA,90039,,"$882,042","$220,505",,"$1,102,547",,N,19%,,,LAR1,100,RESID. SINGLE FAMILY,13,TRACT # 15561 LOT 1,2019,0.24,"10,460",,2018,8086.45,,1/21/20,2020-02-09
74,6037,LAX,5452-016-020,AMR INC,AMR INC,,,647,,,ISABEL,ST,647  ISABEL ST,,LOS ANGELES,CA,90065,1633,647,,,ISABEL,ST,,LOS ANGELES,CA,90065,,"$400,000","$63,000",,"$463,000",,N,13%,,,LAR1,100,RESID. SINGLE FAMILY,4,TRACT # 619 LOT 20,2019,0.117,"5,106",,2018,446.25,,1/21/20,2020-02-09
77,6037,LAX,5559-010-007,JOYCE N SILVERSTEIN,SILVERSTEIN JOYCE N,,,1355,,,LONDONDERRY,PL,1355  LONDONDERRY PL,,LOS ANGELES,CA,90069,1352,,,,PO BOX 69A63,,,WEST HOLLYWOOD,CA,90069,,"$391,785","$158,684",,"$550,469","$7,000",Y,28%,,,LAR1,100,RESID. SINGLE FAMILY,67,TRACT NO 1236O LOT 14,2019,0.155,"6,785",,2018,8179.21,,1/21/20,2020-02-09
82,6037,LAX,5622-020-017,NICK & LENA BERBERIAN,BERBERIAN NICK & LENA,,,1349,,,JUSTIN,AVE,1349  JUSTIN AVE,,GLENDALE,CA,91201,1403,,,,PO BOX 3565,,,SOUTH EL MONTE,CA,91733,,"$562,656","$221,074",,"$783,730","$7,000",Y,28%,,,GLR1YY,100,RESID. SINGLE FAMILY,4045,TRACT NO 4244 LOT 29,2019,0.192,"8,371",,2018,10364.56,,1/21/20,2020-02-09
83,6037,LAX,5672-022-014,HARGAN INV INC,HARGAN INV INC,,,2250,,E,GLENOAKS,BLVD,2250 E GLENOAKS BLVD,,GLENDALE,CA,91206,3021,3255,,,POMONA,BLVD,,POMONA,CA,91768,,"$477,127","$199,054",,"$676,181",,N,29%,,,GLR1YY,100,RESID. SINGLE FAMILY,4045,TRACT # 6324 SE 1/2 MEASURED ON NE AND SW LINES OF LOT 67,2019,0.197,"8,585",,2018,9012.46,,1/21/20,2020-02-09
84,6037,LAX,5708-022-006,123 SAN RAFAEL LLC,123 SAN RAFAEL LLC,,,1240,,,CHATEAU,RD,1240  CHATEAU RD,,PASADENA,CA,91105,1208,65,,N,RAYMOND,AVE,#220,PASADENA,CA,91103,,"$1,872,720","$468,180",,"$2,340,900",,N,20%,,,PSR2,101,RESID. SINGLE FAMILY,7500,TRACT # 21252 LOT COM AT NW COR OF LOT 14 TH S AND FOLLOWING BDRY LINE OF SD LOT TO NE COR OF SD LOT TH S 73 02' 46 W TO A PT N 77 41'50 E FROM BEG S 77 41'50 W TO BEG PART OF LOT 14,2019,0.558,"24,330",,2018,414.44,,1/21/20,2020-02-09
85,6037,LAX,5728-016-034,ROBERTA J GREEN,GREEN ROBERTA J,,,1406,,,SUNSET,AVE,1406  SUNSET AVE,,PASADENA,CA,91103,2147,,,,PO BOX 91151,,,PASADENA,CA,91102,,"$17,507","$36,310",,"$53,817","$7,000",Y,67%,,,PSR1,100,RESID. SINGLE FAMILY,7500,"*LAND DESC IN DOC 0003411, 76-1-22 *TR=A J PAINTER'S SUB*POR OF LOTS 81 AND LOT 82 BLK A",2019,0.114,"4,998",,2018,557.09,,1/21/20,2020-02-09
91,6037,LAX,6026-007-005,PABLO G & INES HERNANDEZ,HERNANDEZ PABLO G & INES,BARBOZA ISMAEL R,,7923,,,LOU DILLON,AVE,7923  LOU DILLON AVE,,LOS ANGELES,CA,90001,3528,7923,,,LOU DILLON,AVE,,LOS ANGELES,CA,90001,,"$133,643","$45,060",,"$178,703","$7,000",Y,25%,,,LCR2*,100,RESID. SINGLE FAMILY,11983,NADEAU PARK VILLA TRACT LOTS 13 AND LOT 14 BLK 7,2019,0.133,"5,794",,2018,1632.13,,1/21/20,2020-02-09
93,6037,LAX,6037-024-049,GAYLES E TOUSSAINT,TOUSSAINT GAYLES E,,,8779,,S,HOBART,BLVD,8779 S HOBART BLVD,,LOS ANGELES,CA,90047,3318,8779,,S,HOBART,BLVD,,LOS ANGELES,CA,90047,,"$231,750","$59,586",,"$291,336",,N,20%,,,LAR1,100,RESID. SINGLE FAMILY,307,TRACT NO 622O LOT 25 BLK 3,2019,0.149,"6,496",,2018,4501.28,,1/21/20,2020-02-09
94,6037,LAX,6044-001-023,VEDA LLC,VEDA LLC,,C/O RAMON CARTZNES,1539,,E,87TH,ST,1539 E 87TH ST,,LOS ANGELES,CA,90002,1309,16656,,,CALLE ARBOLADA,,,PACIFIC PALISADES,CA,90272,,"$268,000","$67,000",,"$335,000",,N,20%,,,LCR2*,100,RESID. SINGLE FAMILY,1198,PUTNEY PLACE LOT 33,2019,0.13,"5,669",,2018,566.93,,1/21/20,2020-02-09
95,6037,LAX,6044-004-014,ERNESTO A & IGNACIA RODRIGUEZ,RODRIGUEZ ERNESTO A & IGNACIA,,,1534,,E,88TH,ST,1534 E 88TH ST,,LOS ANGELES,CA,90002,1312,,,,PO BOX 115,,,HUNTINGTON PARK,CA,90255,,"$10,517","$11,401",,"$21,918","$7,000",Y,52%,,,LCR2*,100,RESID. SINGLE FAMILY,1198,PUTNEY PLACE LOT 138,2019,0.127,"5,555",,2018,1023.84,,1/21/20,2020-02-09
97,6037,LAX,6056-006-026,DARLA L & DERRICK A PULLIAM,PULLIAM DARLA L & DERRICK A,,,1330,,W,93RD,ST,1330 W 93RD ST,,LOS ANGELES,CA,90044,1915,1330,,W,93RD,ST,,LOS ANGELES,CA,90044,,"$87,498","$43,741",,"$131,239",,N,33%,,,LCR320U*,100,RESID. SINGLE FAMILY,1208,OLIVITO HEIGHTS*E 50 FT OF LOT 42,2019,0.212,"9,252",,2018,2659.95,,1/21/20,2020-02-09
98,6037,LAX,6066-017-038,CECILIO CARRILLO,CARRILLO CECILIO,CHANCHAIAC MARCO A,,10323,,,JUNIPER,ST,10323  JUNIPER ST,,LOS ANGELES,CA,90002,3815,10323,,,JUNIPER,ST,,LOS ANGELES,CA,90002,,"$234,192","$82,008",,"$316,200",,N,25%,,,LAR1,100,RESID. SINGLE FAMILY,460,FORTHMANN TRACT LOTS 398 AND LOT 399,2019,0.149,"6,500",,2018,4605.12,,1/21/20,2020-02-09
101,6037,LAX,6089-002-016,LA COUNTY PUBLIC ADM TR,LA COUNTY PUBLIC ADM TR,FRANCES MADURI DECD TRUST,C/O LA COUNTY PUBLIC,1219,,W,121ST,ST,1219 W 121ST ST,,LOS ANGELES,CA,90044,1127,320,,W,TEMPLE,ST,9THFL,LOS ANGELES,CA,90012,,"$27,447","$16,937",,"$44,384","$7,000",Y,38%,,,LCA1YY,100,RESID. SINGLE FAMILY,1228,HOWARD LOT 16 BLK A,2019,0.16,"7,001",,2018,646.11,,1/21/20,2020-02-09
102,6037,LAX,6120-023-014,ESTHER MONTEVERDE,MONTEVERDE ESTHER,ESTHER MONTEVERDE TRUST,,16311,,S,DENVER,AVE,16311 S DENVER AVE,,LOS ANGELES,CA,90248,2606,16311,,S,DENVER,AVE,,GARDENA,CA,90248,,"$29,864","$54,993",,"$84,857","$7,000",Y,64%,,,LAR1,100,RESID. SINGLE FAMILY,19,TRACT NO 14153 LOT 14,2019,0.142,"6,190",,2018,1625.3,,1/21/20,2020-02-09
103,6037,LAX,6137-034-015,REGINALD K BROWN,BROWN REGINALD K,CHARLES H BROWN DECD TRUST,,14610,,S,CASWELL,AVE,14610 S CASWELL AVE,,COMPTON,CA,90220,1112,4810,,,HOLLOW CORNER,RD,#142,CULVER CITY,CA,90230,,"$159,181","$159,181",,"$318,362",,N,50%,,,LCR1*,100,RESID. SINGLE FAMILY,3785,TRACT NO 24567 LOT 16,2019,0.115,"5,019",,2018,11867.13,,1/21/20,2020-02-09
107,6037,LAX,6146-003-011,MARVIS C MOORE,MOORE MARVIS C,,,931,,W,136TH,ST,931 W 136TH ST,,COMPTON,CA,90222,3449,,,,PO BOX 3151,,,COMPTON,CA,90223,,"$12,941","$14,476",,"$27,417",,N,52%,,,CORL*,100,RESID. SINGLE FAMILY,2800,TRACT NO 13902 LOT 19,2019,0.136,"5,950",,2018,1529.7,,1/21/20,2020-02-09
109,6037,LAX,6151-007-004,JETTIE K BUTLER,BUTLER JETTIE K,JETTIE KENARD BUTLER TRUST,,628,,W,SCHOOL,ST,628 W SCHOOL ST,,COMPTON,CA,90220,1923,628,,W,SCHOOL,ST,,COMPTON,CA,90220,,"$16,453","$19,968",,"$36,421","$7,000",Y,54%,,,COR1*,100,RESID. SINGLE FAMILY,2800,TRACT NO 62O7 LOT 4 BLK 12,2019,0.131,"5,745",,2018,1154.63,,1/21/20,2020-02-09
110,6037,LAX,6153-011-010,DOMINGO HERNANDEZ,HERNANDEZ DOMINGO ET AL,HERNANDEZ BLANCA,C/O JOSE V ROMERO,522,,W,PEACH,ST,522 W PEACH ST,,COMPTON,CA,90222,3545,522,,W,PEACH,ST,,COMPTON,CA,90222,,"$117,045","$117,045",,"$234,090",,N,50%,,,CORM*,100,RESID. SINGLE FAMILY,2800,TRACT # 4469 LOT 5 BLK F,2019,0.057,"2,499",,2018,1436.1,,1/21/20,2020-02-09
113,6037,LAX,6173-023-009,REYES & MARGARITA BERMUDEZ,BERMUDEZ REYES & MARGARITA,,,3645,,,PLATT,AVE,3645  PLATT AVE,,LYNWOOD,CA,90262,3612,,,,PO BOX 1852,,,LYNWOOD,CA,90262,,"$167,665","$134,360",,"$302,025",,N,44%,,,LYR2YY,100,RESID. SINGLE FAMILY,6089,TRACT # 3335 SE 50 FT OF LOT 1196,2019,0.184,"8,032",,2018,2728.28,,1/21/20,2020-02-09
114,6037,LAX,6185-003-072,REGINALD K BROWN,BROWN REGINALD K,CHARLES H BROWN DECD TRUST,,14819,,S,GIBSON,AVE,14819 S GIBSON AVE,,COMPTON,CA,90221,3125,4810,,,HOLLOW CORNER,RD,#142,CULVER CITY,CA,90230,,"$212,241","$153,875",,"$366,116",,N,42%,,,LCR1YY,101,RESID. SINGLE FAMILY,2949,TRACT # 10413 LOT 37,2019,0.158,"6,915",,2018,13895.19,,1/21/20,2020-02-09
115,6037,LAX,6249-002-003,CAROL G GRIFFITHS,GRIFFITHS CAROL G,CAROL G GRIFFITHS TRUST,,10237,,,HORLEY,AVE,10237  HORLEY AVE,,DOWNEY,CA,90241,2160,,,,PO BOX 662,,,DOWNEY,CA,90241,,"$41,511","$44,633",,"$86,144","$7,000",Y,51%,,,DOR171/2,100,RESID. SINGLE FAMILY,3304,TRACT # 17580 LOT 41,2019,0.184,"8,024",,2018,1551.82,,1/21/20,2020-02-09
118,6037,LAX,6315-030-019,NADIA A DUNCAN,DUNCAN NADIA A,,,6311,,,WOODLAWN,AVE,6311  WOODLAWN AVE,,BELL,CA,90201,1416,6311,,,WOODLAWN,AVE,,BELL,CA,90201,,"$70,264","$67,420",,"$137,684","$7,000",Y,48%,,,BLR3*,100,RESID. SINGLE FAMILY,516,TRACT # 3766 N 50 FT OF LOT 1546,2019,0.172,"7,528",,2018,100.25,,1/21/20,2020-02-09
119,6037,LAX,6323-014-008,PRAISE CHAPEL CHRISTIAN FELLOWSHIP INC,PRAISE CHAPEL,,JULIE CESENA,6416,,,ARBUTUS,AVE,6416  ARBUTUS AVE,,HUNTINGTON PARK,CA,90255,5218,,,,PO BOX 3127,,,HUNTINGTON PARK,CA,90255,,"$82,349","$123,532",,"$205,881",,N,60%,,,HPR1*,100,RESID. SINGLE FAMILY,588,TRACT # 5311 LOT 80,2019,0.207,"9,021",,2018,4073.95,,1/21/20,2020-02-09
120,6037,LAX,6323-014-014,PRAISE CHAPEL CHRISTIAN FELLOWSHIP INC,PRAISE CHAPEL,,JULIE CESENA,6417,,,CEDAR,ST,6417  CEDAR ST,,HUNTINGTON PARK,CA,90255,5233,,,,PO BOX 3127,,,HUNTINGTON PARK,CA,90255,,"$65,190","$97,786",,"$162,976","$31,543",N,60%,,,HPR1*,100,RESID. SINGLE FAMILY,588,TRACT # 5311 LOT 91,2019,0.157,"6,855",,2018,2793.9,,1/21/20,2020-02-09
125,6037,LAX,7110-027-006,HARRY J MILLER,MILLER HARRY J,,,9707,,,ARKANSAS,ST,9707  ARKANSAS ST,,BELLFLOWER,CA,90706,5815,,,,PO BOX 5036,,,LOS ALAMITOS,CA,90721,,"$34,622","$34,406",,"$69,028",,N,49%,,,BFR1*,100,RESID. SINGLE FAMILY,2336,BELL FLOWER ACRES E 59 FT OF W 105 FT OF S 55 FT OF N 280 FT OF LOT 25,2019,0.074,"3,245",,2018,1424.84,,1/21/20,2020-02-09
134,6037,LAX,7546-021-011,MARLENE S GOERING,GOERING MARLENE S,,,26127,,,BASSWOOD,AVE,26127  BASSWOOD AVE,,RANCHO PALOS VERDES,CA,90275,1707,26127,,,BASSWOOD,AVE,,RANCHO PALOS VERD,CA,90275,,"$210,799","$94,932",,"$305,731","$7,000",Y,31%,,,RPRS8000*,100,RESID. SINGLE FAMILY,7099,TRACT # 21169 LOT 66,2019,0.18,"7,852",,2018,4924.45,,1/21/20,2020-02-09
135,6037,LAX,7585-004-030,KELLEY R SPEARMAN,SPEARMAN KELLEY R CO TR,SPEARMAN TRUST,,28408,,,QUAILHILL,DR,28408  QUAILHILL DR,,RANCHO PALOS VERDES,CA,90275,3342,28408,,,QUAILHILL,DR,,RANCHO PALOS VERD,CA,90275,,"$60,637","$93,820",,"$154,457","$7,000",Y,60%,,,RPRS10000*,100,RESID. SINGLE FAMILY,7097,TRACT NO 27858 LOT 14,2019,0.215,"9,395",,2018,180.24,,1/21/20,2020-02-09
137,6037,LAX,8024-018-013,PAUL SAMARIN,SAMARIN PAUL,,,12126,,,PIONEER,BLVD,12126  PIONEER BLVD,,NORWALK,CA,90650,1773,110,,,PINE,AVE,#630,LONG BEACH,CA,90802,,"$65,669","$46,756",,"$112,425",,N,41%,,,NOR105,100,RESID. SINGLE FAMILY,5295,TRACT NO 15199 LOT 25,2019,0.147,"6,424",,2018,1744.85,,1/21/20,2020-02-09
140,6037,LAX,8108-024-036,REBECA DIAZ,DIAZ REBECA,,,12542,,,KLINGERMAN,ST,12542  KLINGERMAN ST,,EL MONTE,CA,91732,3954,,,,PO BOX 4700,,,EL MONTE,CA,91734,,"$27,308","$34,035",,"$61,343","$7,000",Y,55%,,,EMR1B*,100,RESID. SINGLE FAMILY,6549,RS 50-20 POR OF LOT 20,2019,0.172,"7,533",,2018,732.18,,1/21/20,2020-02-09
141,6037,LAX,8121-012-001,ISABEL MARTINEZ,MARTINEZ ISABEL,SMITH ANN M,,4366,,,LINDSEY,AVE,4366  LINDSEY AVE,,PICO RIVERA,CA,90660,1731,,,,PO BOX 939,,,WHITTIER,CA,90608,,"$72,560","$56,794",,"$129,354",,N,43%,,,PRSF*,100,RESID. SINGLE FAMILY,7978,TRACT # 16534 LOT 40,2019,0.127,"5,533",,2018,2711.38,,1/21/20,2020-02-09
142,6037,LAX,8160-018-020,VINITA R CORKERN,CORKERN VINITA R,VINITA R CORKERN TRUST,,14328,,,LA FORGE,ST,14328  LA FORGE ST,,WHITTIER,CA,90603,1851,,,,PO BOX 664,,,SOLVANG,CA,93463,,"$61,749","$92,632",,"$154,381","$7,000",Y,60%,,,WHR16000*,100,RESID. SINGLE FAMILY,3507,TRACT # 14375 LOT 37,2019,0.135,"5,917",,2018,2454.52,,1/21/20,2020-02-09
143,6037,LAX,8204-008-026,DEEPAK DATWANI,DATWANI DEEPAK,DEEPAK DATWANI TRUST,,2605,,,TERESINA,DR,2605  TERESINA DR,,HACIENDA HEIGHTS,CA,91745,5318,100,,,MARINE,PKWY,#305,REDWOOD CITY,CA,94065,,"$124,634","$171,812",,"$296,446",,N,57%,,,LCRA10,100,RESID. SINGLE FAMILY,4482,TRACT # 26145 LOT 79,2019,0.273,"11,934",,2018,4740.53,,1/21/20,2020-02-09
144,6037,LAX,8266-014-032,JOYCE A OLIVER,OLIVER JOYCE A,,,2045,,,FULLERTON,RD,2045  FULLERTON RD,,LA HABRA HEIGHTS,CA,90631,8213,,,,PO BOX 2504,,,LA HABRA,CA,90632,,"$47,445","$133,327",,"$180,772","$7,000",Y,73%,,,LHRA1*,100,RESID. SINGLE FAMILY,6054,*TR=PARCEL MAP AS PER BK 64 PG 51 OF P M LOT 3,2019,1.004,"43,774",,2018,3466.42,,1/21/20,2020-02-09
145,6037,LAX,8357-011-044,IVAN E RODRIGUEZ,RODRIGUEZ IVAN E,,,792,,,WILLIAM,ST,792  WILLIAM ST,,POMONA,CA,91768,3544,1511,,W,HOLT,BLVD,#K,ONTARIO,CA,91762,,"$177,157","$50,973",,"$228,130",,N,22%,,,POT2YY,100,RESID. SINGLE FAMILY,7790,GANESHA PARK TRACT W 41 FT OF LOT 8 BLK J,2019,0.132,"5,763",,2018,3676.12,,1/21/20,2020-02-09
150,6037,LAX,8403-014-022,FRIEDA HUARD,HUARD FRIEDA,FRIEDA HUARD TRUST,,20358,,E,CALORA,ST,20358 E CALORA ST,,COVINA,CA,91724,1225,20358,,E,CALORA,ST,,COVINA,CA,91724,,"$37,881","$96,516",,"$134,397","$7,000",Y,71%,,,LCA171/2,100,RESID. SINGLE FAMILY,2701,TRACT # 20164 LOT 16,2019,0.205,"8,965",,2018,147.59,,1/21/20,2020-02-09
151,6037,LAX,8438-021-042,LAURA A FRANKLIN,FRANKLIN LAURA A TR ET AL,JOHNSON ROBERT T,,3546,,,VAN WIG,AVE,3546  VAN WIG AVE,,BALDWIN PARK,CA,91706,5456,,,,PO BOX 3546,,,ANAHEIM,CA,92803,,"$188,222","$107,727",,"$295,949",,N,36%,,,BPR1*,100,RESID. SINGLE FAMILY,2088,TRACT # 26197 LOT 21,2019,0.115,"5,049",,2018,639.37,,1/21/20,2020-02-09
152,6037,LAX,8442-011-015,ROSEMARIE TRUSTEE FOLEY,FOLEY ROSEMARIE TRUSTEE,ROSEMARIE FOLEY TRUST,,712,,N,HYACINTH,AVE,712 N HYACINTH AVE,,WEST COVINA,CA,91791,1059,712,,N,HYACINTH,AVE,,WEST COVINA,CA,91791,,"$32,058","$65,028",,"$97,086","$7,000",Y,66%,,,WCR19450*,101,RESID. SINGLE FAMILY,3083,TRACT # 20250 LOT 16,2019,0.219,"9,545",,2018,1891.74,,1/21/20,2020-02-09
154,6037,LAX,8465-024-015,CHRISTOPHER M HEDRICK,HEDRICK CHRISTOPHER M,,,1023,,N,ORANGE,AVE,1023 N ORANGE AVE,,LA PUENTE,CA,91744,1734,1023,,N,ORANGE,AVE,,LA PUENTE,CA,91744,,"$230,877","$75,032",,"$305,909",,N,24%,,,LCA106,100,RESID. SINGLE FAMILY,2223,TRACT # 21751 LOT 45,2019,0.139,"6,071",,2018,4934.31,,1/21/20,2020-02-09
155,6037,LAX,8470-023-024,BILLIE R MENEGHEL,MENEGHEL BILLIE R,,,944,,W,GLENMERE,ST,944 W GLENMERE ST,,WEST COVINA,CA,91790,4826,944,,W,GLENMERE,ST,,WEST COVINA,CA,91790,,"$14,476","$65,683",,"$80,159","$7,000",Y,81%,,,WCR1*,100,RESID. SINGLE FAMILY,9495,TRACT NO 26098 LOT 1,2019,0.193,"8,424",,2018,1596.67,,1/21/20,2020-02-09
156,6037,LAX,8486-027-009,DAVID REJINO,REJINO DAVID,,,1726,,E,CHARLINDA,ST,1726 E CHARLINDA ST,,WEST COVINA,CA,91791,2607,1726,,E,CHARLINDA,ST,,WEST COVINA,CA,91791,,"$67,311","$147,327",,"$214,638","$7,000",Y,68%,,,WCR1YY,100,RESID. SINGLE FAMILY,9495,TRACT # 20456 LOT 27,2019,0.208,"9,070",,2018,15349.54,,1/21/20,2020-02-09
157,6037,LAX,8489-019-006,ALLAN P BANGS,BANGS ALLAN P ET AL TRS,SCHOLER P BANGS TRUST,,362,,E,MICHELLE,ST,362 E MICHELLE ST,,WEST COVINA,CA,91790,5030,362,,E,MICHELLE,ST,,WEST COVINA,CA,91790,,"$16,898","$47,224",,"$64,122","$7,000",Y,73%,,,WCR1YY,100,RESID. SINGLE FAMILY,9495,TRACT # 21509 LOT 25,2019,0.195,"8,509",,2018,1343.8,,1/21/20,2020-02-09
160,6037,LAX,8636-030-007,JOHN R & CONSTANCE WATSON,WATSON JOHN R AND CONSTANCE TRS,WATSON MARK & JENNIFER,,323,,E,SIERRA MADRE,AVE,323 E SIERRA MADRE AVE,,GLENDORA,CA,91741,2150,323,,E,SIERRA MADRE,AVE,,GLENDORA,CA,91741,,"$693,691","$760,112",,"$1,453,803",,N,52%,,,"GDE7-40,00",101,RESID. SINGLE FAMILY,4148,TRACT # 2960 LOT COM N 240 FT AND S 89 41'28 W 180 FT FROM SE COR OF LOT 5 TH N 246.85 FT TH S 89 46'50 W TO A PT N 89 46'50 E 360 FT FROM NW COR OF LOT SEE ASSESSOR MAPBOOK FOR MISSING PORTIONLOT 5,2019,1.111,"48,414",,2018,9827.16,,1/21/20,2020-02-09
161,6037,LAX,8656-022-010,WILFORD H ANDERSEN,ANDERSEN WILFORD H CO TR,W H AND J A ANDERSEN TRUST,,1165,,E,COMSTOCK,AVE,1165 E COMSTOCK AVE,,GLENDORA,CA,91741,2911,1165,,E,COMSTOCK,AVE,,GLENDORA,CA,91741,,"$26,127","$71,849",,"$97,976","$7,000",Y,73%,,,GDE4,100,RESID. SINGLE FAMILY,4132,TRACT # 20601 LOT 10,2019,0.216,"9,409",,2018,1841.29,,1/21/20,2020-02-09
165,6037,LAX,8762-015-009,KATHY K HSIAO,HSIAO KATHY K,,,19527,,,GRAVINA,ST,19527  GRAVINA ST,,LA PUENTE,CA,91748,2433,,,,PO BOX 53377,,,LOS ANGELES,CA,90053,,"$292,986","$216,152",,"$509,138",,N,42%,,,LCA16000*,101,RESID. SINGLE FAMILY,8439,TRACT NO 25097 LOT 55,2019,0.144,"6,284",,2018,421.63,,1/21/20,2020-02-09
54,6037,LAX,4464-012-045,MATTHEW R & XIMENA TUVERSON,TUVERSON MATTHEW R & XIMENA,,,31337,,,BIRDELLA,RD,31337  BIRDELLA RD,,MALIBU,CA,90265,2769,31337,,,BIRDELLA,RD,,MALIBU,CA,90265,,"$496,644",$102,,"$496,746",,N,0%,,,LCA11*,100,RESID. SINGLE FAMILY,4940,TR=10595 LOTS 4 AND 5,2018,0.323,"14,105",,,,,1/21/20,2020-02-09
