﻿ID,FIPS,CO3,APN,OWNERNAME,OWNER 1,OWNER 2,CAREOF,S_HSENO,S_HSESUB,S_DIR,STREET,S_SFX,UNIT,CITY,STATE,ZIP,ZIP4,M_HSENO,M_HSESUB,M_DIR,M_STREET,M_SFX,M_UNIT,M_CITY,M_STATE,M_ZIP,M_ZIP4,DATE
1,6111,VEN,001-0-040-070,MONOLITH PORTLAND CEMENT CO,MONOLITH PORTLAND CEMENT CO,,ATTN CBR NORTH AMERI,,,,,,,OZENA,CA,,,2300,,,CLAYTON,RD,,CONCORD,CA,94520,,2019
2,6111,VEN,001-0-220-105,CRUZ & TRINIDAD IPATZI,IPATZI CRUZ & TRINIDAD,,,,,,,,,OZENA,CA,,,2517,,,HILLROSE,PL,,OXNARD,CA,93036,1574,2019
3,6111,VEN,003-0-020-100,NANCY LEE,LEE NANCY ET AL,,,,,,,,,LOCKWOOD,CA,,,826,,S,CATALINA,ST,,LOS ANGELES,CA,90005,,2019
4,6111,VEN,003-0-103-710,THOMAS H HENRY,HENRY THOMAS H,,,,,,,,,LOCKWOOD,CA,,,2400,,,PLEASANT VALLEY,RD,#145,OXNARD,CA,93033,,2019
5,6111,VEN,003-0-105-555,DEMOSTHENES JUANATAS,JUANATAS DEMOSTHENES,,,,,,,,,LOCKWOOD,CA,,,1904,,,BRUNDAGE,LN,,BAKERSFIELD,CA,93304,,2019
6,6111,VEN,003-0-113-050,TED M & ROSIE P MUNOZ,MUNOZ TED M & ROSIE P,,,,,,,,,LOCKWOOD,CA,,,622,,,SAN JUAN,,,LA JUNTA,CO,81050,,2019
7,6111,VEN,003-0-113-060,TED M & ROSIE P MUNOZ,MUNOZ TED M & ROSIE P,,,,,,,,,LOCKWOOD,CA,,,622,,,SAN JUAN,,,LA JUNTA,CO,81050,,2019
8,6111,VEN,003-0-113-480,TED M & ROSIE P MUNOZ,MUNOZ TED M & ROSIE P,,,,,,,,,LOCKWOOD,CA,,,622,,,SAN JUAN,,,LA JUNTA,CO,81050,,2019
9,6111,VEN,003-0-113-490,TED M & ROSIE P MUNOZ,MUNOZ TED M & ROSIE P,,,,,,,,,LOCKWOOD,CA,,,622,,,SAN JUAN,,,LA JUNTA,CO,81050,,2019
10,6111,VEN,003-0-140-170,DAVID HYATT,HYATT DAVID ESTATE DISTRIB,,,,,,,,,LOCKWOOD,CA,,,8326,,,KNOX,ST,,OVERLAND PARK,KS,66212,4428,2019
11,6111,VEN,003-0-140-455,ALVIN TRICE,TRICE ALVIN L EST,,ATTN PUBLIC ADM OFFICE,16604,,,LOCKWOOD VALLEY,RD,,,CA,,,320,,W,TEMPLE,ST,,LOS ANGELES,CA,90012,,2019
12,6111,VEN,003-0-260-010,JOSE M & EMMA LOPEZ,LOPEZ JOSE M & EMMA,,,,,,,,,LOCKWOOD,CA,,,265,,E,ELM,ST,,OXNARD,CA,93033,3633,2019
13,6111,VEN,004-0-057-510,BLANCHE A MURRAY,MURRAY BLANCHE A,,,,,,,,,LOCKWOOD,CA,,,101,,E,DE ANZA,LN,,TUSTIN,CA,92780,7414,2019
14,6111,VEN,004-0-073-010,ESTHER ILER,ILER ESTHER TR EST,,ATTN JAMES ILER,,,,,,,LOCKWOOD,CA,,,961,,,CAMINO DEL RETIRO,,,SANTA BARBARA,CA,93110,,2019
15,6111,VEN,004-0-073-020,ESTHER ILER,ILER ESTHER TR EST,,ATTN JAMES ILER,,,,,,,LOCKWOOD,CA,,,961,,,CAMINO DEL RETIRO,,,SANTA BARBARA,CA,93110,,2019
16,6111,VEN,004-0-073-030,ESTHER ILER,ILER ESTHER TR EST,,ATTN JAMES ILER,,,,,,,LOCKWOOD,CA,,,961,,,CAMINO DEL RETIRO,,,SANTA BARBARA,CA,93110,,2019
17,6111,VEN,004-0-073-040,ESTHER ILER,ILER ESTHER TR EST,,ATTN JAMES ILER,,,,,,,LOCKWOOD,CA,,,961,,,CAMINO DEL RETIRO,,,SANTA BARBARA,CA,93110,,2019
18,6111,VEN,004-0-073-050,ESTHER ILER,ILER ESTHER TR EST,,ATTN JAMES ILER,,,,,,,LOCKWOOD,CA,,,961,,,CAMINO DEL RETIRO,,,SANTA BARBARA,CA,93110,,2019
19,6111,VEN,004-0-073-060,ESTHER ILER,ILER ESTHER TR EST,,ATTN JAMES ILER,,,,,,,LOCKWOOD,CA,,,961,,,CAMINO DEL RETIRO,,,SANTA BARBARA,CA,93110,,2019
20,6111,VEN,004-0-073-070,ESTHER ILER,ILER ESTHER TR EST,,ATTN JAMES ILER,,,,,,,LOCKWOOD,CA,,,961,,,CAMINO DEL RETIRO,,,SANTA BARBARA,CA,93110,,2019
21,6111,VEN,004-0-073-080,ESTHER ILER,ILER ESTHER TR EST,,ATTN JAMES ILER,,,,,,,LOCKWOOD,CA,,,961,,,CAMINO DEL RETIRO,,,SANTA BARBARA,CA,93110,,2019
22,6111,VEN,004-0-073-090,ESTHER ILER,ILER ESTHER TR EST,,ATTN JAMES ILER,,,,,,,LOCKWOOD,CA,,,961,,,CAMINO DEL RETIRO,,,SANTA BARBARA,CA,93110,,2019
23,6111,VEN,004-0-073-100,ESTHER ILER,ILER ESTHER TR EST,,ATTN JAMES ILER,,,,,,,LOCKWOOD,CA,,,961,,,CAMINO DEL RETIRO,,,SANTA BARBARA,CA,93110,,2019
24,6111,VEN,004-0-073-110,ESTHER ILER,ILER ESTHER TR EST,,ATTN JAMES ILER,,,,,,,LOCKWOOD,CA,,,961,,,CAMINO DEL RETIRO,,,SANTA BARBARA,CA,93110,,2019
25,6111,VEN,004-0-073-120,ESTHER ILER,ILER ESTHER TR EST,,ATTN JAMES ILER,,,,,,,LOCKWOOD,CA,,,961,,,CAMINO DEL RETIRO,,,SANTA BARBARA,CA,93110,,2019
26,6111,VEN,004-0-073-130,ESTHER ILER,ILER ESTHER TR EST,,ATTN JAMES ILER,,,,,,,LOCKWOOD,CA,,,961,,,CAMINO DEL RETIRO,,,SANTA BARBARA,CA,93110,,2019
27,6111,VEN,004-0-073-140,ESTHER ILER,ILER ESTHER TR EST,,ATTN JAMES ILER,,,,,,,LOCKWOOD,CA,,,961,,,CAMINO DEL RETIRO,,,SANTA BARBARA,CA,93110,,2019
28,6111,VEN,004-0-073-150,ESTHER ILER,ILER ESTHER TR EST,,ATTN JAMES ILER,,,,,,,LOCKWOOD,CA,,,961,,,CAMINO DEL RETIRO,,,SANTA BARBARA,CA,93110,,2019
29,6111,VEN,004-0-073-160,ESTHER ILER,ILER ESTHER TR EST,,ATTN JAMES ILER,,,,,,,LOCKWOOD,CA,,,961,,,CAMINO DEL RETIRO,,,SANTA BARBARA,CA,93110,,2019
30,6111,VEN,004-0-073-170,ESTHER ILER,ILER ESTHER TR EST,,ATTN JAMES ILER,,,,,,,LOCKWOOD,CA,,,961,,,CAMINO DEL RETIRO,,,SANTA BARBARA,CA,93110,,2019
31,6111,VEN,004-0-073-180,ESTHER ILER,ILER ESTHER TR EST,,ATTN JAMES ILER,,,,,,,LOCKWOOD,CA,,,961,,,CAMINO DEL RETIRO,,,SANTA BARBARA,CA,93110,,2019
32,6111,VEN,004-0-073-190,ESTHER ILER,ILER ESTHER TR EST,,ATTN JAMES ILER,,,,,,,LOCKWOOD,CA,,,961,,,CAMINO DEL RETIRO,,,SANTA BARBARA,CA,93110,,2019
33,6111,VEN,004-0-073-200,ESTHER ILER,ILER ESTHER TR EST,,ATTN JAMES ILER,,,,,,,LOCKWOOD,CA,,,961,,,CAMINO DEL RETIRO,,,SANTA BARBARA,CA,93110,,2019
34,6111,VEN,004-0-073-210,ESTHER ILER,ILER ESTHER TR EST,,ATTN JAMES ILER,,,,,,,LOCKWOOD,CA,,,961,,,CAMINO DEL RETIRO,,,SANTA BARBARA,CA,93110,,2019
35,6111,VEN,004-0-073-220,ESTHER ILER,ILER ESTHER TR EST,,ATTN JAMES ILER,,,,,,,LOCKWOOD,CA,,,961,,,CAMINO DEL RETIRO,,,SANTA BARBARA,CA,93110,,2019
36,6111,VEN,004-0-073-230,ESTHER ILER,ILER ESTHER TR EST,,ATTN JAMES ILER,,,,,,,LOCKWOOD,CA,,,961,,,CAMINO DEL RETIRO,,,SANTA BARBARA,CA,93110,,2019
37,6111,VEN,004-0-073-240,ESTHER ILER,ILER ESTHER TR EST,,ATTN JAMES ILER,,,,,,,LOCKWOOD,CA,,,961,,,CAMINO DEL RETIRO,,,SANTA BARBARA,CA,93110,,2019
38,6111,VEN,004-0-073-250,ESTHER ILER,ILER ESTHER TR EST,,ATTN JAMES ILER,,,,,,,LOCKWOOD,CA,,,961,,,CAMINO DEL RETIRO,,,SANTA BARBARA,CA,93110,,2019
39,6111,VEN,004-0-073-260,ESTHER ILER,ILER ESTHER TR EST,,ATTN JAMES ILER,,,,,,,LOCKWOOD,CA,,,961,,,CAMINO DEL RETIRO,,,SANTA BARBARA,CA,93110,,2019
40,6111,VEN,004-0-073-270,ESTHER ILER,ILER ESTHER TR EST,,ATTN JAMES ILER,,,,,,,LOCKWOOD,CA,,,961,,,CAMINO DEL RETIRO,,,SANTA BARBARA,CA,93110,,2019
41,6111,VEN,004-0-073-280,ESTHER ILER,ILER ESTHER TR EST,,ATTN JAMES ILER,,,,,,,LOCKWOOD,CA,,,961,,,CAMINO DEL RETIRO,,,SANTA BARBARA,CA,93110,,2019
42,6111,VEN,004-0-073-290,ESTHER ILER,ILER ESTHER TR EST,,ATTN JAMES ILER,,,,,,,LOCKWOOD,CA,,,961,,,CAMINO DEL RETIRO,,,SANTA BARBARA,CA,93110,,2019
43,6111,VEN,004-0-073-300,ESTHER ILER,ILER ESTHER TR EST,,ATTN JAMES ILER,,,,,,,LOCKWOOD,CA,,,961,,,CAMINO DEL RETIRO,,,SANTA BARBARA,CA,93110,,2019
44,6111,VEN,004-0-074-010,ESTHER ILER,ILER ESTHER TR EST,,ATTN JAMES ILER,,,,,,,LOCKWOOD,CA,,,961,,,CAMINO DEL RETIRO,,,SANTA BARBARA,CA,93110,,2019
45,6111,VEN,004-0-074-020,ESTHER ILER,ILER ESTHER TR EST,,ATTN JAMES ILER,,,,,,,LOCKWOOD,CA,,,961,,,CAMINO DEL RETIRO,,,SANTA BARBARA,CA,93110,,2019
46,6111,VEN,004-0-074-030,ESTHER ILER,ILER ESTHER TR EST,,ATTN JAMES ILER,,,,,,,LOCKWOOD,CA,,,961,,,CAMINO DEL RETIRO,,,SANTA BARBARA,CA,93110,,2019
47,6111,VEN,004-0-074-040,ESTHER ILER,ILER ESTHER TR EST,,ATTN JAMES ILER,,,,,,,LOCKWOOD,CA,,,961,,,CAMINO DEL RETIRO,,,SANTA BARBARA,CA,93110,,2019
48,6111,VEN,004-0-074-050,ESTHER ILER,ILER ESTHER TR EST,,ATTN JAMES ILER,,,,,,,LOCKWOOD,CA,,,961,,,CAMINO DEL RETIRO,,,SANTA BARBARA,CA,93110,,2019
49,6111,VEN,004-0-074-060,ESTHER ILER,ILER ESTHER TR EST,,ATTN JAMES ILER,,,,,,,LOCKWOOD,CA,,,961,,,CAMINO DEL RETIRO,,,SANTA BARBARA,CA,93110,,2019
50,6111,VEN,004-0-074-070,ESTHER ILER,ILER ESTHER TR EST,,ATTN JAMES ILER,,,,,,,LOCKWOOD,CA,,,961,,,CAMINO DEL RETIRO,,,SANTA BARBARA,CA,93110,,2019
51,6111,VEN,004-0-074-080,ESTHER ILER,ILER ESTHER TR EST,,ATTN JAMES ILER,,,,,,,LOCKWOOD,CA,,,961,,,CAMINO DEL RETIRO,,,SANTA BARBARA,CA,93110,,2019
52,6111,VEN,004-0-074-100,ESTHER ILER,ILER ESTHER TR EST,,ATTN JAMES ILER,,,,,,,LOCKWOOD,CA,,,961,,,CAMINO DEL RETIRO,,,SANTA BARBARA,CA,93110,,2019
53,6111,VEN,004-0-074-110,ESTHER ILER,ILER ESTHER TR EST,,ATTN JAMES ILER,,,,,,,LOCKWOOD,CA,,,961,,,CAMINO DEL RETIRO,,,SANTA BARBARA,CA,93110,,2019
54,6111,VEN,004-0-074-120,ESTHER ILER,ILER ESTHER TR EST,,ATTN JAMES ILER,,,,,,,LOCKWOOD,CA,,,961,,,CAMINO DEL RETIRO,,,SANTA BARBARA,CA,93110,,2019
55,6111,VEN,004-0-074-130,ESTHER ILER,ILER ESTHER TR EST,,ATTN JAMES ILER,,,,,,,LOCKWOOD,CA,,,961,,,CAMINO DEL RETIRO,,,SANTA BARBARA,CA,93110,,2019
56,6111,VEN,004-0-074-140,ESTHER ILER,ILER ESTHER TR EST,,ATTN JAMES ILER,,,,,,,LOCKWOOD,CA,,,961,,,CAMINO DEL RETIRO,,,SANTA BARBARA,CA,93110,,2019
57,6111,VEN,004-0-074-150,ESTHER ILER,ILER ESTHER TR EST,,ATTN JAMES ILER,,,,,,,LOCKWOOD,CA,,,961,,,CAMINO DEL RETIRO,,,SANTA BARBARA,CA,93110,,2019
58,6111,VEN,004-0-074-160,ESTHER ILER,ILER ESTHER TR EST,,ATTN JAMES ILER,,,,,,,LOCKWOOD,CA,,,961,,,CAMINO DEL RETIRO,,,SANTA BARBARA,CA,93110,,2019
59,6111,VEN,004-0-074-170,ESTHER ILER,ILER ESTHER TR EST,,ATTN JAMES ILER,,,,,,,LOCKWOOD,CA,,,961,,,CAMINO DEL RETIRO,,,SANTA BARBARA,CA,93110,,2019
60,6111,VEN,004-0-074-180,ESTHER ILER,ILER ESTHER TR EST,,ATTN JAMES ILER,,,,,,,LOCKWOOD,CA,,,961,,,CAMINO DEL RETIRO,,,SANTA BARBARA,CA,93110,,2019
61,6111,VEN,004-0-074-190,ESTHER ILER,ILER ESTHER TR EST,,ATTN JAMES ILER,,,,,,,LOCKWOOD,CA,,,961,,,CAMINO DEL RETIRO,,,SANTA BARBARA,CA,93110,,2019
62,6111,VEN,004-0-074-200,ESTHER ILER,ILER ESTHER TR EST,,ATTN JAMES ILER,,,,,,,LOCKWOOD,CA,,,961,,,CAMINO DEL RETIRO,,,SANTA BARBARA,CA,93110,,2019
63,6111,VEN,004-0-074-210,ESTHER ILER,ILER ESTHER TR EST,,ATTN JAMES ILER,,,,,,,LOCKWOOD,CA,,,961,,,CAMINO DEL RETIRO,,,SANTA BARBARA,CA,93110,,2019
64,6111,VEN,004-0-074-220,ESTHER ILER,ILER ESTHER TR EST,,ATTN JAMES ILER,,,,,,,LOCKWOOD,CA,,,961,,,CAMINO DEL RETIRO,,,SANTA BARBARA,CA,93110,,2019
65,6111,VEN,004-0-074-230,ESTHER ILER,ILER ESTHER TR EST,,ATTN JAMES ILER,,,,,,,LOCKWOOD,CA,,,961,,,CAMINO DEL RETIRO,,,SANTA BARBARA,CA,93110,,2019
66,6111,VEN,004-0-074-240,ESTHER ILER,ILER ESTHER TR EST,,ATTN JAMES ILER,,,,,,,LOCKWOOD,CA,,,961,,,CAMINO DEL RETIRO,,,SANTA BARBARA,CA,93110,,2019
67,6111,VEN,004-0-074-250,ESTHER ILER,ILER ESTHER TR EST,,ATTN JAMES ILER,,,,,,,LOCKWOOD,CA,,,961,,,CAMINO DEL RETIRO,,,SANTA BARBARA,CA,93110,,2019
68,6111,VEN,004-0-074-260,ESTHER ILER,ILER ESTHER TR EST,,ATTN JAMES ILER,,,,,,,LOCKWOOD,CA,,,961,,,CAMINO DEL RETIRO,,,SANTA BARBARA,CA,93110,,2019
69,6111,VEN,004-0-074-270,ESTHER ILER,ILER ESTHER TR EST,,ATTN JAMES ILER,,,,,,,LOCKWOOD,CA,,,961,,,CAMINO DEL RETIRO,,,SANTA BARBARA,CA,93110,,2019
70,6111,VEN,004-0-074-280,ESTHER ILER,ILER ESTHER TR EST,,ATTN JAMES ILER,,,,,,,LOCKWOOD,CA,,,961,,,CAMINO DEL RETIRO,,,SANTA BARBARA,CA,93110,,2019
71,6111,VEN,004-0-074-290,ESTHER ILER,ILER ESTHER TR EST,,ATTN JAMES ILER,,,,,,,LOCKWOOD,CA,,,961,,,CAMINO DEL RETIRO,,,SANTA BARBARA,CA,93110,,2019
72,6111,VEN,004-0-074-300,ESTHER ILER,ILER ESTHER TR EST,,ATTN JAMES ILER,,,,,,,LOCKWOOD,CA,,,961,,,CAMINO DEL RETIRO,,,SANTA BARBARA,CA,93110,,2019
73,6111,VEN,004-0-113-460,TRACY D & DOLLIE E WILSON,WILSON TRACY D & DOLLIE E,,,,,,,,,,CA,,,29467,,,STAMPEDE,WAY,,CANYON LAKE,CA,92587,7635,2019
74,6111,VEN,004-0-132-250,HSI C-YUH & JEN C WANG,WANG HSI C-YUH & JEN C,,,,,,,,,LOCKWOOD,CA,,,3651,,,NORWICH,PL,,ROWLAND HEIGHTS,CA,91748,5132,2019
75,6111,VEN,004-0-132-260,HSI C-YUH & JEN C WANG,WANG HSI C-YUH & JEN C,,,,,,,,,LOCKWOOD,CA,,,3651,,,NORWICH,PL,,ROWLAND HEIGHTS,CA,91748,5132,2019
76,6111,VEN,004-0-143-280,GEORGE B ELLIS,ELLIS GEORGE B,,,,,,,,,LOCKWOOD,CA,,,41015,,,163RD,ST,,LANCASTER,CA,93535,7311,2019
77,6111,VEN,007-0-180-095,KATHLEEN & ARIANNA ELY,ELY KATHLEEN,ELY ARIANNA,,,,,,,,FILLMORE NORTH,CA,,,1006,,,CLAREMONT,RD,,SANTA BARBARA,CA,93105,1913,2019
78,6111,VEN,008-0-140-195,GLOBAL ASSET MANAGEMENT LP,GLOBAL ASSET MANAGEMENT LP,,ATTN JIM J MC GHAN,,,,,,,RINCON,CA,,,5333,,,CASITAS PASS,RD,,VENTURA,CA,93001,8718,2019
79,6111,VEN,008-0-190-450,GARY BRIGHT,BRIGHT GARY ET AL,,ATTN MERRILL LYNCH,,,,,,,VENTURA,CA,93001,,4299,,,CARPINTERIA,AVE,,CARPINTERIA,CA,93013,1830,2019
80,6111,VEN,008-0-190-470,GARY BRIGHT,BRIGHT GARY ET AL,,,,,,,,,VENTURA,CA,93001,,4299,,,CARPINTERIA,AVE,,CARPINTERIA,CA,93013,1830,2019
81,6111,VEN,008-0-230-015,EVELYN HUDSON,HUDSON EVELYN TRUST,HUDSON MARITAL TRUST,,,,,,,,RINCON,CA,,,35,,W,MAIN,ST,,VENTURA,CA,93001,,2019
82,6111,VEN,008-0-230-105,JAMES D HUDSON,HUDSON JAMES D SEP PROP TR,,,,,,,,,RINCON,CA,,,35,,W,MAIN,ST,#B-323,VENTURA,CA,93001,,2019
83,6111,VEN,017-0-361-135,EDWIN L CARTY,CARTY EDWIN L FAMILY TR,CARTY EDWIN L MARITAL TR,,,,,,,,OJAI,CA,,,338,,W,RODERICK,ST,,OXNARD,CA,93030,,2019
84,6111,VEN,023-0-132-050,QUINT MORRIS,MORRIS QUINT,,,504,,S,MONTGOMERY,ST,,OJAI,CA,93023,2734,3222,,,CORTE MALPASO,,#208,CAMARILLO,CA,93012,,2019
85,6111,VEN,024-0-072-305,GRANT W KEMP,KEMP GRANT W,,,186,,,OAK GLEN,AVE,,OJAI,CA,93023,3011,186,,,OAK GLEN,AVE,,OJAI,CA,93023,,2019
86,6111,VEN,024-0-080-100,SCOTT & ROBIN LUTTENBERGER,LUTTENBERGER SCOTT & ROBIN,,,791,,,BOARDMAN,RD,,OJAI,CA,93023,9609,791,,,BOARDMAN,RD,,OJAI,CA,93023,,2019
87,6111,VEN,031-0-093-055,REBECCA A TORRES,TORRES REBECCA A,,,464,,,BURNHAM,RD,,OJAI,CA,,,135,,,WARREN,AVE,,SANTA PAULA,CA,93060,3235,2019
88,6111,VEN,032-0-201-145,YNEZ P LADOW,LADOW YNEZ P TR,,,955,,,BURNHAM,RD,,OJAI,CA,,,955,,,BURNHAM,RD,,OAK VIEW,CA,93022,9339,2019
89,6111,VEN,033-0-120-145,BRUCE W & TANYA M COLE,COLE BRUCE W,COLE TANYA M,,,,,,,,OJAI,CA,,,1495,,,LOMA,DR,,OJAI,CA,93023,3834,2019
90,6111,VEN,041-9-060-084,PARLEE FAMILY TR,PARLEE FAMILY TR,,ATTN HUGHES ENERGY CORP,,,,,,,FILLMORE,CA,93015,,1422,,,GRIMES CANYON,RD,,FILLMORE,CA,93015,9717,2019
91,6111,VEN,041-0-190-010,PETER A & SHARI S DREW,DREW PETER A & SHARI S,,,,,,,,,FILLMORE,CA,,,1445,,,BUENA VISTA,,,VENTURA,CA,93001,,2019
92,6111,VEN,041-0-270-064,ORION PETROLEUM LIMITED,ORION PETROLEUM LIMITED,CONSTELLATION GROUP LIMITED,,,,,,,,FILLMORE,CA,,,500,,,THROCKMORTON,,#2500,FORT WORTH,TX,76102,,2019
93,6111,VEN,043-0-030-240,THOMAS K ERWIN,ERWIN THOMAS K,ROSALES RACHEL R,,1949,,,GRAND,AVE,,FILLMORE,CA,93015,9657,1949,,,GRAND,AVE,,FILLMORE,CA,93015,,2019
94,6111,VEN,043-0-080-915,HOMEBUILDING GROUP GRIFFIN,GRIFFIN HOMEBUILDING GROUP,,ATTN MALOSI TAELEIFI,,,,,,,FILLMORE,CA,,,14071,,,PEYTON,DR,,CHINO HILLS,CA,91709,,2019
95,6111,VEN,046-0-050-170,JUDI A MARINELLI,MARINELLI JUDI A TR,WESTERDALE DONALD E-M J TR,,,,,,,,FILLMORE,CA,,,20461,,,WILD SPRINGS,DR,,SAN ANTONIO,TX,78258,,2019
96,6111,VEN,046-0-050-190,JUDI A MARINELLI,MARINELLI JUDI A TR,WESTERDALE DONALD & MARILYN TR,,,,,,,,FILLMORE,CA,,,20461,,,WILD SPRINGS,DR,,SAN ANTONIO,TX,78258,,2019
97,6111,VEN,046-0-290-265,RICHARD L & VAIDEN L JOWERS,JOWERS RICHARD L & VAIDEN L,,,1405,,,WATERFORD,LN,,FILLMORE,CA,93015,1661,1405,,,WATERFORD,LN,,FILLMORE,CA,93015,1661,2019
98,6111,VEN,052-0-012-335,MARCO A PAEZ,PAEZ MARCO A,NUNEZ CLAUDIA R,,727,02-Jan,,EDISON,LN,,FILLMORE,CA,93015,1048,727,,,EDISON,LN,,FILLMORE,CA,93015,1009,2019
99,6111,VEN,052-0-032-230,RAYMUNDO RODRIGUEZ,RODRIGUEZ RAYMUNDO JR TR,,,713,,,BLAINE,AVE,,FILLMORE,CA,93015,1207,91,,,SUNNYWAY,DR,,VENTURA,CA,93001,1327,2019
100,6111,VEN,052-0-051-285,ERASMO & CARMEN MAGANA,MAGANA ERASMO & CARMEN,,,805,,,SECOND,ST,,FILLMORE,CA,93015,1224,805,,,SECOND,ST,,FILLMORE,CA,93015,,2019
101,6111,VEN,053-0-043-010,NADINE A GRAHAM,GRAHAM NADINE A LIFE EST,,ATTN M BLANKENSHIP EXECUTOR,568,,,KENSINGTON,DR,,FILLMORE,CA,93015,1334,338,,,COLGATE,,,SANTA PAULA,CA,93060,,2019
102,6111,VEN,053-0-074-150,EMMA & JESUS A RODRIGUEZ,RODRIGUEZ EMMA,RODRIGUEZ JESUS A,,328,,,CLAY,ST,,FILLMORE,CA,93015,2004,328,,,CLAY,ST,,FILLMORE,CA,93015,2004,2019
103,6111,VEN,053-0-082-030,GUADALUPE VALDIVIA,VALDIVIA GUADALUPE ET AL,,,131,,,MAIN,ST,,FILLMORE,CA,93015,2116,131,,,MAIN,ST,,FILLMORE,CA,93015,,2019
104,6111,VEN,055-9-140-104,T P C OPERATING INC,T P C OPERATING INC,,,557,,,DE VALLE,,,PIRU,CA,93040,,1601,,,ELM,ST,#926,DALLAS,TX,75201,4701,2019
105,6111,VEN,055-0-190-030,SCOTT ROZIER,ROZIER SCOTT,,,,,,,,,PIRU,CA,,,656,,W,OMAHA,,,CLOVIS,CA,93619,,2019
106,6111,VEN,055-0-201-040,ARTHUR PONCE,PONCE ARTHUR,LOPEZ ARTHUR P,,4249,,,CENTER,ST,,PIRU,CA,93040,8008,4349,,,CENTER,ST,,PIRU,CA,93040,,2019
107,6111,VEN,055-0-260-205,JUAN M ARREDONDO,ARREDONDO JUAN M,,,2050,,S,CAVIN,RD,,PIRU,CA,93040,,,,,PO BOX 432,,,PIRU,CA,93040,,2019
108,6111,VEN,056-0-041-165,BERTHA V JIMENEZ,JIMENEZ BERTHA V,,,965,,,MAIN,ST,,PIRU,CA,93040,8033,,,,PO BOX 174,,,PIRU,CA,93040,174,2019
109,6111,VEN,056-0-120-240,JANET R BERGAMO,BERGAMO JANET R,,,481,,,CAMULOS,PL,,PIRU,CA,93040,8000,,,,PO BOX 382,,,PIRU,CA,93040,382,2019
110,6111,VEN,060-0-064-220,FRANCIS O SULLIVAN,SULLIVAN FRANCIS O III TR,,,,,,,,,RINCON,CA,,,6207,,,WRIGHT,AVE,,BAKERSFIELD,CA,93308,2031,2019
111,6111,VEN,060-0-064-230,FRANCIS O SULLIVAN,SULLIVAN FRANCIS O III TR,,,,,,,,,RINCON,CA,,,6207,,,WRIGHT,AVE,,BAKERSFIELD,CA,93308,2031,2019
112,6111,VEN,060-0-074-080,SARA B SCHULZE,SCHULZE SARA B,,,6843,,,ZELZAH,AVE,,RINCON,CA,,,6207,,,WRIGHT,AVE,,BAKERSFIELD,CA,93308,,2019
113,6111,VEN,060-0-252-380,CRAIG S & PATRICIA A LAWSON,LAWSON CRAIG S & PATRICIA A,,,7963,,,SANTA ANA,RD,,VENTURA,CA,93001,9723,7963,,,SANTA ANA,RD,,VENTURA,CA,93001,9723,2019
114,6111,VEN,060-0-252-515,A PLUS INVESTMENT GROUP LLC,A PLUS INVESTMENT GROUP LLC,,,,,,,,,VENTURA,CA,,,81321,,,CALLE PECOS,,,THOUSAND OAKS,CA,91360,,2019
115,6111,VEN,061-0-034-065,SALVADOR & GEORGINA M O TOLEDO,TOLEDO SALVADOR & GEORGINA M O,,,141,,,MOUNTAIN VIEW,ST,,OJAI,CA,,,48,,,MOUNTAIN VIEW,ST,,OAK VIEW,CA,93022,,2019
116,6111,VEN,061-0-041-105,PAUL HANEY,HANEY PAUL,,,182,,,MOUNTAIN VIEW,ST,,OJAI,CA,,,182,,,MOUNTAIN VIEW,,,OAK VIEW,CA,93022,,2019
117,6111,VEN,063-0-082-145,MICHAEL E DEMELE,DEMELE MICHAEL E ET AL,,,5154,,,NORWAY,DR,,VENTURA,CA,93001,1152,4111,,,SHADY GLADE,DR,,SANTA MARIA,CA,93455,,2019
118,6111,VEN,065-0-042-015,HARRY E & JANET R ALBERT,ALBERT HARRY E JR & JANET R TR,,,1024,,,VIA ONDULANDO,,,VENTURA,CA,93003,1334,1024,,,VIA ONDULANDO,,,VENTURA,CA,93003,1334,2019
119,6111,VEN,069-0-081-205,JUAN M AGUIRRE,AGUIRRE JUAN M,,,365,,,COMSTOCK,DR,,VENTURA,CA,93001,1537,365,,,COMSTOCK,DR,,VENTURA,CA,93001,1537,2019
120,6111,VEN,069-0-121-320,GREGORY N SUSSEX,SUSSEX GREGORY N,,,165,,,EL MEDIO,ST,,VENTURA,CA,93001,1725,7684,,,GRIMES CANYON,RD,,MOORPARK,CA,93021,,2019
121,6111,VEN,070-0-052-125,DAVID D & ROCHEL B DEAN,DEAN DAVID D & ROCHEL B,,,7224,,,MESA,CIR,,VENTURA,CA,93003,1425,7224,,,MESA,CT,,VENTURA,CA,93003,,2019
122,6111,VEN,071-0-062-270,SERAFIN & ALMA FLORES,FLORES SERAFIN & ALMA,,,114,,W,SIMPSON,ST,,VENTURA,CA,93001,1882,114,,W,SIMPSON,ST,,VENTURA,CA,93001,1882,2019
123,6111,VEN,072-0-133-030,SHARI S DREW,DREW SHARI S,,,1445,,,BUENA VISTA,ST,,VENTURA,CA,93001,2210,1445,,,BUENA VISTA,ST,,VENTURA,CA,93001,,2019
124,6111,VEN,075-0-070-170,MICHAEL A SUTTON,SUTTON MICHAEL A,,,1725,,E,OCEAN,AVE,,VENTURA,CA,93001,3301,1725,,,OCEAN,AVE,,VENTURA,CA,93001,,2019
125,6111,VEN,078-0-012-640,ROBERT A GOULD,GOULD ROBERT A ET AL,,,,,,,,,VENTURA,CA,,,44,,,KANEOHE BAY,DR,,KANEOHE,HI,96744,2664,2019
126,6111,VEN,078-0-012-650,ROBERT A GOULD,GOULD ROBERT A ET AL,,,,,,,,,VENTURA,CA,,,44,,,KANEOHE BAY,DR,,KANEOHE,HI,96744,2664,2019
127,6111,VEN,079-0-351-305,PILAR SUMALPONG,SUMALPONG PILAR,,,3700,,,DEAN,DR,3005,VENTURA,CA,93003,3356,3700,,,DEAN,DR,#3005,VENTURA,CA,93003,,2019
128,6111,VEN,082-0-132-105,DAVID P & CAROL J PETREE,PETREE DAVID P & CAROL J,,,5593,,N,BRYN MAWR,ST,,VENTURA,CA,93003,2223,5593,,,BRYN MAWR,ST,,VENTURA,CA,93003,,2019
129,6111,VEN,082-0-191-235,JEANETTE GOMEZ,GOMEZ JEANETTE,,,288,,,BYRON,ST,,VENTURA,CA,93003,2114,288,,,BYRON,,,VENTURA,CA,93003,,2019
130,6111,VEN,083-0-260-125,VICTOR SALAS,SALAS VICTOR,,,674,,,COUNTY SQUARE,DR,204,VENTURA,CA,93003,9017,2418,,,LOBELIA,DR,,OXNARD,CA,93036,,2019
131,6111,VEN,083-0-330-135,M KATHLEEN JOHNSON,JOHNSON M KATHLEEN,,,6745,,,SARGENT,LN,,VENTURA,CA,93003,7569,621,,,JANETWOOD,,,OXNARD,CA,93030,,2019
132,6111,VEN,085-0-010-025,RANCHO DE LAS CEREZAS INC,RANCHO DE LAS CEREZAS INC,,,,,,,,,VENTURA,CA,,,2186,,,KNOLL,DR,#A,VENTURA,CA,93003,,2019
133,6111,VEN,087-0-154-235,JO ANN JANZEN,JANZEN JO ANN TR,,,895,,,GREENSBORO,RD,,VENTURA,CA,93004,2242,895,,,GREENSBORO,RD,,VENTURA,CA,93004,2242,2019
134,6111,VEN,088-0-142-015,WILLIAM W & JANICE J KIRKLAND,KIRKLAND WILLIAM W & JANICE J,,,7398,,,EISENHOWER,ST,,VENTURA,CA,93003,2512,7398,,,EISENHOWER,ST,,VENTURA,CA,93003,2512,2019
135,6111,VEN,089-0-162-115,ROY R GOSSARD,GOSSARD ROY R JR,NGUYEN CINDY T,,1025,,,CACHUMA,AVE,10,VENTURA,CA,93004,2474,1025,,,CACHUMA,AVE,#10,VENTURA,CA,93004,,2019
136,6111,VEN,090-0-103-060,SOPHIE ACOSTA,ACOSTA SOPHIE TRUST,,,1110,,,CAMPANULA,AVE,,VENTURA,CA,93004,3308,,,,PO BOX 4536,,,VENTURA,CA,93007,536,2019
137,6111,VEN,090-0-124-095,EVANGELINA CHAVEZ,CHAVEZ EVANGELINA,PENA MARIO A & JACINTA L,,11295,,,AZAHAR,ST,,VENTURA,CA,93004,1959,11295,,,AZAHAR,ST,,VENTURA,CA,93004,1959,2019
138,6111,VEN,090-0-124-195,SOPHIE ACOSTA,ACOSTA SOPHIE TRUST,,,1262,,,ALELIA,ST,,VENTURA,CA,93004,1987,,,,PO BOX 4536,,,VENTURA,CA,93007,536,2019
139,6111,VEN,090-0-261-210,ROGER REMICK,REMICK ROGER,,,21,,,POINSETTIA GARDENS,DR,21,VENTURA,CA,93004,3322,21,,,POINSETTIA GARDENS,DR,,VENTURA,CA,93004,,2019
140,6111,VEN,097-0-020-085,DEL INVESTMENT FUND #9 LTD,DEL INVESTMENT FUND #9 LTD,,ATTN KEITH HAGAMAN,,,,,,,SANTA PAULA,CA,,,12121,,,WILSHIRE,BLVD,#900,LOS ANGELES,CA,90025,,2019
141,6111,VEN,098-0-030-045,MARK & SUSAN GALLIMORE,GALLIMORE MARK & SUSAN,,,320,,,FELKINS,RD,,SANTA PAULA,CA,,,320,,,FELKINS,RD,,SANTA PAULA,CA,93060,,2019
142,6111,VEN,100-0-125-015,JAYNA L SHRECK,SHRECK JAYNA L,,,930,,,LA VUELTA,PL,,SANTA PAULA,CA,93060,1312,930,,,LA VUELTA,PL,,SANTA PAULA,CA,93060,,2019
143,6111,VEN,100-0-240-105,SUJEY PARRILLA,PARRILLA SUJEY,,,120,,,REDWOOD,LN,,SANTA PAULA,CA,93060,1557,120,,,REDWOOD,LN,,SANTA PAULA,CA,93060,,2019
144,6111,VEN,101-0-051-115,LEE H DUDLEY,DUDLEY LEE H TR,,,1107,,,OJAI,RD,,SANTA PAULA,CA,93060,1120,1103,,,OJAI,RD,,SANTA PAULA,CA,93060,1120,2019
145,6111,VEN,101-0-051-125,LEE H DUDLEY,DUDLEY LEE H TR,,,1103,,,OJAI,RD,,SANTA PAULA,CA,93060,1120,1103,,,OJAI,RD,,SANTA PAULA,CA,93060,1120,2019
146,6111,VEN,101-0-122-225,CARMEN H MAGANA,MAGANA CARMEN H TR EST,,ATTN ROBERT L MAGANA TTEE,521,,N,THIRTEENTH,ST,,SANTA PAULA,CA,93060,1706,757,,,3RD,ST,,FILLMORE,CA,93015,,2019
147,6111,VEN,101-0-133-235,JESSE GONZALEZ,GONZALEZ JESSE III,,,540,,,GUIBERSON,ST,,SANTA PAULA,CA,93060,1721,540,,,GUIBERSON,ST,,SANTA PAULA,CA,93060,,2019
148,6111,VEN,101-0-133-245,GEORGE L THURMAN,THURMAN GEORGE L TR,,,536,,,GUIBERSON,ST,,SANTA PAULA,CA,93060,1721,536,,,GUIBERSON,ST,,SANTA PAULA,CA,93060,1721,2019
149,6111,VEN,101-0-360-105,MARIA S ELIZARRARAZ,ELIZARRARAZ MARIA S ET AL,,,1502,,E,ORCHARD,ST,C,SANTA PAULA,CA,93060,2330,1502,,,ORCHARD,ST,#C,SANTA PAULA,CA,93060,,2019
150,6111,VEN,102-0-123-045,RANDY RUZ,RUZ RANDY,,,308,,,ATMORE,DR,,SANTA PAULA,CA,93060,1904,325,,,PAMELA,LN,,SANTA PAULA,CA,93060,,2019
151,6111,VEN,102-0-193-065,RYSHLOWSKI TR,RYSHLOWSKI TR,,ATTN MARIANNA RYCHLOWSKI TTE,326,,,ACACIA,RD,,SANTA PAULA,CA,93060,3100,326,,,ACACIA,RD,,SANTA PAULA,CA,93060,,2019
152,6111,VEN,102-0-250-175,JEFFREY D SOPRANO,SOPRANO JEFFREY D,,,40,,,BAHIA,CIR,,SANTA PAULA,CA,93060,2408,40,,,BAHIA,CIR,,SANTA PAULA,CA,93060,2408,2019
153,6111,VEN,102-0-330-095,MTG CERT SERIES RTC,RTC MTG CERT SERIES,,ATTN RYLAND MTG CO,,,,,,,SANTA PAULA,CA,,,,,,PO BOX 19120,,,JACKSONVILLE,FL,32245,,2019
154,6111,VEN,104-0-065-135,ARMANDO A & LISA C AGUILAR,AGUILAR ARMANDO A JR & LISA C,,,,,,,,,SANTA PAULA,CA,,,129,,,SONOMA,LN,,SANTA PAULA,CA,93060,2661,2019
155,6111,VEN,105-0-032-095,RENE & NANCY M VASQUEZ,VASQUEZ RENE & NANCY M TR,,,318,,,BLANCHARD,AVE,,SANTA PAULA,CA,93060,1504,318,,,BLANCHARD,ST,,SANTA PAULA,CA,93060,,2019
156,6111,VEN,128-0-100-035,BAND BARBARENO-VENTURENO,BARBARENO-VENTURENO BAND,,ATTN J TUMAMAIT-STENSLIE,,,,,,,VENTURA,CA,93004,,365,,N,POLI,AVE,,OJAI,CA,93023,,2019
157,6111,VEN,128-0-100-045,BAND BARBARENO-VENTURENO,BARBARENO-VENTURENO BAND,,ATTN J TUMAMAIT-STENSLIE,,,,,,,VENTURA,CA,93004,,365,,N,POLI,AVE,,OJAI,CA,93023,,2019
158,6111,VEN,131-0-012-125,DELORIS GILES,GILES DELORIS TR EST,,ATTN CLIFFORD F GILES JR,1383,,,OWENS,AVE,,VENTURA,CA,93004,2036,8514,,,SHERWOOD,DR,#4,WEST HOLLYWOOD,CA,90069,,2019
159,6111,VEN,132-0-180-265,OLGA R ANGELES,ANGELES OLGA R,,,321,,,FOREST PARK,BLVD,,OXNARD,CA,93036,5309,321,,,FOREST PARK,BLVD,,OXNARD,CA,93036,5309,2019
160,6111,VEN,137-0-060-565,JOHN M & LAUREN J DOYEL,DOYEL JOHN M & LAUREN J TR,,,1417,,,ZION,WAY,,VENTURA,CA,93003,7340,341,,,MC GILL,AVE,,VENTURA,CA,93003,,2019
161,6111,VEN,137-0-110-525,KATIE UWANAWICH,UWANAWICH KATIE,,,1300,,,SARATOGA 800,AVE,,VENTURA,CA,,,691,,,VIA ARROYO,,,VENTURA,CA,93003,1320,2019
162,6111,VEN,137-0-110-815,HOUSE ROOT,ROOT HOUSE TR,,ATTN JASON ROOT TTEE,1300,,,SARATOGA,AVE,714,VENTURA,CA,93003,6407,1300,,,SARATOGA,AVE,#714,VENTURA,CA,93003,,2019
163,6111,VEN,137-0-120-105,EMMA C BAILON,BAILON EMMA C TR,,,1300,,,SARATOGA 112,AVE,,VENTURA,CA,,,1300,,,SARATOGA,AVE,#112,VENTURA,CA,93003,,2019
164,6111,VEN,139-0-111-115,ELENA P CIRINO,CIRINO ELENA P,,,1400,,,HOLLY,AVE,,OXNARD,CA,93036,1532,1230,,,HIBISCUS,ST,,OXNARD,CA,93036,2267,2019
165,6111,VEN,139-0-113-145,ELENA P CIRINO,CIRINO ELENA P,,,1220,,,HIBISCUS,ST,,OXNARD,CA,93036,2267,1230,,,HIBISCUS,ST,,OXNARD,CA,93036,2267,2019
166,6111,VEN,140-0-044-155,JOE & ELIZABETH LEON,LEON JOE & ELIZABETH,,,2634,,,NORTHBROOK,DR,,OXNARD,CA,93036,1579,2634,,,NORTHBROOK,DR,,OXNARD,CA,93036,1579,2019
167,6111,VEN,144-0-053-035,ROBERTO ISAIS,ISAIS ROBERTO,JUAREZ ROBERT I,,744,,,WILL,AVE,,OXNARD,CA,93036,1470,744,,,WILL,AVE,,OXNARD,CA,93036,1470,2019
168,6111,VEN,145-0-201-585,BENJAMIN & ANTONIA VILLANUEVA,VILLANUEVA BENJAMIN & ANTONIA,,,2632,,,BALBOA,ST,,OXNARD,CA,93036,1758,835,,,ROSALINDA,DR,,OXNARD,CA,93030,5449,2019
169,6111,VEN,148-0-020-235,ROBERT & PAULINE PEREZ,PEREZ ROBERT & PAULINE,,ATTN PEREZ FAM FUNERAL HOME,1337,,,DEL NORTE,RD,,CAMARILLO,CA,93010,8437,1347,,,DEL NORTE,RD,,CAMARILLO,CA,93010,,2019
170,6111,VEN,149-0-042-195,MOISES C & OLGA L CARDENAS,CARDENAS MOISES C & OLGA L,,,3653,,,ALMOND,DR,,OXNARD,CA,93036,8819,2549,,,IRONSTONE,ST,,OXNARD,CA,93036,6287,2019
171,6111,VEN,151-0-212-010,DMITRI D YOUNG,YOUNG DMITRI D TR,,,2235,,,KLAMATH,DR,,CAMARILLO,CA,93010,2119,2235,,,KLAMATH,DR,,CAMARILLO,CA,93010,,2019
172,6111,VEN,153-0-150-205,STUARD & OLIVIA HARTMAN,HARTMAN STUARD & OLIVIA,,,,,,,,,CAMARILLO,CA,,,363,,,ROWLAND,AVE,,CAMARILLO,CA,93010,,2019
173,6111,VEN,153-0-190-075,DAVID M GRANT,GRANT DAVID M TR,,,2480,,,CALLE CITA,,,CAMARILLO,CA,93010,2371,2480,,,CALLE CITA,,,CAMARILLO,CA,93010,2371,2019
174,6111,VEN,160-0-050-415,MARLBOROUGH DEV CORP,MARLBOROUGH DEV CORP,,,,,,,,,CAMARILLO,CA,93012,,980,,,MONTECITO,DR,#302,CORONA,CA,92879,,2019
175,6111,VEN,160-0-170-475,MARC BAKER,BAKER MARC,,,353,,,ESTANCIA,PL,,CAMARILLO,CA,93012,5244,353,,,ESTANCIA,PL,,CAMARILLO,CA,93012,5244,2019
176,6111,VEN,162-0-034-100,CAMARILLO PROPERTIES,CAMARILLO PROPERTIES TRUST,,ATTN AVEDIS J KALBIAN TTEE,78,,,RAEMERE,ST,,CAMARILLO,CA,93010,6400,5624,,,BEARSLEY,RD,,CAMARILLO,CA,93010,,2019
177,6111,VEN,162-0-160-090,ELDON L WALDEN,WALDEN ELDON L,,,132,,,HOLLY,DR,,CAMARILLO,CA,93010,7920,132,,,HOLLY,AVE,,CAMARILLO,CA,93010,,2019
178,6111,VEN,163-0-452-065,VITO & DAVID CHIMIENTI,CHIMIENTI VITO,CHIMIENTI DAVID,,4691,,,CALLE DESCANSO,,,CAMARILLO,CA,93012,4087,326,,,COMMONS PARK,DR,,CAMARILLO,CA,93012,,2019
179,6111,VEN,164-0-210-195,JACQUELINE H BREITLING,BREITLING JACQUELINE H,,,,,,,,,CAMARILLO,CA,,,,,,PO BOX 22107,,,SANTA BARBARA,CA,93121,2107,2019
180,6111,VEN,166-0-113-085,MARGOT M RICHARD,RICHARD MARGOT M TR,,,2758,,,MCCULLOCH,ST,,CAMARILLO,CA,93010,6530,2758,,,MCCULLOCH,ST,,CAMARILLO,CA,93010,6530,2019
181,6111,VEN,167-0-144-025,STEVEN R & BONNIE L BAEHNE,BAEHNE STEVEN R & BONNIE L,,,3378,,,CORBY,AVE,,CAMARILLO,CA,93010,3808,3378,,,CORBY,ST,,CAMARILLO,CA,93010,,2019
182,6111,VEN,171-0-024-245,DWAIN C & FIAPAI R CHATMAN,CHATMAN DWAIN C & FIAPAI R,,,5564,,,HOLLY RIDGE,DR,,CAMARILLO,CA,93012,5523,5564,,E,HOLLY RIDGE,DR,,CAMARILLO,CA,93012,,2019
183,6111,VEN,171-0-082-365,RICHARD A & JULIE L COVEY,COVEY RICHARD A & JULIE L,,,740,,,HUNT,CIR,,CAMARILLO,CA,93012,5256,4767,,,LA PUMA,CT,,CAMARILLO,CA,93012,,2019
184,6111,VEN,179-0-111-215,AURELIO & MARTHA H JAUREGUI,JAUREGUI AURELIO & MARTHA H,,,2630,,,BELLERIVE,CT,,OXNARD,CA,93036,2753,2630,,,BELLERIVE,CT,,OXNARD,CA,93036,2753,2019
185,6111,VEN,183-0-250-100,ARTHUR P CHAVEZ,CHAVEZ ARTHUR P,,,1156,,,PATTERSON,RD,,OXNARD,CA,93035,2501,,,,P O BOX 6404,,,OXNARD,CA,93031,,2019
186,6111,VEN,185-0-154-105,DREAMS HAPPEN INTL MAKING,MAKING DREAMS HAPPEN INTL,,,2131,,,ORLOP,PL,,OXNARD,CA,93035,1205,2955,,E,HILLCREST,DR,#108,THOUSAND OAKS,CA,91362,,2019
187,6111,VEN,188-0-140-025,SHARON AHART,AHART SHARON,,,1723,,,EMERALD ISLE,WAY,,OXNARD,CA,93035,2942,,,,PO BOX 1374,,,RICHLAND,WA,99352,1374,2019
188,6111,VEN,189-0-182-025,WILLIAM FILLYAW,FILLYAW WILLIAM III,,,109,,E,CHANNEL ISLANDS,BLVD,,PORT HUENEME,CA,93041,1922,109,,E,CHANNEL ISLAND,BLVD,,PORT HUENEME,CA,93041,,2019
189,6111,VEN,189-0-312-285,MARIA I VILLANUEVA,VILLANUEVA MARIA I,,,2563,,,TILLER,AVE,,PORT HUENEME,CA,93041,1350,2563,,N,TILLER,AVE,,PORT HUENEME,CA,93041,,2019
190,6111,VEN,196-0-010-105,OXNARD DUNES LLC,OXNARD DUNES LLC,,,,,,,,,OXNARD,CA,,,11520,,,SAN VICENTE,BLVD,#108,LOS ANGELES,CA,90049,6200,2019
191,6111,VEN,196-0-010-125,OXNARD DUNES LLC,OXNARD DUNES LLC,,,,,,,,,OXNARD,CA,,,11520,,,SAN VICENTE,BLVD,#108,LOS ANGELES,CA,90049,6200,2019
192,6111,VEN,200-0-063-185,ALFRED A & VENUS J NICOLAS,NICOLAS ALFRED A & VENUS J TR,,,1411,,,JUNEWOOD,WAY,,OXNARD,CA,93030,3335,1411,,,JUNEWOOD,WAY,,OXNARD,CA,93030,3335,2019
193,6111,VEN,200-0-263-095,ADAM SHERMAN,SHERMAN ADAM,,,532,,N,VENTURA,RD,,OXNARD,CA,93030,4807,532,,N,VENTURA,RD,,OXNARD,CA,93030,4807,2019
194,6111,VEN,200-0-480-015,FRANCISCO J GUTIERREZ,GUTIERREZ FRANCISCO J,,,1200,,N,VENTURA,RD,1A,OXNARD,CA,93030,3863,1200,,N,VENTURA,RD,#D,OXNARD,CA,93030,,2019
195,6111,VEN,201-0-031-050,CONCEPTION G FLORES,FLORES CONCEPTION G TR,,,509,,N,MC KINLEY,AVE,,OXNARD,CA,93030,3661,509,,N,MC KINLEY,AVE,,OXNARD,CA,93030,,2019
196,6111,VEN,201-0-051-060,BRICIO G ZARAGOZA,ZARAGOZA BRICIO G,RAMIREZ GLORIA S,,401,,N,HARRISON,ST,,OXNARD,CA,93030,3620,327,,N,HARRISON,AVE,,OXNARD,CA,93030,,2019
197,6111,VEN,201-0-051-070,BRICIO G ZARAGOZA,ZARAGOZA BRICIO G,RAMIREZ GLORIA S,,327,,N,HARRISON,ST,,OXNARD,CA,93030,3620,327,,N,HARRISON,AVE,,OXNARD,CA,93030,,2019
198,6111,VEN,201-0-054-130,JULIA M DIAZ,DIAZ JULIA M,,,224,,N,GRANT,AVE,,OXNARD,CA,93030,3655,224,,N,GRANT,ST,,OXNARD,CA,93030,,2019
199,6111,VEN,201-0-190-015,TIGER VENTURA COUNTY L P,TIGER VENTURA COUNTY L P,,ATTN J SCOTT NESBIT,,,,,,,OXNARD,CA,,,11150,,,SANTA MINICA,BLVD,#1450,LOS ANGELES,CA,90025,,2019
200,6111,VEN,202-0-071-020,GUSTAVO DEC VAZQUEZ,VAZQUEZ GUSTAVO DEC,,ATTN GUSTAVO VAZQUEZ JR REP,211,,S,E,ST,,OXNARD,CA,93030,5703,378,,N,VENTURA,AVE,,VENTURA,CA,93001,,2019
201,6111,VEN,202-0-110-235,CH W COAST ASSN PLANTING & FIRST FREE WILL BAPTIST,CH W COAST ASSN PLANTING,CH FIRST FREE WILL BAPTIST,,831,,W,SEVENTH,ST,,OXNARD,CA,93030,6879,809,,N,M,ST,,OXNARD,CA,93030,,2019
202,6111,VEN,202-0-125-140,SHELLY CRICK,CRICK SHELLY,,,610,,S,G,ST,,OXNARD,CA,93030,6950,610,,S,G,ST,,OXNARD,CA,93030,,2019
203,6111,VEN,202-0-131-060,JOSE RODRIGUEZ,RODRIGUEZ JOSE,,,543,,S,C,ST,,OXNARD,CA,93030,7001,1511,,,CALIFORNIA,ST,,OXNARD,CA,93033,1710,2019
204,6111,VEN,202-0-162-270,HARRIET A WEIGEL,WEIGEL HARRIET A SURV TRUST A,,,914,,,ILENA,ST,,OXNARD,CA,93030,6813,161,,W,CHANNEL ISLANDS,BLVD,,PORT HUENEME,CA,93041,1807,2019
205,6111,VEN,203-0-042-160,THOMAS A ZUPPARDI,ZUPPARDI THOMAS A,,,932,,W,WOOLEY,RD,,OXNARD,CA,93030,6819,932,,W,WOOLEY,RD,,OXNARD,CA,93030,,2019
206,6111,VEN,203-0-092-160,TORIBIO J & ROSE L PRECIADO,PRECIADO TORIBIO J & ROSE L,,,1259,,W,CEDAR,ST,,OXNARD,CA,93033,3005,1259,,W,CEDAR,ST,,OXNARD,CA,93033,3005,2019
207,6111,VEN,203-0-112-520,C STREET PARTNERS,C STREET PARTNERS,,ATTN BLAKE-WADE REALTY,1315,,S,C,ST,,OXNARD,CA,93033,3200,1300,,,EASTMAN,AVE,#202,VENTURA,CA,93003,,2019
208,6111,VEN,203-0-331-025,CARL GOODWIN,GOODWIN CARL JR EST,,ATTN CHARLES GOODWIN ADMIN,2641,,S,J,ST,,OXNARD,CA,93033,4469,2641,,S,J,ST,,OXNARD,CA,93030,,2019
209,6111,VEN,204-0-085-320,JACQUELINE HESTER,HESTER JACQUELINE,,,1744,,,SAVIERS,RD,,OXNARD,CA,93033,3612,5101,,,BREAKWATER,WAY,,OXNARD,CA,93035,1802,2019
210,6111,VEN,205-0-341-125,HENRY T MORENO,MORENO HENRY T,,,4231,,S,J,ST,,OXNARD,CA,93033,6317,301,,W,VINEYARD,,#432,OXNARD,CA,93036,,2019
211,6111,VEN,206-0-044-040,HARRIET CREDIT SHTR WEIGEL,WEIGEL HARRIET CREDIT SHTR TR B,,,222,,E,C,ST,,OXNARD,CA,,,161,,W,CHANNEL ISLANDS,BLVD,,PORT HUENEME,CA,93041,1807,2019
212,6111,VEN,206-0-074-100,CLIVE WAYNE,WAYNE CLIVE,,,229,,E,SCOTT,ST,,OXNARD,CA,,,229,,,SCOTT,ST,,PORT HUENEME,CA,93041,,2019
213,6111,VEN,207-0-031-165,BRUCE & RAFAELA CANNISTRACI,CANNISTRACI BRUCE & RAFAELA,,,1124,,,SIXTH,ST,,PORT HUENEME,CA,93041,2518,1124,,N,SIXTH,ST,,PORT HUENEME,CA,93041,,2019
214,6111,VEN,208-0-220-015,HECTOR R & PATRICIA SAENZ,SAENZ HECTOR R & PATRICIA TR,SAENZ FRANCISCO R,,229,,S,VENTURA,RD,109,PORT HUENEME,CA,93041,3383,42540,,,- 23RD,ST,,LANCASTER,CA,93536,,2019
215,6111,VEN,214-0-130-365,PINNACLE OXNARD L P,PINNACLE OXNARD L P,,,,,,,,,OXNARD,CA,93030,,24361,,,EL TORO,RD,#220,LAGUNA WOODS,CA,92653,,2019
216,6111,VEN,216-0-072-255,RODOLFO B & CARMEN T PENA,PENA RODOLFO B & CARMEN T,,,200,,,ALPINE,ST,,OXNARD,CA,93030,5536,,,,PO BOX 973,,,OXNARD,CA,93032,973,2019
217,6111,VEN,218-0-082-040,ESTERINA B TUASON,TUASON ESTERINA B,,,3735,,,DUFAU,RD,,OXNARD,CA,93033,8233,601,,,ALAMEDA PADRE SERRA,,,SANTA BARBARA,CA,93103,2137,2019
218,6111,VEN,220-0-076-035,DARLENE V GONZALES,GONZALES DARLENE V,,,1944,,,O NEILL,PL,,OXNARD,CA,93033,4720,1944,,,O NEIL,ST,,OXNARD,CA,93033,,2019
219,6111,VEN,220-0-241-315,CELIA LLORIN,LLORIN CELIA TRUST,,,1824,,,KENNEDY,PL,,OXNARD,CA,93033,1817,1824,,,KENNEDY,PL,,OXNARD,CA,93033,1817,2019
220,6111,VEN,222-0-254-065,DAVID H SWINGLER,SWINGLER DAVID H,,,4305,,,SAN JUAN,AVE,,OXNARD,CA,93033,7211,325,,,DORIS,AVE,,OXNARD,CA,93030,4913,2019
221,6111,VEN,224-0-035-035,FRANCISCO & ERADA YTOM,YTOM FRANCISCO & ERADA FAM TR,,,1921,,,NASHVILLE,PL,,OXNARD,CA,93033,7940,1790,,,MONTSALAS,CT,,CAMARILLO,CA,93012,,2019
222,6111,VEN,224-0-054-125,TODD K V MITCHELL,MITCHELL TODD K V,DAY WILLIAM,,1852,,,SANFORD,ST,,OXNARD,CA,93033,7912,1852,,,SANFORD,ST,,OXNARD,CA,93033,7912,2019
223,6111,VEN,230-0-051-485,LANDOWNERS NOMINEE INC,LANDOWNERS NOMINEE INC,,ATTN OXNARD MUTUAL WATER CO,,,,,,,,CA,,,664,,,LAGUNA,RD,,CAMARILLO,CA,93012,8523,2019
224,6111,VEN,230-0-071-051,DARYL ARNOLD,ARNOLD DARYL,,ATTN LARRY M ARNOLD,,,,,,,OXNARD,CA,,,2424,,SE,BRISTOL,ST,#300,NEWPORT BEACH,CA,92660,,2019
225,6111,VEN,231-0-032-165,CLARENCE W HAACK,HAACK CLARENCE W TR ET AL,,,,,,,,,OXNARD,CA,,,6200,,,PERKINS,RD,,OXNARD,CA,93033,9050,2019
226,6111,VEN,234-0-340-095,ANTHONY J & ELAINA H FOTE,FOTE ANTHONY J & ELAINA H,,,28,,,CALLE CATALUNA,,,CAMARILLO,CA,93012,9470,205,,,SAINT CROIX,CT,,OAK PARK,CA,91377,,2019
227,6111,VEN,500-0-140-045,MAD DOG ENTERPRISES,MAD DOG ENTERPRISES,,,8775,,,GRIMES CANYON,RD,,MOORPARK,CA,93021,,,,,PO BOX 933,,,SOMIS,CA,93066,933,2019
228,6111,VEN,500-0-370-174,ALICE BINNS BUROW,BUROW ALICE BINNS ET AL,,ATTN HEBEL HELEN B,,,,,,,SIMI VALLEY,CA,,,6525,,E,ROBIN,LN,,CHATTAROY,WA,99003,8905,2019
229,6111,VEN,506-0-073-045,JOEL R & JULIE B BRYAN,BRYAN JOEL R & JULIE B,,,12604,,,AMBERMEADOW,ST,,MOORPARK,CA,93021,2748,12604,,,AMBERMEADOW,ST,,MOORPARK,CA,93021,2748,2019
230,6111,VEN,507-0-243-035,BRAD J LAWSON,LAWSON BRAD J,HAGMAN THERESA,,4323,,,WOODGLEN,DR,,MOORPARK,CA,93021,2329,13879,,,STAGECOACH,TRL,,MOORPARK,CA,93021,,2019
231,6111,VEN,512-0-062-060,JUSTIN G EKBACK,EKBACK JUSTIN G,,,71,,,CHARLES,ST,,MOORPARK,CA,93021,1232,49,,,CHARLES,ST,,MOORPARK,CA,93021,,2019
232,6111,VEN,512-0-141-115,CHRISTOPHER O & ANN L DOWD,DOWD CHRISTOPHER O,DOWD ANN L,,445,,,MILLARD,ST,,MOORPARK,CA,93021,1918,445,,,MILLARD,ST,,MOORPARK,CA,93021,1918,2019
233,6111,VEN,513-0-032-345,ROY M & NORA G VILLANUEVA,VILLANUEVA ROY M & NORA G,VILLANUEVA SYLVIA A,,14445,,,AVENIDA COLONIA,,,MOORPARK,CA,93021,9761,14445,,,AVENIDA COLONIA,,,MOORPARK,CA,93021,,2019
234,6111,VEN,516-0-220-225,JOSE I & ANA MARIA IPATZI,IPATZI JOSE I & ANA MARIA,MELENDEZ NOE & GUADALUPE H TR,,10680,,,CITRUS,DR,,MOORPARK,CA,93021,9797,1310,,,LOS PRIETOS,CT,,OXNARD,CA,93035,2737,2019
235,6111,VEN,523-0-191-105,ED & NINA L FRANK,FRANK ED & NINA L,,,316,,,QUEENSBURY,ST,,THOUSAND OAKS,CA,91360,2052,,,,PO BOX 3042,,,THOUSAND OAKS,CA,91359,42,2019
236,6111,VEN,523-0-211-025,WILLIAM R & IRENE SHELLEY,SHELLEY WILLIAM R & IRENE TR,,,1858,,,MARLOWE,ST,,THOUSAND OAKS,CA,91360,3331,1858,,,MARLOWE,ST,,THOUSAND OAKS,CA,91360,3331,2019
237,6111,VEN,550-0-030-120,DALIA LTD ET AL,DALIA LTD ET AL,,,,,,,,,SANTA ROSA VALLEY,CA,93012,,1801,,,AVE OF THE STARS,,,LOS ANGELES,CA,90067,,2019
238,6111,VEN,551-0-091-180,JENNIFER M BOWIE,BOWIE JENNIFER M,,,366,,,RAINDANCE,ST,,THOUSAND OAKS,CA,91360,1214,366,,,RAINDANCE,ST,,THOUSAND OAKS,CA,91360,1214,2019
239,6111,VEN,551-0-160-145,CURT OSBORNE,OSBORNE CURT,,,2872,,,CONEFLOWER,ST,,THOUSAND OAKS,CA,91360,1634,2872,,,CONEFLOWER,ST,,THOUSAND OAKS,CA,91360,,2019
240,6111,VEN,552-0-013-115,HUGH W BARBER,BARBER HUGH W,LEWIS EVELYN M,,502,,,FARGO,ST,,THOUSAND OAKS,CA,91360,1517,646,,,VIA LINDA,,,THOUSAND OAKS,CA,91320,6781,2019
241,6111,VEN,570-0-140-265,REZA A MEMARZIA,MEMARZIA REZA A,,,1773,,E,AV DE LAS FLORES,,,THOUSAND OAKS,CA,91362,1518,2794,,,DENISE,ST,,THOUSAND OAKS,CA,91320,3078,2019
242,6111,VEN,571-0-170-675,SRG COBBLESTONE LLC,SRG COBBLESTONE LLC,,ATTN W THORMAHLEN,,,,,,,THOUSAND OAKS,CA,91362,,1275,,,CENTER COURT,DR,,COVINA,CA,91724,3602,2019
243,6111,VEN,592-0-072-205,RUBEN ROCHA,ROCHA RUBEN,,,766,,,CALLE CONTENTO,,,THOUSAND OAKS,CA,91360,6101,778,,,CALLE CONTENTO,,,THOUSAND OAKS,CA,91360,,2019
244,6111,VEN,597-0-042-105,DAVID & CHRISTY PARK,PARK DAVID & CHRISTY,,,2880,,,WOODFLOWER,ST,,THOUSAND OAKS,CA,91362,1173,2880,,,WOODFLOWER,ST,,THOUSAND OAKS,CA,91362,1173,2019
245,6111,VEN,611-0-294-345,TIMOTHY M SHANKS,SHANKS TIMOTHY M,,,2642,,,RESERVOIR,DR,,SIMI VALLEY,CA,93065,1331,2642,,,RESERVOIR,DR,,SIMI VALLEY,CA,93065,1333,2019
246,6111,VEN,613-0-122-095,MARK & PETRA ZAICH,ZAICH MARK & PETRA TR,,,2767,,,DALENHURST,PL,,SIMI VALLEY,CA,93065,1412,2767,,,DALENHURST,PL,,SIMI VALLEY,CA,93065,,2019
247,6111,VEN,613-0-270-175,VENTUR & SIMI PRISKE-JONES,PRISKE-JONES VENTUR & SIMI II,,,,,,,,,SIMI VALLEY,CA,,,10,,,ALABAMA,CT,,HOUSTON,TX,77027,5909,2019
248,6111,VEN,614-9-010-014,CLARENCE R BARNETT,BARNETT CLARENCE R,,,529,,,SIMI,,,SIMI VALLEY,CA,,,4946,,,BURNS,ST,,VENTURA,CA,93003,2050,2019
249,6111,VEN,614-9-010-024,CLARENCE R BARNETT,BARNETT CLARENCE R,,,529,,,SIMI,,,SIMI VALLEY,CA,,,4946,,,BURNS,ST,,VENTURA,CA,93003,2050,2019
250,6111,VEN,614-0-040-105,ESTELLA L DUENAS,DUENAS ESTELLA L TR,,,3387,,,TAPO CYN,RD,,SIMI VALLEY,CA,93063,1018,3387,,,TAPO CANYON,RD,,SIMI VALLEY,CA,93063,1018,2019
251,6111,VEN,615-0-391-060,RACHELLE F BOWERS,BOWERS RACHELLE F,,,2466,,,SAINT CLAIR,AVE,,SIMI VALLEY,CA,93063,3638,965,,W,NICKERSON,ST,#45,SEATTLE,WA,98119,,2019
252,6111,VEN,616-0-121-175,SHANE SHIRE,SHIRE SHANE,,,3189,,,PEORIA,AVE,,SIMI VALLEY,CA,93063,1656,3189,,N,PEORIA,AVE,,SIMI VALLEY,CA,93063,,2019
253,6111,VEN,616-0-190-595,AIMAL & AIMEN ASSIL,ASSIL AIMAL,ASSIL AIMEN,,4166,,,LAREDO,LN,B,SIMI VALLEY,CA,93063,1688,3990,,,BRIDLECREST,AVE,,SIMI VALLEY,CA,93063,,2019
254,6111,VEN,620-0-150-205,MONTE S MINTHORNE,MINTHORNE MONTE S ET AL,,,,,,,,,SIMI VALLEY,CA,,,807,,,BLOOMINGDALE,DR,,ORLANDO,FL,32828,,2019
255,6111,VEN,620-0-260-095,PAUL J & CATHY M DIAMOND,DIAMOND PAUL J & CATHY M TR,,ATTN W R GALLINAT,,,,,,,SIMI VALLEY,CA,,,11266,,,HERITAGE GREEN,DR,,CORNELIUS,NC,28031,7405,2019
256,6111,VEN,627-0-141-095,CARMELITA M CLAYTON,CLAYTON CARMELITA M TR,RUH MARIJEANNE TR,,2990,,,GALVESTON,DR,,SIMI VALLEY,CA,93063,1812,2990,,,GALVESTON,AVE,,SIMI VALLEY,CA,93063,,2019
257,6111,VEN,628-0-192-015,BRIAN FINNIGAN,FINNIGAN BRIAN,,,,,,,,,SIMI VALLEY,CA,,,414,,E,2ND,ST,,CALEXICO,CA,92231,2847,2019
258,6111,VEN,628-0-240-195,INDIAN HILLS ASSOCIATES,INDIAN HILLS ASSOCIATES,,,,,,,,,SIMI VALLEY,CA,,,9090,,,WILSHIRE,BLVD,#3,BEVERLY HILLS,CA,90211,1851,2019
259,6111,VEN,628-0-240-205,INDIAN HILLS ASSOCIATES,INDIAN HILLS ASSOCIATES,,ATTN DARREN EMBRY,,,,,,,SIMI VALLEY,CA,,,9090,,,WILSHIRE,BLVD,,BEVERLY HILLS,CA,90211,1848,2019
260,6111,VEN,630-0-070-555,WAYNE W FINLEY,FINLEY WAYNE W,,,,,,,,,SIMI VALLEY,CA,,,1049,,,COLINA VISTA,,,VENTURA,CA,93003,,2019
261,6111,VEN,630-0-100-525,CAROL S CORIO,CORIO CAROL S,,,383,,,ARISTOTLE,ST,,SIMI VALLEY,CA,93065,1706,383,,,ARISTOTLE,ST,,SIMI VALLEY,CA,93065,1706,2019
262,6111,VEN,631-0-160-055,JAMIE R ROBBINS,ROBBINS JAMIE R,,,1712,,,SINALOA 105,RD,,SIMI VALLEY,CA,,,1712,,,SINALOA,RD,#105,SIMI VALLEY,CA,93065,,2019
263,6111,VEN,632-0-192-035,EVELYN LOFTON,LOFTON EVELYN TR EST,,ATTN GLENN M LOFTON,1354,,,AGNEW,ST,,SIMI VALLEY,CA,93065,1917,1354,,,AGNEW,ST,,SIMI VALLEY,CA,93065,1917,2019
264,6111,VEN,632-0-301-095,SCOTT E LEACH,LEACH SCOTT E,,,1403,,,BUCKSKIN,AVE,,SIMI VALLEY,CA,93065,3315,1403,,,BUCKSKIN,AVE,,SIMI VALLEY,CA,93065,3315,2019
265,6111,VEN,633-0-024-165,JOHN W & CORIBEL A STARR,STARR JOHN W & CORIBEL A,,,2224,,,TRINWAY,AVE,,SIMI VALLEY,CA,93065,2750,2224,,,TRINWAY,AVE,,SIMI VALLEY,CA,93065,2750,2019
266,6111,VEN,634-0-073-045,ROBERT RUIZ,RUIZ ROBERT,,,2908,,,FLETCHER,ST,,SIMI VALLEY,CA,93065,5271,2908,,,FLETCHER,ST,,SIMI VALLEY,CA,93065,,2019
267,6111,VEN,634-0-082-105,RONALD G HENZLIK,HENZLIK RONALD G,,,3074,,,FLETCHER,ST,,SIMI VALLEY,CA,93065,5263,3074,,,FLETCHER,ST,,SIMI VALLEY,CA,93065,5263,2019
268,6111,VEN,638-0-276-190,LUCY & NARINE KASPARIAN,KASPARIAN LUCY,KASPARIAN NARINE,,,,,,,,SIMI VALLEY,CA,,,2155,,,RIMCREST,DR,,GLENDALE,CA,91207,1058,2019
269,6111,VEN,640-0-223-145,FRANK MARQUEZ,MARQUEZ FRANK TR EST,,ATTN MAGDALENA BELTRAN,1831,,,KEARNEY,AVE,,SIMI VALLEY,CA,93065,4561,843,,,ASHLAND,AVE,,SIMI VALLEY,CA,93065,,2019
270,6111,VEN,641-0-024-055,JOHN E SALEM,SALEM JOHN E,,,2259,,,WISTERIA,ST,,SIMI VALLEY,CA,93065,2654,2319,,,LUPIN,ST,,SIMI VALLEY,CA,93065,2640,2019
271,6111,VEN,641-0-035-035,MONICA M MUENNICH,MUENNICH MONICA M TR ET AL,,,2335,,,MADRONE,ST,,SIMI VALLEY,CA,93065,2628,2335,,,MADRONE,ST,,SIMI VALLEY,CA,93065,2628,2019
272,6111,VEN,644-0-130-060,ANTHONY RUIZ,RUIZ ANTHONY EXEC,,ATTN MARY V RUIZ ESTATE,,,,,,,SIMI VALLEY,CA,,,224,,,SAN GABRIEL,LN,,PLACENTIA,CA,92870,6221,2019
273,6111,VEN,644-0-140-595,BOULDER VALLEY TRANSFER INC,BOULDER VALLEY TRANSFER INC,,,1750,,,TAPO,ST,,SIMI VALLEY,CA,93063,3435,481,,S,AUTHER,AVE,,LOUISVILLE,CO,80027,,2019
274,6111,VEN,645-0-104-055,LORETTA F GRINSTEAD,GRINSTEAD LORETTA F TRUST,,,6015,,,PEPPERTREE,LN,,SIMI VALLEY,CA,93063,4649,6015,,,PEPPERTREE,LN,,SANTA SUSANA,CA,93063,4649,2019
275,6111,VEN,646-0-099-040,GERRIT & JEFF GREEN,GREEN GERRIT,GREEN JEFF,,,,,,,,SIMI VALLEY,CA,,,3115,,,MARATHON,ST,,LOS ANGELES,CA,90026,2826,2019
276,6111,VEN,646-0-099-050,GERRIT & JEFF GREEN,GREEN GERRIT,GREEN JEFF,,,,,,,,SIMI VALLEY,CA,,,3115,,,MARATHON,ST,,LOS ANGELES,CA,90026,2826,2019
277,6111,VEN,646-0-105-090,NHAN THI TRAN,TRAN NHAN THI,,,,,,,,,SIMI VALLEY,CA,,,14429,,,CHADRON,AVE,#40,HAWTHORNE,CA,90250,,2019
278,6111,VEN,646-0-105-110,FELIX & MARIA C DIAZ,DIAZ FELIX & MARIA C,,,,,,,,,SIMI VALLEY,CA,,,2015,,,SAN JOSE,ST,,OXNARD,CA,93030,5147,2019
279,6111,VEN,646-0-114-060,ECO HOMEBUILDERS LLC,ECO HOMEBUILDERS LLC,,,,,,,,,SIMI VALLEY,CA,,,,,,P O BOX 534,,,OAK VIEW,CA,93022,,2019
280,6111,VEN,647-0-021-030,RANJIT K GILL,GILL RANJIT K,,,,,,,,,SIMI VALLEY,CA,,,3115,,,MARATHON,ST,,LOS ANGELES,CA,90026,2826,2019
281,6111,VEN,647-0-032-180,OWNERS UNKNOWN,UNKNOWN OWNERS,POPEJOY C,,,,,,,,SIMI VALLEY,CA,93063,,404,,E,CHEVY CHASE,,#205,GLENDALE,CA,91205,,2019
282,6111,VEN,647-0-050-100,BARTON W FISHBACK,FISHBACK BARTON W,,,,,,,,,SIMI VALLEY,CA,,,3106,,,CALUSA,,,SIMI VALLEY,CA,93063,,2019
283,6111,VEN,648-0-095-020,RED APPLE LLC,RED APPLE LLC,,,,,,,,,SIMI VALLEY,CA,,,22647,,,VENTURA,BLVD,#450,WOODLAND HILLS,CA,91364,,2019
284,6111,VEN,648-0-097-100,ADELA NARANJO,NARANJO ADELA,,,,,,,,,SIMI VALLEY,CA,,,1464,,,VIDA,DR,,OXNARD,CA,93030,122,2019
285,6111,VEN,648-0-121-180,AFTON P MRS STROM,STROM AFTON P MRS ESTATE,,ATTN LAWRENCE R STROM II,,,,,,,SIMI VALLEY,CA,,,2505,,,LAUREL,PASS,,LOS ANGELES,CA,90046,1403,2019
286,6111,VEN,648-0-123-290,RED APPLE LLC,RED APPLE LLC,,,,,,,,,SIMI VALLEY,CA,,,22647,,,VENTURA,BLVD,#450,WOODLAND HILLS,CA,91364,,2019
287,6111,VEN,648-0-123-310,RED APPLE LLC,RED APPLE LLC,,,,,,,,,SIMI VALLEY,CA,,,22647,,,VENTURA,,#450,WOODLAND HILLS,CA,91364,,2019
288,6111,VEN,648-0-152-020,BARRY LENEMAN,LENEMAN BARRY,IREDALE KIRSTY,,,,,,,,SIMI VALLEY,CA,,,2316,,,GLENDON,AVE,,LOS ANGELES,CA,90064,,2019
289,6111,VEN,648-0-154-040,BARRY LENEMAN,LENEMAN BARRY,IREDALE KIRSTY,,,,,,,,SIMI VALLEY,CA,,,2316,,,GLENDON,AVE,,LOS ANGELES,CA,90064,,2019
290,6111,VEN,648-0-154-050,ELSAM CO,ELSAM CO,,ATTN DENVER TURNER,,,,,,,SIMI VALLEY,CA,,,330,,N,CLIFFWOOD,AVE,,LOS ANGELES,CA,90049,2618,2019
291,6111,VEN,648-0-155-020,BARRY LENEMAN,LENEMAN BARRY,IREDALE KIRSTY,,,,,,,,SIMI VALLEY,CA,,,2316,,,GLENDON,AVE,,LOS ANGELES,CA,90064,,2019
292,6111,VEN,648-0-155-090,ELSAM CO,ELSAM CO,,ATTN DENVER TURNER,,,,,,,SIMI VALLEY,CA,,,330,,N,CLIFFWOOD,AVE,,LOS ANGELES,CA,90049,2618,2019
293,6111,VEN,649-0-010-010,CAROL L FISHBACK,FISHBACK CAROL L,,,,,,,,,SIMI VALLEY,CA,,,3106,,,CALUSA,AVE,,SIMI VALLEY,CA,93063,5709,2019
294,6111,VEN,649-0-010-405,DONALD W HENRY,HENRY DONALD W,VOGELSANG MARGARET L,,,,,,,,SIMI VALLEY,CA,,,5525,,,OAKDALE,AVE,#165,WOODLAND HILLS,CA,91364,,2019
295,6111,VEN,649-0-020-090,B WAYNE & CAROL FISHBACK,FISHBACK B WAYNE & CAROL,,,,,,,,,SIMI VALLEY,CA,,,3106,,,CALUSA,AVE,,SIMI VALLEY,CA,93063,5709,2019
296,6111,VEN,649-0-020-100,B WAYNE & CAROL FISHBACK,FISHBACK B WAYNE & CAROL,,,,,,,,,SIMI VALLEY,CA,,,3106,,,CALUSA,AVE,,SIMI VALLEY,CA,93063,5709,2019
297,6111,VEN,649-0-020-110,B WAYNE & CAROL FISHBACK,FISHBACK B WAYNE & CAROL,,,,,,,,,SIMI VALLEY,CA,,,3106,,,CALUSA,AVE,,SIMI VALLEY,CA,93063,5709,2019
298,6111,VEN,649-0-080-010,ALLAN W BOUCKE,BOUCKE ALLAN W,,,,,,,,,SIMI VALLEY,CA,,,7945,,,OSTROM,AVE,,VAN NUYS,CA,91406,1017,2019
299,6111,VEN,649-0-080-020,ALLAN W BOUCKE,BOUCKE ALLAN W,,,,,,,,,SIMI VALLEY,CA,,,7945,,,OSTROM,AVE,,VAN NUYS,CA,91406,1017,2019
300,6111,VEN,649-0-080-210,DONALD HENRY,HENRY DONALD ET AL,,,,,,,,,SIMI VALLEY,CA,,,76,,,BEGONIA,LN,,PALM DESERT,CA,92211,,2019
301,6111,VEN,649-0-090-040,ROBERT T TORGERSON,TORGERSON ROBERT T,,,,,,,,,SIMI VALLEY,CA,,,20401,,,SOLEDAND CANYON,RD,#369,CANYON COUNTRY,CA,91361,,2019
302,6111,VEN,649-0-090-120,J KIMBERLY WATSON,WATSON J KIMBERLY,,,,,,,,,SIMI VALLEY,CA,,,585,,,25 1/2,RD,#245,GRAND JUNCTION,CO,81505,,2019
303,6111,VEN,649-0-090-150,TOMMY D DESKIN,DESKIN TOMMY D,,,,,,,,,SIMI VALLEY,CA,,,31002,,,MOONLIGHT,PL,,VALLEY CENTER,CA,92082,3464,2019
304,6111,VEN,649-0-090-160,TOMMY D DESKIN,DESKIN TOMMY D,,,,,,,,,SIMI VALLEY,CA,,,31002,,,MOONLIGHT,PL,,VALLEY CENTER,CA,92082,3464,2019
305,6111,VEN,649-0-090-180,MICHAEL G & BETH A VOIGT,VOIGT MICHAEL G & BETH A,,,,,,,,,SIMI VALLEY,CA,,,160,,,NOTRE DAME,AVE,,CHATSWORTH,CA,91311,7033,2019
306,6111,VEN,649-0-108-160,MITCHELL KAUFMAN,KAUFMAN MITCHELL TR,,,,,,,,,SIMI VALLEY,CA,,,23777,,,MULHOLLAND,HWY,,CALABASAS,CA,91302,,2019
307,6111,VEN,649-0-108-180,MITCHELL KAUFMAN,KAUFMAN MITCHELL TR,,,,,,,,,SIMI VALLEY,CA,,,23777,,,MULHOLLAND,HWY,,CALABASAS,CA,91302,,2019
308,6111,VEN,649-0-108-290,KENNETH & RUBY MELLINGER,MELLINGER KENNETH & RUBY,,,,,,,,,SIMI VALLEY,CA,,,3188,,,RESERVOIR,DR,,SIMI VALLEY,CA,93065,1014,2019
309,6111,VEN,649-0-108-310,KEVIN & NATALIA MELLINGER,MELLINGER KEVIN & NATALIA TR,,,,,,,,,SIMI VALLEY,CA,,,4511,,,DULCINEA,CT,,WOODLAND HILLS,CA,91364,6119,2019
310,6111,VEN,649-0-108-470,MITCHELL KAUFMAN,KAUFMAN MITCHELL TR,,,,,,,,,SIMI VALLEY,CA,,,23777,,,MULHOLLAND,HWY,,CALABASAS,CA,91302,,2019
311,6111,VEN,649-0-108-550,MITCHELL KAUFMAN,KAUFMAN MITCHELL TR,,,,,,,,,SIMI VALLEY,CA,,,23777,,,MULHOLLAND,HWY,,CALABASAS,CA,91302,,2019
312,6111,VEN,649-0-115-070,ALICE D DISBROW,DISBROW ALICE D EST,,ATTN JOHNNY DISBROW,,,,,,,SIMI VALLEY,CA,,,1631,,,EL CAMINO REAL,,#4,TUSTIN,CA,92780,,2019
313,6111,VEN,649-0-116-010,DANIEL H & TAMMY L BREWER,BREWER DANIEL H & TAMMY L,,,,,,,,,SIMI VALLEY,CA,,,9548,,,DENNIS,WAY,,CHATSWORTH,CA,91311,7012,2019
314,6111,VEN,649-0-116-190,DANIEL H & TAMMY L BREWER,BREWER DANIEL H & TAMMY L,,,,,,,,,SIMI VALLEY,CA,,,9548,,,DENNIS,WAY,,CHATSWORTH,CA,91311,7012,2019
315,6111,VEN,649-0-116-210,MIKEL W EXECUTOR VAUGHN,VAUGHN MIKEL W EXECUTOR,,ATTN K M VAUGHN EST,153,,,DENNIS,WAY,,SIMI VALLEY,CA,,,153,,,DENNIS,WAY,,CHATSWORTH,CA,91311,7010,2019
316,6111,VEN,649-0-116-240,DANIEL H & TAMMY L BREWER,BREWER DANIEL H & TAMMY L,,,,,,,,,SIMI VALLEY,CA,,,9548,,,DENNIS,WAY,,CHATSWORTH,CA,91311,7012,2019
317,6111,VEN,649-0-116-260,DANIEL H & TAMMY L BREWER,BREWER DANIEL H & TAMMY L,,,,,,,,,SIMI VALLEY,CA,,,9548,,,DENNIS,WAY,,CHATSWORTH,CA,91311,7012,2019
318,6111,VEN,649-0-120-020,LUCY & NARINE KASPARIAN,KASPARIAN LUCY,KASPARIAN NARINE,,,,,,,,SIMI VALLEY,CA,,,2155,,,RIMCREST,DR,,GLENDALE,CA,91207,1058,2019
319,6111,VEN,649-0-120-030,LUCY & NARINE KASPARIAN,KASPARIAN LUCY,KASPARIAN NARINE,,,,,,,,SIMI VALLEY,CA,,,2155,,,RIMCREST,DR,,GLENDALE,CA,91207,1058,2019
320,6111,VEN,649-0-120-060,CENTURY CITY INVEST CORP,CENTURY CITY INVEST CORP,,,,,,,,,SIMI VALLEY,CA,,,,,,PO BOX 24871,,,LOS ANGELES,CA,90024,871,2019
321,6111,VEN,649-0-120-080,LUCY & NARINE KASPARIAN,KASPARIAN LUCY,KASPARIAN NARINE,,,,,,,,SIMI VALLEY,CA,,,2155,,,RIMCREST,DR,,GLENDALE,CA,91207,1058,2019
322,6111,VEN,649-0-120-090,LUCY & NARINE KASPARIAN,KASPARIAN LUCY,KASPARIAN NARINE,,,,,,,,SIMI VALLEY,CA,,,2155,,,RIMCREST,DR,,GLENDALE,CA,91207,1058,2019
323,6111,VEN,649-0-120-100,LUCY & NARINE KASPARIAN,KASPARIAN LUCY,KASPARIAN NARINE,,,,,,,,SIMI VALLEY,CA,,,2155,,,RIMCREST,DR,,GLENDALE,CA,91207,1058,2019
324,6111,VEN,649-0-120-130,LUCY & NARINE KASPARIAN,KASPARIAN LUCY,KASPARIAN NARINE,,,,,,,,SIMI VALLEY,CA,,,2155,,,RIMCREST,DR,,GLENDALE,CA,91207,1058,2019
325,6111,VEN,649-0-120-140,LUCY & NARINE KASPARIAN,KASPARIAN LUCY,KASPARIAN NARINE,,,,,,,,SIMI VALLEY,CA,,,2155,,,RIMCREST,DR,,GLENDALE,CA,91207,1058,2019
326,6111,VEN,649-0-120-180,LUCY & NARINE KASPARIAN,KASPARIAN LUCY,KASPARIAN NARINE,,,,,,,,SIMI VALLEY,CA,,,2155,,,RIMCREST,DR,,GLENDALE,CA,91207,1058,2019
327,6111,VEN,649-0-120-190,AVEDIS & JACQUELINE KASPARIAN,KASPARIAN AVEDIS & JACQUELINE,,,,,,,,,SIMI VALLEY,CA,,,2097,,,RIMCREST,DR,,GLENDALE,CA,91207,1045,2019
328,6111,VEN,649-0-120-200,LUCY & NARINE KASPARIAN,KASPARIAN LUCY,KASPARIAN NARINE,,,,,,,,SIMI VALLEY,CA,,,2155,,,RIMCREST,DR,,GLENDALE,CA,91207,1058,2019
329,6111,VEN,649-0-120-210,LUCY & NARINE KASPARIAN,KASPARIAN LUCY,KASPARIAN NARINE,,,,,,,,SIMI VALLEY,CA,,,2155,,,RIMCREST,DR,,GLENDALE,CA,91207,1058,2019
330,6111,VEN,649-0-120-220,LUCY & NARINE KASPARIAN,KASPARIAN LUCY,KASPARIAN NARINE,,,,,,,,SIMI VALLEY,CA,,,2155,,,RIMCREST,DR,,GLENDALE,CA,91207,1058,2019
331,6111,VEN,649-0-120-230,LUCY & NARINE KASPARIAN,KASPARIAN LUCY,KASPARIAN NARINE,,,,,,,,SIMI VALLEY,CA,,,2155,,,RIMCREST,DR,,GLENDALE,CA,91207,1058,2019
332,6111,VEN,649-0-131-030,VLADO V & DEE BOJANIC,BOJANIC VLADO V & DEE,,,,,,,,,SIMI VALLEY,CA,,,3309,,,COY,DR,,SHERMAN OAKS,CA,91423,4527,2019
333,6111,VEN,649-0-132-200,MICHAEL & BETH VOIGT,VOIGT MICHAEL & BETH,,,,,,,,,SIMI VALLEY,CA,,,7447,,,DENSMORE,AVE,,VAN NUYS,CA,91406,3109,2019
334,6111,VEN,649-0-132-210,MICHAEL & BETH VOIGT,VOIGT MICHAEL & BETH,,,,,,,,,SIMI VALLEY,CA,,,7447,,,DENSMORE,AVE,,VAN NUYS,CA,91406,3109,2019
335,6111,VEN,649-0-140-100,NATION CAROLE,NATION CAROLE ET AL,,,,,,,,,SIMI VALLEY,CA,,,311,,S,FLORENCE,ST,,GRANGEVILLE,ID,83530,2320,2019
336,6111,VEN,649-0-140-150,MICHAEL G VOIGT,VOIGT MICHAEL G,,,,,,,,,SIMI VALLEY,CA,,,7447,,,DENSMORE,AVE,,VAN NUYS,CA,91406,3109,2019
337,6111,VEN,649-0-151-310,MICHAEL G VOIGT,VOIGT MICHAEL G,,,,,,,,,SIMI VALLEY,CA,,,7447,,,DENSMORE,AVE,,VAN NUYS,CA,91406,3109,2019
338,6111,VEN,649-0-152-030,MICHAEL G VOIGHT,VOIGHT MICHAEL G,,,9420,,,TRAILS END,DR,,SIMI VALLEY,CA,,,7447,,,DENSMORE,AVE,,VAN NUYS,CA,91406,,2019
339,6111,VEN,649-0-164-260,MICHAEL G VOIGT,VOIGT MICHAEL G,,,,,,,,,SIMI VALLEY,CA,,,7447,,,DENSMORE,AVE,,VAN NUYS,CA,91406,3109,2019
340,6111,VEN,649-0-290-060,MARK GROVE,GROVE MARK,KEANEY BARTLEY H,,,,,,,,SIMI VALLEY,CA,,,,,,PO BOX 3113,,,CHATSWORTH,CA,91313,3113,2019
341,6111,VEN,649-0-290-070,MARK GROVE,GROVE MARK,,,,,,,,,SIMI VALLEY,CA,,,889,,S,RAINBOW,BLVD,#117,LAS VEGAS,NV,89145,,2019
342,6111,VEN,649-0-320-140,B WAYNE & CAROL L FISHBACK,FISHBACK B WAYNE & CAROL L,,,,,,,,,SIMI VALLEY,CA,,,3106,,,CALUSA,AVE,,SIMI VALLEY,CA,93063,5709,2019
343,6111,VEN,649-0-320-170,B WAYNE & CAROL FISHBACK,FISHBACK B WAYNE & CAROL,,,,,,,,,SIMI VALLEY,CA,,,3106,,,CALUSA,AVE,,SIMI VALLEY,CA,93063,5709,2019
344,6111,VEN,649-0-320-180,CAROL L FISHBACK,FISHBACK CAROL L,,,,,,,,,SIMI VALLEY,CA,,,3106,,,CALUSA,AVE,,SIMI VALLEY,CA,93063,5709,2019
345,6111,VEN,649-0-320-190,CAROL L FISHBACK,FISHBACK CAROL L,,,,,,,,,SIMI VALLEY,CA,,,3106,,,CALUSA,AVE,,SIMI VALLEY,CA,93063,5709,2019
346,6111,VEN,649-0-320-220,B WAYNE FISHBACK,FISHBACK B WAYNE,,,,,,,,,SIMI VALLEY,CA,,,3106,,,CALUSA,AVE,,SIMI VALLEY,CA,93063,5709,2019
347,6111,VEN,649-0-320-230,B WAYNE FISHBACK,FISHBACK B WAYNE,,,,,,,,,SIMI VALLEY,CA,,,3106,,,CALUSA,AVE,,SIMI VALLEY,CA,93063,5709,2019
348,6111,VEN,649-0-320-240,B WAYNE & CAROL FISHBACK,FISHBACK B WAYNE & CAROL,,,,,,,,,SIMI VALLEY,CA,,,3106,,,CALUSA,AVE,,SIMI VALLEY,CA,93063,5709,2019
349,6111,VEN,649-0-320-250,B WAYNE & CAROL L FISHBACK,FISHBACK B WAYNE & CAROL L,,,,,,,,,SIMI VALLEY,CA,,,3106,,,CALUSA,AVE,,SIMI VALLEY,CA,93063,5709,2019
350,6111,VEN,649-0-320-260,B WAYNE & CAROL L FISHBACK,FISHBACK B WAYNE & CAROL L,,,,,,,,,SIMI VALLEY,CA,,,3106,,,CALUSA,AVE,,SIMI VALLEY,CA,93063,5709,2019
351,6111,VEN,649-0-320-270,B WAYNE FISHBACK,FISHBACK B WAYNE,,ATTN D-G ESCROW CORP,,,,,,,SIMI VALLEY,CA,,,3106,,,CALUSA,AVE,,SIMI VALLEY,CA,93063,,2019
352,6111,VEN,649-0-320-280,B WAYNE & CAROL FISHBACK,FISHBACK B WAYNE & CAROL,,,,,,,,,SIMI VALLEY,CA,,,3106,,,CALUSA,AVE,,SIMI VALLEY,CA,93063,5709,2019
353,6111,VEN,649-0-320-290,WAYNE & CAROL L FISHBACK,FISHBACK WAYNE & CAROL L,,,,,,,,,SIMI VALLEY,CA,,,3106,,,CALUSA,AVE,,SIMI VALLEY,CA,93063,5709,2019
354,6111,VEN,649-0-320-300,CAROL L FISHBACK,FISHBACK CAROL L,,,,,,,,,SIMI VALLEY,CA,,,3106,,,CALUSA,AVE,,SIMI VALLEY,CA,93063,5709,2019
355,6111,VEN,649-0-320-310,BARTON W FISHBACK,FISHBACK BARTON W,,,,,,,,,SIMI VALLEY,CA,,,3106,,,CALUSA,AVE,,SIMI VALLEY,CA,93063,5709,2019
356,6111,VEN,649-0-320-330,B WAYNE & CAROL L FISHBACK,FISHBACK B WAYNE & CAROL L,,,,,,,,,SIMI VALLEY,CA,,,3106,,,CALUSA,AVE,,SIMI VALLEY,CA,93063,5709,2019
357,6111,VEN,650-0-085-175,DANIEL A & DONNA M FLORES,FLORES DANIEL A & DONNA M,,,6290,,,GOSHEN,ST,,SIMI VALLEY,CA,93063,3724,6290,,,GOSHEN,ST,,SIMI VALLEY,CA,93063,3724,2019
358,6111,VEN,650-0-126-185,SHANE SHIRE,SHIRE SHANE,,,5790,,E,FEARING,ST,,SIMI VALLEY,CA,93063,,3189,,,PEORIA,AVE,,SIMI VALLEY,CA,93063,,2019
359,6111,VEN,650-0-220-125,KIMBERLY SMITH,SMITH KIMBERLY,,,,,,,,,SIMI VALLEY,CA,,,2286,,,ROCKDALE,AVE,,SIMI VALLEY,CA,93063,3708,2019
360,6111,VEN,651-0-033-235,MARIA S MENDOZA,MENDOZA MARIA S,,,,,,,,,SIMI VALLEY,CA,93063,,5212,,,KATHERINE,ST,,SIMI VALLEY,CA,93063,4561,2019
361,6111,VEN,651-0-071-225,PAUL T & CYNTHIA Y SCHNEIDER,SCHNEIDER PAUL T & CYNTHIA Y,,,1789,,,EMORY,AVE,,SIMI VALLEY,CA,93063,4113,,,,PO BOX 940313,,,SIMI VALLEY,CA,93094,313,2019
362,6111,VEN,651-0-102-015,TERESA CAWLEY,CAWLEY TERESA,,,1714,,N,DAMON,ST,,SIMI VALLEY,CA,93063,,1714,,,DAMON,ST,,SIMI VALLEY,CA,93063,4228,2019
363,6111,VEN,651-0-131-175,ASHEESH K DANEE,DANEE ASHEESH K,,,1920,,,SUNTREE B,LN,,SIMI VALLEY,CA,93063,4165,1920,,,SUNTREE,LN,#B,SIMI VALLEY,CA,93063,,2019
364,6111,VEN,651-0-240-545,JORGE & MARIA D R NEYRA,NEYRA JORGE & MARIA D R,,,,,,,,,SIMI VALLEY,CA,,,1582,,,HIDDEN RANCH,DR,,SIMI VALLEY,CA,93063,4571,2019
365,6111,VEN,658-0-123-015,ARTHUR EVRY,EVRY ARTHUR EST,,ATTN HARRY EVRY,2267,,,ADRIAN,ST,,THOUSAND OAKS,CA,91320,3306,2267,,W,ADRIAN,ST,,NEWBURY PARK,CA,91320,,2019
366,6111,VEN,660-0-030-405,ROBERT W & LYNNE R BURNS,BURNS ROBERT W & LYNNE R,,,1501,,,SUSAN,DR,,THOUSAND OAKS,CA,91320,4543,2328,,,CLEMENTINE,TRL,,CLERMONT,FL,34711,,2019
367,6111,VEN,663-0-093-175,CIRCUIT INV #4 PART LESSOR,CIRCUIT INV #4 PART LESSOR,,ATTN TAX DEPARTMENT,,,,,,,THOUSAND OAKS,CA,,,,,,PO BOX 42304,,,RICHMOND,VA,23242,2304,2019
368,6111,VEN,664-0-030-080,CALLEGUAS MUN WATER DIST,CALLEGUAS MUN WATER DIST,,,,,,,,,,CA,,,,,,PO BOX E,,,SOMIS,CA,93066,,2019
369,6111,VEN,665-0-161-175,BUD DONATONI,DONATONI BUD,,,3866,,,GREENWOOD,ST,,THOUSAND OAKS,CA,91320,5220,3866,,,GREENWOOD,ST,,THOUSAND OAKS,CA,91320,5220,2019
370,6111,VEN,666-0-084-055,JEROLD E & CAROL A OBERLE,OBERLE JEROLD E & CAROL A TRUST,,,3466,,,KIMBER,DR,,THOUSAND OAKS,CA,91320,4358,2021,,,ERBES,RD,,THOUSAND OAKS,CA,91362,1828,2019
371,6111,VEN,667-0-203-305,LIMEI YU,YU LIMEI,,,1575,,,APPLEFIELD,ST,,THOUSAND OAKS,CA,91320,5996,1575,,,APPLEFIELD,ST,,THOUSAND OAKS,CA,91320,5996,2019
372,6111,VEN,667-0-380-405,RANCHO CONEJO VLG CMTY ASSN,RANCHO CONEJO VLG CMTY ASSN,,ATTN DZIDA CAREY & STEINMAN,,,,,,,THOUSAND OAKS,CA,91320,,2,,,PARK PLAZA,,#1140,IRVINE,CA,92614,,2019
373,6111,VEN,668-0-070-265,DANIEL L CLINGO,CLINGO DANIEL L,,,,,,,,,THOUSAND OAKS,CA,,,246,,,HOBBLE CREEK CANYON,RD,,SPRINGVILLE,UT,84663,,2019
374,6111,VEN,668-0-311-095,BRANDON J & RENEE M LODDER,LODDER BRANDON J & RENEE M,,,,,,,,,THOUSAND OAKS,CA,,,559,,,KITTY,ST,,THOUSAND OAKS,CA,91320,3022,2019
375,6111,VEN,669-0-171-295,JOHN D & JUDY D HIGHTOWER,HIGHTOWER JOHN D & JUDY D,,,885,,E,HILLCREST,DR,,THOUSAND OAKS,CA,91360,6024,885,,E,HILLCREST,DR,,THOUSAND OAKS,CA,91360,6024,2019
376,6111,VEN,669-0-220-230,RAYMOND & EL GILES,GILES RAYMOND & EL TR LSR,MILLER & HARREL DEV LESSEE,,,,,,,,THOUSAND OAKS,CA,,,1638,,,SHORELINE,DR,,CAMARILLO,CA,93010,,2019
377,6111,VEN,673-0-030-360,THOMAS C GOCHA,GOCHA THOMAS C,,,,,,,,,THOUSAND OAKS,CA,,,1072,,,CASITAS PASS,RD,#190,CARPINTERIA,CA,93013,,2019
378,6111,VEN,673-0-060-150,ASHKENAZY PROP MANAGE CORP,ASHKENAZY PROP MANAGE CORP,,ATTN SEVERYN ASHKENAZY TTEE,,,,,,,THOUSAND OAKS,CA,,,8822,,,CYNTHIA,ST,,WEST HOLLYWOOD,CA,90069,4502,2019
379,6111,VEN,673-0-060-190,ASHKENAZY PROP MANAGE CORP,ASHKENAZY PROP MANAGE CORP,,ATTN SEVERYN ASHKENAZY TTEE,,,,,,,THOUSAND OAKS,CA,,,8822,,,CYNTHIA,ST,,WEST HOLLYWOOD,CA,90069,4502,2019
380,6111,VEN,673-0-070-030,RALF H & RUTH A WOLTERS,WOLTERS RALF H & RUTH A TR,,,,,,,,,THOUSAND OAKS,CA,,,165,,,HEAVENLY VALLEY,RD,,NEWBURY PARK,CA,91320,4700,2019
381,6111,VEN,673-0-200-020,SHERRI A HUBBLE,HUBBLE SHERRI A TR,,,,,,,,,THOUSAND OAKS,CA,,,4522,,,ERSKINE CREEK,RD,,LAKE ISABELLA,CA,93240,8600,2019
382,6111,VEN,673-0-220-410,RANI GILL,GILL RANI,,,,,,,,,THOUSAND OAKS,CA,,,3115,,,MARATHON,ST,,LOS ANGELES,CA,90026,2826,2019
383,6111,VEN,673-0-240-240,RANI GILL,GILL RANI,,,,,,,,,THOUSAND OAKS,CA,,,3115,,,MARATHON,ST,,LOS ANGELES,CA,90026,2826,2019
384,6111,VEN,673-0-240-330,RANI GILL,GILL RANI,,,,,,,,,THOUSAND OAKS,CA,,,3115,,,MARATHON,ST,,LOS ANGELES,CA,90026,2826,2019
385,6111,VEN,673-0-340-130,FRED J VIREN,VIREN FRED J,,,,,,,,,THOUSAND OAKS,CA,,,9451,,,MOODY,ST,,CYPRESS,CA,90630,2918,2019
386,6111,VEN,673-0-400-010,FRED & SUSAN LAPSYS,LAPSYS FRED,LAPSYS SUSAN,,,,,,,,THOUSAND OAKS,CA,,,,,,PO BOX 360486,,,MILPITAS,CA,95036,486,2019
387,6111,VEN,673-0-400-020,FRED & SUSAN LAPSYS,LAPSYS FRED,LAPSYS SUSAN,,,,,,,,THOUSAND OAKS,CA,,,,,,PO BOX 360486,,,MILPITAS,CA,95036,486,2019
388,6111,VEN,673-0-460-120,ASHKENAZY PROP MANAGE CORP,ASHKENAZY PROP MANAGE CORP,,ATTN SEVERYN ASHKENAZY TTEE,,,,,,,THOUSAND OAKS,CA,,,8822,,,CYNTHIA,ST,,WEST HOLLYWOOD,CA,90069,4502,2019
389,6111,VEN,675-0-062-125,HELEN E HERNANDEZ,HERNANDEZ HELEN E,,,1382,,,CALLE PIMIENTO,,,THOUSAND OAKS,CA,91360,6522,1382,,,CALLE PIMIENTO,,,THOUSAND OAKS,CA,91360,6522,2019
390,6111,VEN,675-0-152-185,SALVADOR O & JOSEFINA MURILLO,MURILLO SALVADOR O & JOSEFINA,,,608,,,CALLE TULIPAN,,,THOUSAND OAKS,CA,91360,4747,608,,,CALLE TULIPAN,,,THOUSAND OAKS,CA,91360,4747,2019
391,6111,VEN,675-0-152-235,RAOUL G FIELDS,FIELDS RAOUL G,HART BARBARA D,,,,,,,,THOUSAND OAKS,CA,,,648,,,CALLE TULIPAN,,,THOUSAND OAKS,CA,91360,4747,2019
392,6111,VEN,676-0-070-160,SIERRA MINING & MANUFACTURING INC,SIERRA MINING & MANUFACTURING INC,,,,,,,,,THOUSAND OAKS,CA,,,1805,,,CARSON,ST,#X,CARSON CITY,NV,89701,,2019
393,6111,VEN,676-0-130-450,MARSHAL PLAN INC,MARSHAL PLAN INC,,ATTN DAVID L RAY,,,,,,,THOUSAND OAKS,CA,,,12121,,,WILSHIRE,BLVD,#600,LOS ANGELES,CA,90025,1188,2019
394,6111,VEN,678-0-052-245,JEROLD E & CAROL A OBERLE,OBERLE JEROLD E & CAROL A,,,2021,,,ERBES,RD,,THOUSAND OAKS,CA,91362,1828,2021,,,ERBES,RD,,THOUSAND OAKS,CA,91362,1828,2019
395,6111,VEN,680-0-052-305,LC WESTLAKE LLC,LC WESTLAKE LLC,,ATTN ALLEN J GREEN,,,,,,,WESTLAKE VILLAGE,CA,91362,,8,,,CAMPUS,DR,#4,PARSIPPANY,NJ,7054,4409,2019
396,6111,VEN,680-0-052-475,LC WESTLAKE LLC,LC WESTLAKE LLC,,ATTN ALLEN J GREEN,,,,,,,WESTLAKE VILLAGE,CA,91362,,8,,,CAMPUS,DR,#4,PARSIPPANY,NJ,7054,4409,2019
397,6111,VEN,680-0-113-235,JENNIFER CASTLE,CASTLE JENNIFER TR,,,2966,,E,GREAT SMOKEY,CT,,WESTLAKE,CA,,,2966,,E,GREAT SMOKEY,CT,,WESTLAKE VILLAGE,CA,91362,,2019
398,6111,VEN,685-0-140-070,SATRYB TRUST ET AL,SATRYB TRUST ET AL,,ATTN-GENERAL SEC CORP,,,,,,,OAK PARK,CA,,,,,,PO BOX 12,,,CARLSBAD,CA,92018,12,2019
399,6111,VEN,685-0-140-090,RICHARD D GIFFORD,GIFFORD RICHARD D,,,,,,,,,OAK PARK,CA,,,356,,N,61ST,AVE,,WEST RICHLAND,WA,99353,9748,2019
400,6111,VEN,685-0-140-100,SATRYB TRUST ET AL,SATRYB TRUST ET AL,,ATTN-GENERAL SEC CORP,,,,,,,OAK PARK,CA,,,,,,PO BOX 12,,,CARLSBAD,CA,92018,12,2019
401,6111,VEN,685-0-140-110,SATRYB TRUST ET AL,SATRYB TRUST ET AL,,ATTN-GENERAL SEC CORP,,,,,,,OAK PARK,CA,,,,,,PO BOX 12,,,CARLSBAD,CA,92018,12,2019
402,6111,VEN,685-0-140-220,SATRYB TRUST ET AL,SATRYB TRUST ET AL,,ATTN-GENERAL SEC CORP,,,,,,,OAK PARK,CA,,,,,,PO BOX 12,,,CARLSBAD,CA,92018,12,2019
403,6111,VEN,685-0-140-230,SATRYB TRUST ET AL,SATRYB TRUST ET AL,,ATTN-GENERAL SEC CORP,,,,,,,OAK PARK,CA,,,,,,PO BOX 12,,,CARLSBAD,CA,92018,12,2019
404,6111,VEN,685-0-140-240,ROSELLA HOOKER,HOOKER ROSELLA,,,,,,,,,OAK PARK,CA,,,13878,,,BUCKSKIN TRAIL,DR,,CORONA,CA,92883,6609,2019
405,6111,VEN,685-0-140-250,SATRYB TRUST ET AL,SATRYB TRUST ET AL,,ATTN-GENERAL SEC CORP,,,,,,,OAK PARK,CA,,,,,,PO BOX 12,,,CARLSBAD,CA,92018,12,2019
406,6111,VEN,685-0-140-260,IRA N KLOPFENSTEIN,KLOPFENSTEIN IRA N,,,,,,,,,OAK PARK,CA,,,39644,,,BAKER,ST,,CALIENTE,CA,93518,,2019
407,6111,VEN,685-0-140-270,IRA N KLOPFENSTEIN,KLOPFENSTEIN IRA N,,,,,,,,,OAK PARK,CA,,,4006,,,MAPLE,AVE,,EL MONTE,CA,91731,2150,2019
408,6111,VEN,685-0-140-280,SATRYB TRUST ET AL,SATRYB TRUST ET AL,,ATTN-GENERAL SEC CORP,,,,,,,OAK PARK,CA,,,,,,PO BOX 12,,,CARLSBAD,CA,92018,12,2019
409,6111,VEN,685-0-140-310,SATRYB TRUST ET AL,SATRYB TRUST ET AL,,ATTN-GENERAL SEC CORP,,,,,,,OAK PARK,CA,,,,,,PO BOX 12,,,CARLSBAD,CA,92018,12,2019
410,6111,VEN,685-0-140-410,SATRYB TRUST ET AL,SATRYB TRUST ET AL,,ATTN-GENERAL SEC CORP,,,,,,,OAK PARK,CA,,,,,,PO BOX 12,,,CARLSBAD,CA,92018,12,2019
411,6111,VEN,685-0-140-420,SATRYB TRUST ET AL,SATRYB TRUST ET AL,,ATTN-GENERAL SEC CORP,,,,,,,OAK PARK,CA,,,,,,PO BOX 12,,,CARLSBAD,CA,92018,12,2019
412,6111,VEN,685-0-250-145,OAK PARK LOT ZZ INC,OAK PARK LOT ZZ INC,,,,,,,,,VENTURA COUNTY,CA,93009,,800,,,THIRD,AVE,,NEW YORK,NY,10022,,2019
413,6111,VEN,693-0-100-035,MICHAEL DOMINGO,DOMINGO MICHAEL,,,1108,,,LANDSBURN,CIR,,WESTLAKE,CA,,,1108,,,LANDSBURN,CIR,,WESTLAKE VILLAGE,CA,91361,3725,2019
414,6111,VEN,694-0-120-050,EDWARD LA FOUGE,LA FOUGE EDWARD ET AL,,,,,,,,,MALIBU,CA,,,1302,,,PASEO DEL MAR,,,SAN PEDRO,CA,90731,,2019
415,6111,VEN,694-0-181-420,MICHAEL J LA BERGE,LA BERGE MICHAEL J ET AL,,,,,,,,,MALIBU,CA,,,,,,PO BOX 6927,,,MALIBU,CA,90264,6927,2019
416,6111,VEN,694-0-181-460,MICHAEL J LA BERGE,LA BERGE MICHAEL J ET AL,,,,,,,,,MALIBU,CA,,,,,,PO BOX 6927,,,MALIBU,CA,90264,6927,2019
417,6111,VEN,694-0-181-550,EDWARD LA FOUGE,LA FOUGE EDWARD ET AL,,,,,,,,,MALIBU,CA,,,1302,,,PASEO DEL MAR,,,SAN PEDRO,CA,90731,,2019
418,6111,VEN,694-0-210-160,EDDIE A & DANA MORA,MORA EDDIE A & DANA,,,,,,,,,MALIBU,CA,,,15555,,,YERBA BUENA,DR,,MALIBU,CA,90265,,2019
419,6111,VEN,694-0-210-170,EDDIE A & DANA MORA,MORA EDDIE A & DANA,,,,,,,,,MALIBU,CA,,,15555,,,YERBA BUENA,DR,,MALIBU,CA,90265,,2019
420,6111,VEN,694-0-210-490,EDDIE A & DANA MORA,MORA EDDIE A & DANA,,,15555,,,YERBA BUENA,RD,,MALIBU,CA,90265,2151,15555,,,YERBA BUENA,DR,,MALIBU,CA,90265,,2019
421,6111,VEN,695-0-140-640,ANCHOR REAL ESTATE DEV LLC,ANCHOR REAL ESTATE DEV LLC,,ATTN CHRISTIAN M CONAHAN,2275,,,THORSBY,RD,,THOUSAND OAKS,CA,91361,5128,621,,,VIA ALONDRA,,#610,CAMARILLO,CA,93012,,2019
422,6111,VEN,695-0-230-360,BRIJ & RAJESH MOHAN,MOHAN BRIJ & RAJESH TR ET AL,,,,,,,,,THOUSAND OAKS,CA,,,15349,,,SYCAMORE,DR,,MORGAN HILL,CA,95037,9616,2019
423,6111,VEN,695-0-230-370,BRIJ MOHAN,MOHAN BRIJ ET AL,,ATTN RAJESH MOHAN,,,,,,,THOUSAND OAKS,CA,,,15349,,,SYCAMORE,DR,,MORGAN HILL,CA,95037,9616,2019
424,6111,VEN,696-0-061-055,JOHN C & SYLVIA A WILLIAMS,WILLIAMS JOHN C & SYLVIA A,,,1314,,S,THORNCROFT,CT,,WESTLAKE,CA,,,1314,,S,THORNCROFT,CT,,WESTLAKE VILLAGE,CA,91361,,2019
425,6111,VEN,700-0-040-010,LINAS BASKAUSKAS,BASKAUSKAS LINAS,,,,,,,,,MALIBU,CA,,,1818,,,EUCLID,ST,,SANTA MONICA,CA,90404,7022,2019
426,6111,VEN,700-0-122-055,MATTHEW J MORGAN,MORGAN MATTHEW J,,,,,,,,,MALIBU,CA,,,3600,,S,HARBOR,BLVD,,OXNARD,CA,93035,,2019
427,6111,VEN,700-0-140-070,NORMAN C ECKERSLEY,ECKERSLEY NORMAN C,,ATTN BARRIS CHAP 7,,,,,,,MALIBU,CA,,,2184,,,SUTTER,ST,#322,SAN FRANCISCO,CA,94115,,2019
428,6111,VEN,700-0-150-200,RAUL A & CRISTINA ROGGERO,ROGGERO RAUL A & CRISTINA,,,,,,,,,MALIBU,CA,,,30765,,,PACIFIC COAST,HWY,#150,MALIBU,CA,90265,,2019
429,6111,VEN,700-0-200-585,WHALERS VILLAGE CLUB,WHALERS VILLAGE CLUB,,,,,,,,,MALIBU,CA,,,888,,W,VENTURA,BLVD,,CAMARILLO,CA,93010,8802,2019
430,6111,VEN,700-0-200-595,WHALERS VILLAGE CLUB,WHALERS VILLAGE CLUB,,,,,,,,,MALIBU,CA,,,888,,W,VENTURA,BLVD,,CAMARILLO,CA,93010,8802,2019
431,6111,VEN,701-0-050-160,YASMIN QAYUMI,QAYUMI YASMIN,,,,,,,,,MALIBU,CA,,,10109,,,DICKENS,AVE,,BETHESDA,MD,20814,2109,2019
432,6111,VEN,800-0-223-015,ALPER DEVELOPMENT INC,ALPER DEVELOPMENT INC,,,,,,,,,OAK PARK,CA,,,800,,,THIRD,AVE,,NEW YORK,NY,10022,,2019
433,6111,VEN,800-0-250-215,OAK PARK LOT ZZ INC,OAK PARK LOT ZZ INC,,,,,,,,,OAK PARK,CA,,,800,,,THIRD,AVE,,NEW YORK,NY,10022,,2019
434,6111,VEN,800-0-260-635,OAK PARK LOT ZZ INC,OAK PARK LOT ZZ INC,,,,,,,,,OAK PARK,CA,,,800,,,THIRD,AVE,,NEW YORK,NY,10022,,2019
435,6111,VEN,800-0-390-495,TELVIA L & SHIGEK0 CARITHERS,CARITHERS TELVIA L & SHIGEK0,,,578,,,WATER OAK,LN,,OAK PARK,CA,91377,3738,578,,,WATER OAK,LN,,OAK PARK,CA,91377,3738,2019
436,6111,VEN,801-0-010-235,JAMES L & CELIA J MARDEL,MARDEL JAMES L,MARDEL CELIA J,,6613,,,POPPYVIEW,DR,,OAK PARK,CA,91377,3915,6613,,,POPPYVIEW,DR,,OAK PARK,CA,91377,3915,2019
437,6111,VEN,801-0-310-035,OAK PARK LOT 22 INC,OAK PARK LOT 22 INC,,ATTN ALPER DEVELOPMENT INC,,,,,,,OAK PARK,CA,91377,,11111,,,SANTA MONICA,BLVD,#500,LOS ANGELES,CA,90025,,2019
