﻿ID,FIPS,CO3,APN,OWNERNAME,OWNER 1,OWNER 2,CAREOF,S_HSENO,S_HSESUB,S_DIR,STREET,S_SFX,UNIT,CITY,STATE,ZIP,ZIP4,M_HSENO,M_HSESUB,M_DIR,M_STREET,M_SFX,M_UNIT,M_CITY,M_STATE,M_ZIP,M_ZIP4,DATE
1,6037,LAX,2169-021-038,MICHAEL RABINOWITZ,RABINOWITZ MICHAEL,,,5227,,,SAN FELICIANO,DR,,LOS ANGELES,CA,91364,1629,5227,,,SAN FELICIANO,DR,,WOODLAND HILLS,CA,91364,,2019-05-29
2,6037,LAX,2181-025-024,TAL G NEHEMIA,NEHEMIA TAL G,,,5001,,,NEWCASTLE,AVE,,LOS ANGELES,CA,91316,3510,5001,,,NEWCASTLE,AVE,,ENCINO,CA,91316,,2019-05-29
3,6037,LAX,2213-012-013,DANIEL W HENDERSON,HENDERSON DANIEL W JR,,,8139,,,MATILIJA,AVE,,LOS ANGELES,CA,91402,5430,8139,,,MATILIJA,AVE,,PANORAMA CITY,CA,91402,,2019-05-29
4,6037,LAX,2237-020-021,LOST OAKS HOLDING INC,LOST OAKS HOLDING INC,,,14243,,,VICTORY,BLVD,,LOS ANGELES,CA,91401,1943,14243,,,VICTORY,BLVD,,VAN NUYS,CA,91401,,2019-05-29
5,6037,LAX,2260-023-053,CDS IRONWORKS INC,CDS IRONWORKS INC,,,4909,,,WOODLEY,AVE,,LOS ANGELES,CA,91436,1408,,,,PO BOX 23741,,,SANTA BARBARA,CA,93121,,2019-05-29
6,6037,LAX,2263-038-042,ARTUR MADOYAN,MADOYAN ARTUR,KASABYAN ALLAN,,14817,,,OTSEGO,ST,,LOS ANGELES,CA,91403,1442,14817,,,OTSEGO,ST,,SHERMAN OAKS,CA,91403,,2019-05-29
7,6037,LAX,2329-002-010,US BANK NATIONAL ASSOCIATION,US BANK NATIONAL ASSOCIATION TR,,C/O NATIONSTAR MORTGAGE LLC,6558,,,WOODMAN,AVE,,LOS ANGELES,CA,91401,1616,8950,,,CYPRESS WATERS,BLVD,,COPPELL,TX,75019,,2019-05-29
8,6037,LAX,2409-014-028,JIMMIE & ROSALBA GUZMAN,GUZMAN JIMMIE & ROSALBA,,,10724,,,LULL,ST,,LOS ANGELES,CA,91352,4608,10724,,,LULL,ST,,SUN VALLEY,CA,91352,,2019-05-29
9,6037,LAX,2444-029-013,STURMAN ELEANOR DECD EST OF,STURMAN ELEANOR DECD EST OF,,C/O JOHN A STURMAN ADM,300,,S,KEYSTONE,ST,,BURBANK,CA,91506,2730,4401,,W,CLAIRE,AVE,,LINCOLN,NE,68523,,2019-05-29
10,6037,LAX,2676-010-034,GRK PROPERTY LLC,GRK PROPERTY LLC,,,16433,,,GLEDHILL,ST,,LOS ANGELES,CA,91343,2806,16433,,,GLEDHILL,ST,,NORTH HILLS,CA,91343,,2019-05-29
11,6037,LAX,2809-020-014,WARREN W & MARY D GLENN,GLENN WARREN W & MARY D,,,28033,,,CERO,DR,,SANTA CLARITA,CA,91350,1827,28033,,,CERO,DR,,SAUGUS,CA,91350,,2019-05-29
12,6037,LAX,4009-004-022,SOUTH CENTRAL INVESTMENT INC,SOUTH CENTRAL INVESTMENT INC,,,2927,,W,73RD,ST,,LOS ANGELES,CA,90043,5314,921,,W,76TH,ST,,LOS ANGELES,CA,90044,,2019-05-29
13,6037,LAX,4048-003-010,EDUARDO & SARAH SALDANA,SALDANA EDUARDO & SARAH,SALDANA MARIA,,3710,,W,119TH,PL,,HAWTHORNE,CA,90250,3224,3710,,W,119TH,PL,,HAWTHORNE,CA,90250,,2019-05-29
14,6037,LAX,5041-032-012,GENIVA AUGBORNE,AUGBORNE GENIVA,,,1556,,W,37TH,PL,,LOS ANGELES,CA,90018,4555,,,,PO BOX 88159,,,LOS ANGELES,CA,90009,,2019-05-29
15,6037,LAX,5238-014-006,CARLOS ZECENA,ZECENA CARLOS,,,662,,S,DITMAN,AVE,,LOS ANGELES,CA,90023,1850,10230,,S,PANGBORN,AVE,,DOWNEY,CA,90241,,2019-05-29
16,6037,LAX,5251-030-018,SUSAN I MILLS,MILLS SUSAN I,YAMADA FAMILY DECD TRUST,,2333,,,COLLEGIAN,AVE,,MONTEREY PARK,CA,91754,6049,2333,,,COLLEGIAN,AVE,,MONTEREY PARK,CA,91754,,2019-05-29
17,6037,LAX,5269-020-037,LELA LIGHTNER,LIGHTNER LELA,,,724,,N,1ST,ST,,MONTEBELLO,CA,90640,2746,600,,,ELDORA,RD,,PASADENA,CA,91104,,2019-05-29
18,6037,LAX,5304-035-022,JOHN Z MARTINEZ,MARTINEZ JOHN Z,JOHN MARTINEZ TRUST,,3538,,,SIERRA,ST,,LOS ANGELES,CA,90031,2139,3538,,,SIERRA,ST,,LOS ANGELES,CA,90031,,2019-05-29
19,6037,LAX,5475-020-021,BDB PROPERTIES CORP,BDB PROPERTIES CORP,,,4664,,,JESSICA,DR,,LOS ANGELES,CA,90065,4152,4664,,,JESSICA,DR,,LOS ANGELES,CA,90065,,2019-05-29
20,6037,LAX,5587-003-022,TENDO NAGENDA,NAGENDA TENDO,ODBERT CHELINA M,,5700,,,HILL OAK,DR,,LOS ANGELES,CA,90068,2520,5700,,,HILL OAK,DR,,LOS ANGELES,CA,90068,,2019-05-29
21,6037,LAX,5592-019-042,THREE THREE ONE THREE INC,THREE THREE ONE THREE INC,,,4230,,,PARVA,AVE,,LOS ANGELES,CA,90027,1338,4230,,,PARVA,AVE,,LOS ANGELES,CA,90027,,2019-05-29
22,6037,LAX,5622-019-007,NARINE TASHYAN,TASHYAN NARINE,,,1369,,,WINCHESTER,AVE,,GLENDALE,CA,91201,1432,1369,,,WINCHESTER,AVE,,GLENDALE,CA,91201,,2019-05-29
23,6037,LAX,5852-012-028,GARY C STEPHEN,STEPHEN GARY C,,,2186,,,NEW YORK,DR,,ALTADENA,CA,91001,3432,2186,,,NEW YORK,DR,,ALTADENA,CA,91001,,2019-05-29
24,6037,LAX,6029-019-027,SAMUEL & LEALER WATTREE,WATTREE SAMUEL & LEALER,,,845,,E,84TH,ST,,LOS ANGELES,CA,90001,3612,845,,E,84TH,ST,,LOS ANGELES,CA,90001,,2019-05-29
25,6037,LAX,6047-020-043,FOLMAR FRANCES DECD EST OF,FOLMAR FRANCES DECD EST OF,,,9124,,S,BUDLONG,AVE,,LOS ANGELES,CA,90044,2018,9124,,S,BUDLONG,AVE,,LOS ANGELES,CA,90044,,2019-05-29
26,6037,LAX,6060-006-018,CUTIS FLAKE,FLAKE CUTIS,,,1225,,W,103RD,ST,,LOS ANGELES,CA,90044,1705,1225,,W,103RD,ST,,LOS ANGELES,CA,90044,,2019-05-29
27,6037,LAX,6061-027-018,MARY H WHITE,WHITE MARY H,,,529,,W,104TH,PL,,LOS ANGELES,CA,90044,4411,529,,W,104TH,PL,,LOS ANGELES,CA,90044,,2019-05-29
28,6037,LAX,6068-001-019,ELISA S GUTIERREZ,GUTIERREZ ELISA S,,,10722,,,ANZAC,AVE,,LOS ANGELES,CA,90059,1304,10722,,,ANZAC,AVE,,LOS ANGELES,CA,90059,,2019-05-29
29,6037,LAX,6140-006-007,JEFFERSON & FANNIE J HUNDLEY,HUNDLEY JEFFERSON & FANNIE J,,,913,,E,CLAUDE,ST,,CARSON,CA,90746,1012,913,,E,CLAUDE,ST,,CARSON,CA,90746,,2019-05-29
30,6037,LAX,7137-028-010,DENION B TILLIS,TILLIS DENION B,,,3820,,,WALNUT,AVE,,LONG BEACH,CA,90807,4339,3820,,,WALNUT,AVE,,LONG BEACH,CA,90807,,2019-05-29
31,6037,LAX,7186-006-005,ELIZABETH F GIVEEN,GIVEEN ELIZABETH F,ELIZABETH F GIVEEN TRUST,,6218,,E,CONANT,ST,,LONG BEACH,CA,90808,2828,6218,,E,CONANT,ST,,LONG BEACH,CA,90808,,2019-05-29
32,6037,LAX,7462-008-025,JOSE L & GUADALUPE CRUZ,CRUZ JOSE L & GUADALUPE,WALDEN YVETTE,,654,,W,19TH,ST,,LOS ANGELES,CA,90731,5423,654,,W,19TH,ST,,SAN PEDRO,CA,90731,,2019-05-29
33,6037,LAX,7470-028-009,TAKESHI & TOMO TAKAYAMA,TAKAYAMA TAKESHI AND TOMO TRS,TAKAYAMA TRUST,,3721,,S,PATTON,AVE,,LOS ANGELES,CA,90731,6033,3721,,S,PATTON,AVE,,SAN PEDRO,CA,90731,,2019-05-29
34,6037,LAX,8023-002-010,ROBERT & SANDRA WILLIAMS,WILLIAMS ROBERT AND SANDRA TRS,WILLIAMS FAMILY TRUST,,12028,,,SUMMER,AVE,,NORWALK,CA,90650,2363,12028,,,SUMMER,AVE,,NORWALK,CA,90650,,2019-05-29
35,6037,LAX,8026-015-033,CLARK & HELEN MILLER,MILLER CLARK AND HELEN TRS,CLARK AND HELEN MILLER TRUST,,13138,,,MICHELLE,CIR,,WHITTIER,CA,90605,3512,13138,,,MICHELLE,CIR,,WHITTIER,CA,90605,,2019-05-29
36,6037,LAX,8032-004-004,H M MORGAN,MORGAN H M,H M MORGAN TRUST,,12027,,,EDDERTON,AVE,,WHITTIER,CA,90604,3044,12027,,,EDDERTON,AVE,,WHITTIER,CA,90604,,2019-05-29
37,6037,LAX,8080-024-012,JOSE M & FELICITAS FELIX,FELIX JOSE M & FELICITAS,,,11940,,,NAVA,ST,,NORWALK,CA,90650,6522,11940,,,NAVA,ST,,NORWALK,CA,90650,,2019-05-29
38,6037,LAX,8358-026-011,CSWF CONSTRUCTION INC,CSWF CONSTRUCTION INC,,,1470,,,ARROYO,AVE,,POMONA,CA,91768,2204,17360,,,COLIMA,RD,#156,ROWLAND HEIGHTS,CA,91748,,2019-05-29
39,6037,LAX,8562-004-002,INTERNATIONAL CHURCH OF THE FOUR SQUARE GOSPEL,INTERNATIONAL CHURCH OF THE FOUR SQUARE GOSPEL,,,13664,,,PRICHARD,ST,,LA PUENTE,CA,91746,1947,,,,PO BOX 524,,,LA PUENTE,CA,91747,,2019-05-29
40,6037,LAX,8588-018-002,DOROTHY A GRIFFITHS,GRIFFITHS DOROTHY A,GRIFFITHS TRUST,,9907,,,NADINE,ST,,TEMPLE CITY,CA,91780,2623,9907,,,NADINE,ST,,TEMPLE CITY,CA,91780,,2019-05-29
41,6037,LAX,8629-022-007,THOMAS G & BERTHA MOLINA,MOLINA THOMAS G & BERTHA,,,18822,,E,CITRUS EDGE,ST,,AZUSA,CA,91702,4813,18822,,E,CITRUS EDGE,ST,,AZUSA,CA,91702,,2019-05-29
42,6037,LAX,8641-005-007,ELAINE P BEAUSHEUR,BEAUSHEUR ELAINE P,,,1240,,S,PENNSYLVANIA,AVE,,GLENDORA,CA,91740,5027,1240,,S,PENNSYLVANIA,AVE,,GLENDORA,CA,91740,,2019-05-29
43,6037,LAX,8647-010-018,IRENE HOLZAPFEL,HOLZAPFEL IRENE,,,439,,N,PASADENA,AVE,,GLENDORA,CA,91741,6906,439,,N,PASADENA,AVE,,GLENDORA,CA,91741,,2019-05-29
