﻿ID,FIPS,CO3,APN,OWNERNAME,OWNER 1,OWNER 2,CAREOF,S_HSENO,S_HSESUB,S_DIR,STREET,S_SFX,UNIT,CITY,STATE,ZIP,ZIP4,M_HSENO,M_HSESUB,M_DIR,M_STREET,M_SFX,M_UNIT,M_CITY,M_STATE,M_ZIP,M_ZIP4,DATE
1,6029,KER,009-052-12-00-7,VALDIEREESE F ROBINSON,ROBINSON VALDIEREESE F,,,1030,,,P,ST,,BAKERSFIELD,CA,93304,1531,1030,,,P,ST,,BAKERSFIELD,CA,93304,1531,2019-05-29
2,6029,KER,017-030-04-00-3,FLORINDA H FERNANDEZ,FERNANDEZ FLORINDA H TR,,,1007,,,SUMNER,ST,,BAKERSFIELD,CA,93305,5254,1007,,,SUMNER,ST,,BAKERSFIELD,CA,93305,5254,2019-05-29
3,6029,KER,018-270-15-01-1,DOROTHY G MACK,MACK DOROTHY G,,,115,,S,OWENS,ST,,BAKERSFIELD,CA,93307,1806,115,,SO,OWENS,,,BAKERSFIELD,CA,93307,,2019-05-29
4,6029,KER,029-235-15-00-5,HATTIE M ROBERTS,ROBERTS HATTIE M,,,1809,,,SYCAMORE,DR,,WASCO,CA,93280,1645,1809,,,SYCAMORE,DR,,WASCO,CA,93280,,2019-05-29
5,6029,KER,029-321-01-00-2,CARRIE & MARY AGUERRIA,AGUERRIA CARRIE & MARY,,MARY RENTERIA,1205,,,7TH,PL,,WASCO,CA,93280,1823,,,,P O BOX 276,,,WASCO,CA,93280,,2019-05-29
6,6029,KER,029-451-17-00-7,MANUEL B MACIAS,MACIAS MANUEL B,,,1134,,,13TH,ST,,WASCO,CA,93280,2502,1134,,,13TH,ST,,WASCO,CA,93280,2502,2019-05-29
7,6029,KER,030-421-04-00-0,DOLORES RENTERIA SERDA,SERDA DOLORES RENTERIA,,,1025,,,G,ST,,WASCO,CA,93280,2354,1025,,,G,ST,,WASCO,CA,93280,,2019-05-29
8,6029,KER,032-072-01-00-1,BERYL SHELBY,SHELBY BERYL,,,122,,E,KERN,ST,,TAFT,CA,93268,3234,122,,E,KERN,ST,,TAFT,CA,93268,,2019-05-29
9,6029,KER,039-131-04-00-9,MARY M SLORPE,SLORPE MARY M,,HARRIS RICKY,607,,,B,ST,,TAFT,CA,93268,3713,607,,,B,ST,,TAFT,CA,93268,,2019-05-29
10,6029,KER,039-275-04-00-8,ROGER E & ANDREA L MOELLMAN,MOELLMAN ROGER E & ANDREA L,,,206,,,ROSE,AVE,,TAFT,CA,93268,4119,206,,,ROSE,AV,,TAFT,CA,93268,,2019-05-29
11,6029,KER,040-480-18-00-5,MADELINE MAZZANTI,MAZZANTI MADELINE,,,515,,E,E,ST,,TEHACHAPI,CA,93561,1808,515,,E,E,ST,,TEHACHAPI,CA,93561,1808,2019-05-29
12,6029,KER,080-332-03-00-3,JOHN H & ALISHA MILES,MILES JOHN H & ALISHA,,,628,,S,APPALOSA,ST,,RIDGECREST,CA,93555,5340,628,,S,APPALOSA,ST,,RIDGECREST,CA,93555,5340,2019-05-29
13,6029,KER,090-131-46-00-6,INA SANDERS,SANDERS INA,,,18483,,,BAYLESS,ST,,SHAFTER,CA,93263,2862,18483,,,BAYLESS,ST,,SHAFTER,CA,93263,,2019-05-29
14,6029,KER,120-110-10-00-6,JOHN H & ADDIE B COTTON,COTTON JOHN H & ADDIE B,,,3619,,,L,ST,,BAKERSFIELD,CA,93301,1324,3619,,,L,ST,,BAKERSFIELD,CA,93301,1324,2019-05-29
15,6029,KER,125-130-06-00-6,JEFFERY S & EDITH Z ANDERSON,ANDERSON JEFFERY S & EDITH Z,,,527,,,WATER,ST,,BAKERSFIELD,CA,93305,2633,527,,,WATER,ST,,BAKERSFIELD,CA,93305,,2019-05-29
16,6029,KER,127-340-06-00-1,JOSE & SYLVIA MENDOZA,MENDOZA JOSE & SYLVIA,,,1227,,,DRURY,LN,,BAKERSFIELD,CA,93305,3805,1227,,,DRURY,LN,,BAKERSFIELD,CA,93305,,2019-05-29
17,6029,KER,136-060-16-00-5,PATRICIA TOPPING,TOPPING PATRICIA,,,3008,,,CRESTLINE,RD,,BAKERSFIELD,CA,93306,4213,3008,,,CRESTLINE,RD,,BAKERSFIELD,CA,93306,4213,2019-05-29
18,6029,KER,136-120-09-00-2,STEVEN DEAN CROOKS,CROOKS STEVEN DEAN,,,2922,,,HILLBURN,RD,,BAKERSFIELD,CA,93306,4235,2922,,,HILLBURN,RD,,BAKERSFIELD,CA,93306,,2019-05-29
19,6029,KER,140-161-06-00-3,RAMONA RUIZ,RUIZ RAMONA,,MERCADO ANITA,502,,,TANNER,ST,,BAKERSFIELD,CA,93307,2430,502,,,TANNER,ST,,BAKERSFIELD,CA,93307,2430,2019-05-29
20,6029,KER,141-031-17-00-4,LEE PATRICIA WONG TRUST,LEE PATRICIA WONG TRUST,,LEE PATRICIA W & RODRIGUEZ E T,2208,,,LARCUS,AVE,,BAKERSFIELD,CA,93307,2032,3701,,,CENTURY,DR,,BAKERSFIELD,CA,93306,1242,2019-05-29
21,6029,KER,141-040-03-00-9,PAULINE ROMERO,ROMERO PAULINE,,ROMERO JOHN DELFINO JR,2207,,,LUCKY,ST,,BAKERSFIELD,CA,93307,2039,2207,,,LUCKY,ST,,BAKERSFIELD,CA,93307,2039,2019-05-29
22,6029,KER,166-261-01-00-5,BETTY L ROE,ROE BETTY L,,,2306,,,MICHAEL,ST,,BAKERSFIELD,CA,93307,4126,2306,,,MICHAEL,ST,,BAKERSFIELD,CA,93307,4126,2019-05-29
23,6029,KER,170-162-14-00-2,EVELYN L TATE,TATE EVELYN L,,TATE GERRI,2109,,,ROLAND,ST,,BAKERSFIELD,CA,93307,4346,2109,,,ROLAND,ST,,BAKERSFIELD,CA,93305,,2019-05-29
24,6029,KER,172-041-10-00-2,FRANCISCO J JIMENEZ,JIMENEZ FRANCISCO J,,,1819,,E,PLANZ,RD,,BAKERSFIELD,CA,93307,4542,1819,,E,PLANZ,RD,,BAKERSFIELD,CA,93307,4542,2019-05-29
25,6029,KER,172-101-41-00-9,VANESSA DENISE WARD,WARD VANESSA DENISE,,,3406,,,OLIVER,ST,,BAKERSFIELD,CA,93307,4535,3406,,,OLIVER,ST,,BAKERSFIELD,CA,93307,4535,2019-05-29
26,6029,KER,199-156-08-00-9,MYRTLE E COSME,COSME MYRTLE E,,,207,,,ADAMS,ST,,TAFT,CA,93268,2003,207,,,ADAMS,ST,,TAFT,CA,93268,2003,2019-05-29
27,6029,KER,199-213-09-00-8,GEORGE T YEATES,YEATES GEORGE T,,,205,,,MONROE,ST,,TAFT,CA,93268,1909,205,,,MONROE,ST,,TAFT,CA,93268,,2019-05-29
28,6029,KER,203-072-03-00-3,JOSE ANTONIO LOPEZ,LOPEZ JOSE ANTONIO,,OCEGUEDA ABISAI S,8200,,,EUCALYPTUS,AVE,,CALIFORNIA CITY,CA,93505,2682,8200,,,EUCALYPTUS,AV,,CALIF CITY,CA,93505,2682,2019-05-29
29,6029,KER,204-121-01-00-1,JOSEPH J & JUDY E EDDS,EDDS JOSEPH J & JUDY E,,MORRILL SHARON,19648,,,NEURALIA,RD,,CALIFORNIA CITY,CA,93505,4181,1381,,,MILL,ST,,ELY,NV,89301,2116,2019-05-29
30,6029,KER,211-211-18-00-9,RUFUS MERCER,MERCER RUFUS,,,20842,,,74TH,ST,,CALIFORNIA CITY,CA,93505,5101,20842,,,74TH,ST,,CALIFORNIA CITY,CA,93505,5101,2019-05-29
31,6029,KER,231-063-07-00-4,CHARLES C SAUNDERS,SAUNDERS CHARLES C,,,26944,,,COTE,ST,,BORON,CA,93516,1518,26717,,,FERGUSON,ST,,BORON,CA,93516,,2019-05-29
32,6029,KER,231-321-20-00-2,REUBEN S JACKSON,JACKSON REUBEN S,,,27193,,,ANDERSON,ST,,BORON,CA,93516,1603,27193,,,ANDERSON,ST,,BORON,CA,93516,,2019-05-29
33,6029,KER,231-324-08-00-9,ELGIN M BARNES,BARNES ELGIN M,,MORRIS CLAUDE C,27096,,,ANDERSON,ST,,BORON,CA,93516,1602,27083,,,ANDERSON,ST,,BORON,CA,93516,,2019-05-29
34,6029,KER,231-345-08-00-2,ALAN PENN,PENN ALAN,,,27096,,,COTE,ST,,BORON,CA,93516,1619,,,,P O BOX 7792,,,NORTHRIDGE,CA,91327,,2019-05-29
35,6029,KER,231-370-07-00-3,OTTIS & THELMA GOODWIN,GOODWIN OTTIS & THELMA,,,27307,,,ANDERSON,ST,,BORON,CA,93516,1703,27307,,,ANDERSON,ST,,BORON,CA,93516,1703,2019-05-29
36,6029,KER,236-392-14-00-8,RICHARD ARTHUR LEE,LEE RICHARD ARTHUR,,,15330,,,LUCILLE,ST,,MOJAVE,CA,93501,1916,15330,,,LUCILLE,ST,,MOJAVE,CA,93501,1916,2019-05-29
37,6029,KER,236-402-08-00-3,ARACELY LIMA,LIMA ARACELY,,,15325,,,BLACKFIELD,ST,,MOJAVE,CA,93501,1907,15325,,,BLACKFIELD,ST,,MOJAVE,CA,93501,,2019-05-29
38,6029,KER,299-074-11-00-9,HERBERT COOPER,COOPER HERBERT III,,,21082,,,78TH,ST,,CALIFORNIA CITY,CA,93505,1801,21082,,,78TH,ST,,CALIFORNIA CITY,CA,93505,,2019-05-29
39,6029,KER,355-113-21-00-1,NOEL SHENOI,SHENOI NOEL,,,2448,,,HASTI ACRES,DR,,BAKERSFIELD,CA,93309,4734,2448,,,HASTI ACRES,DR,,BAKERSFIELD,CA,93309,4734,2019-05-29
40,6029,KER,361-074-01-00-4,DAWN S KREBS,KREBS DAWN S,,,6909,,,CRANBROOK,AVE,,BAKERSFIELD,CA,93308,2071,6909,,,CRANBROOK,AV,,BAKERSFIELD,CA,93308,,2019-05-29
41,6029,KER,382-200-11-00-5,LEE PATRICIA WONG TRUST,LEE PATRICIA WONG TRUST,,LEE PATRICIA WONG & RODRIGUEZ,3701,,,CENTURY,DR,,BAKERSFIELD,CA,93306,1242,3701,,,CENTURY,DR,,BAKERSFIELD,CA,93306,1242,2019-05-29
42,6029,KER,432-272-06-00-0,ROBERTO JAUREGUI RUBIO,RUBIO ROBERTO JAUREGUI,,,5712,,,REXROTH,AVE,,BAKERSFIELD,CA,93306,3737,5712,,,REXROTH,AV,,BAKERSFIELD,CA,93306,3737,2019-05-29
43,6029,KER,490-071-13-00-9,MARIA R SANDOVAL,SANDOVAL MARIA R,,,2424,,,CAMELLIA,ST,,WASCO,CA,93280,2410,2424,,,CAMELLIA,AV,,WASCO,CA,93280,,2019-05-29
