﻿ID,FIPS,CO3,APN,OWNERNAME,OWNER 1,OWNER 2,CAREOF,S_HSENO,S_HSESUB,S_DIR,STREET,S_SFX,UNIT,CITY,STATE,ZIP,ZIP4,M_HSENO,M_HSESUB,M_DIR,M_STREET,M_SFX,M_UNIT,M_CITY,M_STATE,M_ZIP,M_ZIP4,DATE
1,6059,ORG,011-075-21,BRUCE A JERDAN,JERDAN BRUCE A,,,1020,,S,HICKORY,ST,,SANTA ANA,CA,92701,6004,,,,P O BOX 16936,,,IRVINE,CA,92623,6936,2019-06-03
2,6059,ORG,019-022-60,EDWARD NAVARRO,NAVARRO EDWARD TR,,,970,,,BUENA VISTA,AVE,,LA HABRA,CA,90631,7074,970,,,BUENA VISTA,AVE,,LA HABRA,CA,90631,7074,2019-06-03
3,6059,ORG,066-431-23,DOTTIE PATINO,PATINO DOTTIE,,,8245,,,GREGORY,CIR,,BUENA PARK,CA,90621,1360,8245,,,GREGORY,CIR,,BUENA PARK,CA,90621,1360,2019-06-03
4,6059,ORG,090-283-01,ROBERT S MULL,MULL ROBERT S TR,,,11402,,,FREDRICK,DR,,GARDEN GROVE,CA,92840,3406,3200,,W,ALTA,DR,,LAS VEGAS,NV,89107,3206,2019-06-03
5,6059,ORG,105-232-74,DANNY E BROWN,BROWN DANNY E JR,,,17292,,,HARDING CANYON,RD,,SILVERADO,CA,92676,9751,17292,,,HARDING CANYON,RD,,SILVERADO,CA,92676,9751,2019-06-03
6,6059,ORG,107-634-05,NANCY C MARTIN,MARTIN NANCY C TR,,,8930,,,NEPTUNE,CIR,,WESTMINSTER,CA,92683,7750,8930,,,NEPTUNE,CIR,,WESTMINSTER,CA,92683,7750,2019-06-03
7,6059,ORG,126-242-04,STEPHANIE YAMASHITA,YAMASHITA STEPHANIE TR S,YAMASHITA FAMILY TR,,2827,,W,ROME,AVE,,ANAHEIM,CA,92804,3925,20670,,,VISTA DEL SOL,,,YORBA LINDA,CA,92886,,2019-06-03
8,6059,ORG,131-221-41,LYNETTE LOUISE LANDGREN,LANDGREN LYNETTE LOUISE TR,,,8221,,,LA MONTE,RD,,ANAHEIM,CA,92804,6729,11732,,,COURT,LN,,ANAHEIM,CA,92804,,2019-06-03
9,6059,ORG,143-073-11,TRINH M B,TRINH M B,HUYNH J N F,,9172,,,CARNATION,DR,,WESTMINSTER,CA,92683,7300,10375,,,CIRCULO DE ZAPATA,,,FOUNTAIN VALLEY,CA,92708,,2019-06-03
10,6059,ORG,143-261-36,NGUYEN JOHN,NGUYEN JOHN,,,16549,,,PINYON,CIR,,FOUNTAIN VALLEY,CA,92708,2239,16549,,,PINYON,CIR,,FOUNTAIN VALLEY,CA,92708,,2019-06-03
11,6059,ORG,143-581-02,MATTHEW E LOGAN,LOGAN MATTHEW E,,,16036,,,BASIL,ST,,FOUNTAIN VALLEY,CA,92708,1504,5942,,,EDINGER,AVE,113,HUNTINGTON BEACH,CA,92649,1773,2019-06-03
12,6059,ORG,203-182-18,ROBERT W DAVIDSON,DAVIDSON ROBERT W,,,5731,,,EDITA,AVE,,WESTMINSTER,CA,92683,2814,501,,,SIX NATIONS,AVE,,PLACENTIA,CA,92870,,2019-06-03
13,6059,ORG,341-042-05,JOSEPH MANUEL MIRANDA,MIRANDA JOSEPH MANUEL TR,J M & P A MIRANDA LIVING,,1419,,,BRYCE,CIR,,PLACENTIA,CA,92870,4001,1419,,,BRYCE,CIR,,PLACENTIA,CA,92870,,2019-06-03
14,6059,ORG,351-681-17,CHARLES EDWARD BURKLEY,BURKLEY CHARLES EDWARD TR,,,5340,,,GRANBY,DR,,YORBA LINDA,CA,92887,3712,20131,,,AVENIDA DEL NORTE,,,YORBA LINDA,CA,92886,2904,2019-06-03
15,6059,ORG,383-081-68,DAVID E CORTEZ,CORTEZ DAVID E,,,11742,,,HEWES,ST,,ORANGE,CA,92869,3551,18762,,E,SPRING,ST,,ORANGE,CA,92869,3515,2019-06-03
16,6059,ORG,405-321-03,MICHAEL N & MARY ALCALA MITCHELL,MITCHELL MICHAEL N & MARY ALCALA,,,1522,,N,FLOWER,ST,,SANTA ANA,CA,92706,3721,1001,,,FREEMAN,,,SANTA ANA,CA,92703,2317,2019-06-03
17,6059,ORG,930-47-609,THOMAS A & SHAARON A BROCK,BROCK THOMAS A & SHAARON A,,,25885,,,TRABUCO,RD,209,LAKE FOREST,CA,92630,6644,27501,,,BOCINA,,,MISSION VIEJO,CA,92692,2706,2019-06-03
18,6059,ORG,932-80-145,GEORGE J ROTH,ROTH GEORGE J TR,,C/O RICHARD H MILLER II,8566,,,VAN NESS,CT,20C,HUNTINGTON BEACH,CA,92646,5620,24,,,WEYMOUTH,LN,,JOHNSON CITY,NY,13790,5123,2019-06-03
19,6059,ORG,932-85-073,RICHARD HULBERT,HULBERT RICHARD TR THE,HULBERT FAMILY TR,,19083,,,ROCKWOOD,DR,26,YORBA LINDA,CA,92886,5431,19083,,,ROCKWOOD,DR,26,YORBA LINDA,CA,92886,,2019-06-03
20,6059,ORG,935-10-014,RICHARD E JOHNSON,JOHNSON RICHARD E,,,5510,,,PASEO DEL LAGO,,2C,LAGUNA WOODS,CA,92637,2664,444,,,EL BOSQUE,,,LAGUNA BEACH,CA,92651,2533,2019-06-03
21,6059,ORG,939-41-120,RAUL MARTIN,MARTIN RAUL,,,34032,,,SELVA,RD,95,DANA POINT,CA,92629,3763,34032,,,SELVA,RD,95,DANA POINT,CA,92629,,2019-06-03
