﻿ID,FIPS,CO3,APN,OWNERNAME,OWNER 1,OWNER 2,CAREOF,S_HSENO,S_HSESUB,S_DIR,STREET,S_SFX,UNIT,CITY,STATE,ZIP,ZIP4,M_HSENO,M_HSESUB,M_DIR,M_STREET,M_SFX,M_UNIT,M_CITY,M_STATE,M_ZIP,M_ZIP4,DATE
1,6073,SDX,105-242-25-00,WOLFE HELEN FAMILY TRUST 10-11-05,WOLFE HELEN FAMILY TRUST 10-11-05,,C/O LINDA TINGLER,947,,,MCDONALD,RD,,FALLBROOK,CA,92028,3543,3878,,,KLAMATH,WAY,,NAPA,CA,94558,,2019-06-03
2,6073,SDX,143-171-10-57,SMITH JACK H CHILDRENS TRUST 11-13-12,SMITH JACK H CHILDRENS TRUST 11-13-12,,C/O DAVID Q SMITH,999,,,PACIFIC ST NORTH #G302,,,OCEANSIDE,CA,92054,2083,1165,,,LINDA VISTA,DR,#110,SAN MARCOS,CA,92078,,2019-06-03
3,6073,SDX,181-102-36-00,LINDSEY-PIERCE DIANNE R EST OF,LINDSEY-PIERCE DIANNE R EST OF,,,1700,,,BITTERSWEET,HL,,VISTA,CA,92084,7621,3704,,NE,72ND,AVE,,PORTLAND,OR,97213,,2019-06-03
4,6073,SDX,184-021-18-00,GRANADOS CHRISTOPHER & JUDITH 1991 FAMILY TRUST,GRANADOS CHRISTOPHER & JUDITH 1991 FAMILY TRUST,,,1835,,,MONTGOMERY,DR,,VISTA,CA,92084,7631,1835,,,MONTGOMERY,DR,,VISTA,CA,92084,,2019-06-03
5,6073,SDX,282-331-03-00,CARPENTER PATRICIA J EST OF,CARPENTER PATRICIA J EST OF,,C/O CARL STOUDT,1834,,,HANSON,LN,,RAMONA,CA,92065,3313,730,,,RENEL,RD,,PLYMOUTH MTNG,PA,19462,,2019-06-03
6,6073,SDX,311-112-18-00,FARINA DOMINIC P EST OF,FARINA DOMINIC P EST OF,,,10986,,,WESTMORE,CIR,,SAN DIEGO,CA,92126,2112,10986,,,WESTMORE,CIR,,SAN DIEGO,CA,92126,,2019-06-03
7,6073,SDX,316-240-01-03,MARK AKIRA OKADA,OKADA MARK AKIRA,,,10820,,,SABRE HILL,DR,#187,SAN DIEGO,CA,92128,4133,10820,,,SABRE HILL,DR,#187,SAN DIEGO,CA,92128,,2019-06-03
8,6073,SDX,345-141-09-36,CARMEN M LEAL,LEAL CARMEN M,LEAL RICARDO,,8178,,,AVENIDA NAVIDAD,,#32,SAN DIEGO,CA,92122,4415,8158,,,AVENIDA NAVIDAD,,#24,SAN DIEGO,CA,92122,,2019-06-03
9,6073,SDX,346-802-15-02,RAY A & NORA F SILAO,SILAO RAY A & NORA F,,,3131,,,VIA ALICANTE,,#102,LA JOLLA,CA,92037,2434,3753,,S,18TH,AVE,,YUMA,AZ,85365,,2019-06-03
10,6073,SDX,347-380-08-27,KATHERINE A LEVARIO,LEVARIO KATHERINE A,LEVARIO GARY,,4070,,,PORTE LA PAZ,,#27,SAN DIEGO,CA,92122,4817,1674,,,CAFFREY,LN,,WEST COVINA,CA,91791,,2019-06-03
11,6073,SDX,377-200-20-00,BIRD TRUST 03-24-04,BIRD TRUST 03-24-04,,C/O RICHARD T REMIAS,11130,,,POSTHILL,RD,,LAKESIDE,CA,92040,1331,,,,P O BOX 1384,,,LAKESIDE,CA,92040,,2019-06-03
12,6073,SDX,388-203-13-00,ALEXIS NEVELS,NEVELS ALEXIS,,,1011,,,PEPPER,DR,,EL CAJON,CA,92021,1206,1011,,,PEPPER,DR,,EL CAJON,CA,92021,,2019-06-03
13,6073,SDX,427-440-44-22,MCGLINN MARTIN D 2006 TRUST,MCGLINN MARTIN D 2006 TRUST,,,2744,,,MEADOW LARK,DR,,SAN DIEGO,CA,92123,2744,,,,P O BOX 712141,,,SAN DIEGO,CA,92171,,2019-06-03
14,6073,SDX,480-380-10-00,PANTAZOPLUS NICHOLAS L EST OF,PANTAZOPLUS NICHOLAS L EST OF,,,2968,,,WASHINGTON,ST,,LEMON GROVE,CA,91945,3008,2968,,,WASHINGTON,ST,,LEMON GROVE,CA,91945,,2019-06-03
15,6073,SDX,481-140-77-00,SATORI CONSULTING LLC,SATORI CONSULTING LLC,,,725,,,HACIENDA,DR,,EL CAJON,CA,92020,1711,2840,,,FLETCHER,PKWY,#221,EL CAJON,CA,92020,,2019-06-03
16,6073,SDX,487-400-15-00,CICALO FAMILY TRUST 11-26-02,CICALO FAMILY TRUST 11-26-02,,,667,,,LIVE OAK,DR,,EL CAJON,CA,92020,5631,4000,,,PIMLICO,DR,#114,PLEASANTON,CA,94588,,2019-06-03
17,6073,SDX,507-432-01-00,SINDY R DAVIS,DAVIS SINDY R,,,1497,,,CLARKE,DR,,EL CAJON,CA,92021,3508,5629,,,W,AVE,,ACTON,CA,93510,,2019-06-03
18,6073,SDX,513-110-05-00,HUMPHREY FAMILY TRUST 11-17-99,HUMPHREY FAMILY TRUST 11-17-99,,,5022,,,DEHESA,RD,,EL CAJON,CA,92019,1801,1410,,,MERRITT,DR,,EL CAJON,CA,92020,,2019-06-03
19,6073,SDX,514-150-54-00,GARY J & VANESSA R KUNKEL,KUNKEL GARY J & VANESSA R,,,1222,,,JAMACHA,RD,,EL CAJON,CA,92020,,,,,P O BOX 50550,,,PALO ALTO,CA,94303,,2019-06-03
20,6073,SDX,535-543-14-00,MONICA D & LEONARD R EDWARDS,EDWARDS MONICA D & LEONARD R,,,2735,,,L,ST,,SAN DIEGO,CA,92102,4023,9404,,,BARBIC,LN,,SPRING VALLEY,CA,91977,,2019-06-03
21,6073,SDX,539-156-01-00,DOMINGO EVELYN L EST OF,DOMINGO EVELYN L EST OF,,,2047,,,29TH,ST,,SAN DIEGO,CA,92104,5503,2047,,,29TH,ST,,SAN DIEGO,CA,92104,,2019-06-03
22,6073,SDX,545-482-10-00,JIMMIE W & ERNESTINE B JOHNSON,JOHNSON JIMMIE W & ERNESTINE B,,,3485,,,WEBSTER,AVE,,SAN DIEGO,CA,92113,1665,3485,,,WEBSTER,AVE,,SAN DIEGO,CA,92113,,2019-06-03
23,6073,SDX,549-552-21-00,J M K PROPERTIES INC,J M K PROPERTIES INC,,,6101,,,ALDERLEY,ST,,SAN DIEGO,CA,92114,6713,4540,,,KEARNY VILLA,RD,#201,SAN DIEGO,CA,92123,,2019-06-03
24,6073,SDX,558-320-22-00,JOSE D CASILLAS,CASILLAS JOSE D,CASILLAS ESTELLA V,,2112,,,RACHAEL,AVE,,NATIONAL CITY,CA,91950,6248,1298,,,FOOLS GOLD,WAY,#1,CHULA VISTA,CA,91913,,2019-06-03
25,6073,SDX,573-090-02-00,C H D & SONS INC,C H D & SONS INC,,,585,,,4TH,AVE,,CHULA VISTA,CA,91910,5521,1500,,,AVENIDA ROSA,,,CHULA VISTA,CA,91911,,2019-06-03
26,6073,SDX,582-230-13-00,ERIC L HUCKLEBERRY,HUCKLEBERRY ERIC L,,,2216,,,CALLE CHANATE,,,SAN DIEGO,CA,92139,1104,6520,,,SPRINGFIELD,ST,,SAN DIEGO,CA,92114,,2019-06-03
27,6073,SDX,675-300-03-00,SANDERS ELISE B 2001 SEPARATE PROPERTY TRUST,SANDERS ELISE B 2001 SEPARATE PROPERTY TRUST,,,7986,,,TOPAZ LAKE,AVE,,SAN DIEGO,CA,92119,3347,,,,P O BOX 175,,,SPRING VALLEY,CA,91976,,2019-06-03
