﻿ID,FIPS,CO3,APN,OWNERNAME,OWNER 1,OWNER 2,CAREOF,S_HSENO,S_HSESUB,S_DIR,STREET,S_SFX,UNIT,CITY,STATE,ZIP,ZIP4,M_HSENO,M_HSESUB,M_DIR,M_STREET,M_SFX,M_UNIT,M_CITY,M_STATE,M_ZIP,M_ZIP4,DATE
1,6079,SLO,003-517-007,CHRISTOPHER C RICHARDSON,RICHARDSON CHRISTOPHER C TRE,,,1213,,,NIPOMO,ST,,SAN LUIS OBISPO,CA,93401,3932,1213,,,NIPOMO,ST,,SAN LUIS OBISPO,CA,93401,3932,2019-05-29
2,6079,SLO,004-931-058,ROBERT H COCHRAN,COCHRAN ROBERT H TRE ETAL,,,285,,,LAWRENCE,DR,,SAN LUIS OBISPO,CA,93401,5694,285,,,LAWRENCE,DR,,SAN LUIS OBISPO,CA,93401,,2019-05-29
3,6079,SLO,006-075-017,JAMES C JAUNCEY,JAUNCEY JAMES C TRE ETAL,,,833,,,DIAMOND,CIR,,ARROYO GRANDE,CA,93420,4402,833,,,DIAMOND,CIR,,ARROYO GRANDE,CA,93420,4402,2019-05-29
4,6079,SLO,007-382-004,MOOTS HAROLD G HEIRS OF,MOOTS HAROLD G HEIRS OF ETUX,,%MARGIE L MOOTS,403,,,GREENWOOD,DR,,ARROYO GRANDE,CA,93420,3615,403,,,GREENWOOD,DR,,ARROYO GRANDE,CA,93420,3615,2019-05-29
5,6079,SLO,007-453-011,LAWRENCE C & INGRID E MARCHESE,MARCHESE LAWRENCE C & INGRID E,,,139,,,ROSEWOOD,LN,,ARROYO GRANDE,CA,93420,2913,139,,,ROSEWOOD,LN,,ARROYO GRANDE,CA,93420,2913,2019-05-29
6,6079,SLO,008-351-011,ROBERT L DANLEY,DANLEY ROBERT L TRE,,,100,,,PIEDMONT,PL,,PASO ROBLES,CA,93446,1542,100,,,PIEDMONT,PL,,PASO ROBLES,CA,93446,1542,2019-05-29
7,6079,SLO,009-013-003,HEATHER M LUIS,LUIS HEATHER M,,,48,,W,12TH,ST,,PASO ROBLES,CA,93446,2048,48,,W,12TH,ST,,PASO ROBLES,CA,93446,2048,2019-05-29
8,6079,SLO,009-697-022,LUIS SARMIENTO,SARMIENTO LUIS TRE,,,470,,,NICKERSON,DR,,PASO ROBLES,CA,93446,2949,470,,,NICKERSON,,,PASO ROBLES,CA,93446,2949,2019-05-29
9,6079,SLO,010-282-012,ROBERT J RIEGER,RIEGER ROBERT J,,,333,,,SANTA FE,AVE,,PISMO BEACH,CA,93449,1950,333,,,SANTA FE,,,PISMO BEACH,CA,93449,1950,2019-05-29
10,6079,SLO,012-196-011,HERBERT A HUTCHINSON,HUTCHINSON HERBERT A TRE ETAL,,,2330,,,DOUBLE POINT,WAY,,PASO ROBLES,CA,93446,7748,2330,,,DOUBLE POINT,WAY,,PASO ROBLES,CA,93446,7748,2019-05-29
11,6079,SLO,030-301-009,KENNETH & MARISA M GRAY,GRAY KENNETH & MARISA M,,,7205,,,CRISTOBAL,AVE,,ATASCADERO,CA,93422,5134,7205,,,CRISTOBAL,AVE,,ATASCADERO,CA,93422,5134,2019-05-29
12,6079,SLO,030-502-011,MARY K MCCAAMY,MCCAAMY MARY K TRE ETAL,,,9012,,,LA LINIA,AVE,,ATASCADERO,CA,93422,5371,7805,,,SAN PALO,RD,,ATASCADERO,CA,93422,2434,2019-05-29
13,6079,SLO,038-141-028,BARBARA A BOULWARE,BOULWARE BARBARA A,,,1242,,,10TH,ST,,LOS OSOS,CA,93402,1309,1242,,,10TH,ST,,BAYWOOD PARK,CA,93402,1309,2019-05-29
14,6079,SLO,038-432-008,LESLIE ESSELBACH,ESSELBACH LESLIE,,,1680,,,6TH,ST,,LOS OSOS,CA,93402,2106,1680,,,6TH,ST,,LOS OSOS,CA,93402,2106,2019-05-29
15,6079,SLO,060-561-011,SAEED A BAGGASH,BAGGASH SAEED A TRE,,%BAGGASH FAMILY TRUST,1198,,S,13TH,ST,,GROVER BEACH,CA,93433,3115,,,,PO BOX 611,,,GROVER BEACH,CA,93483,611,2019-05-29
16,6079,SLO,064-157-003,KENNETH D WALLER,WALLER KENNETH D TRE ETAL,,,897,,,SAINT MARY,AVE,,CAYUCOS,CA,93430,1353,897,,,SAINT MARY,AVE,,CAYUCOS,CA,93430,1353,2019-05-29
17,6079,SLO,064-235-019,DONALD L RHODES,RHODES DONALD L TRE ETAL,,%THE RHODES FAMILY TRUST 4129,2134,,,CASS,AVE,,CAYUCOS,CA,93430,1420,2134,,,CASS,AVE,,CAYUCOS,CA,93430,1420,2019-05-29
18,6079,SLO,064-411-036,BRIAN & DION A MAULE,MAULE BRIAN & DION A,,,3190,,,SHEARER,AVE,,CAYUCOS,CA,93430,1822,3190,,,SHEARER,AVE,,CAYUCOS,CA,93430,1822,2019-05-29
19,6079,SLO,065-103-028,PHYLLIS L BEENE,BEENE PHYLLIS L TRE ETAL,,,185,,,SICILY,ST,,MORRO BAY,CA,93442,3033,8315,,,WOODLAND,CIR,,GOODRICH,MI,48438,,2019-05-29
20,6079,SLO,065-114-043,MELVIN M MENDES,MENDES MELVIN M TRE ETAL,,,168,,,LUZON,ST,,MORRO BAY,CA,93442,3018,203,,E,JULIA WY,,,HANFORD,CA,93230,1250,2019-05-29
21,6079,SLO,066-163-014,BARBARA E GRAHAM,GRAHAM BARBARA E TRE ETAL,,,930,,,ANCHOR,ST,,MORRO BAY,CA,93442,2602,3415,,,JULIAN,AVE,,LONG BEACH,CA,90808,,2019-05-29
22,6079,SLO,066-201-017,MICHAEL U OCONNOR,OCONNOR MICHAEL U TRE ETAL,,,961,,,CARMEL,ST,,MORRO BAY,CA,93442,2607,378,,W,COLORADO,ST,,ARCADIA,CA,91007,,2019-05-29
23,6079,SLO,068-313-016,DOROTHY J DAVIS,DAVIS DOROTHY J TRE ETAL,,,2120,,,SUNSET,AVE,,MORRO BAY,CA,93442,1654,2120,,,SUNSET,AVE,,MORRO BAY,CA,93442,1654,2019-05-29
24,6079,SLO,074-025-005,DAN WELLFORD,WELLFORD DAN,,,295,,,MANZANITA,DR,,LOS OSOS,CA,93402,3626,295,,,MANZANITA,DR,,LOS OSOS,CA,93402,3626,2019-05-29
25,6079,SLO,074-272-010,VIRGINIA L STARK,STARK VIRGINIA L TRE ETAL,,,1326,,,NIPOMO,AVE,,LOS OSOS,CA,93402,2823,1505,,,TIFFANY RANCH,RD,,ARROYO GRANDE,CA,93420,4971,2019-05-29
26,6079,SLO,074-405-002,DAVID R HARRIS,HARRIS DAVID R TRE ETAL,,,2316,,,ANNE,AVE,,LOS OSOS,CA,93402,4004,2316,,,ANNE,AVE,,LOS OSOS,CA,93402,4004,2019-05-29
27,6079,SLO,074-444-013,DAVIDSON M PATTIZ,PATTIZ DAVIDSON M TRE ETAL,,,2117,,,INYO,ST,,LOS OSOS,CA,93402,2328,2117,,,INYO,ST,,LOS OSOS,CA,93402,2328,2019-05-29
28,6079,SLO,074-454-031,BALL R & MARJORIE A WAYNE,BALL R WAYNE & MARJORIE A,,,2741,,,HOUSTON,DR,,LOS OSOS,CA,93402,4309,2741,,,HOUSTON,,,LOS OSOS,CA,93402,4309,2019-05-29
29,6079,SLO,074-492-018,TERRY TREVES,TREVES TERRY TRE,,,1375,,,LAS ENCINAS,DR,,LOS OSOS,CA,93405,,1375,,,LAS ENCINAS,DR,,LOS OSOS,CA,93405,,2019-05-29
30,6079,SLO,077-063-001,WILLIAM E & MARCIA J FRANK,FRANK WILLIAM E & MARCIA J,,,1249,,,MONTEGO,ST,,ARROYO GRANDE,CA,93420,2434,1321,,,UPLAND,DR,6876,HOUSTON,TX,77043,,2019-05-29
31,6079,SLO,092-361-014,MARGIE T HILL,HILL MARGIE T TRE ETAL,,,642,,,SOUTHLAND,ST,,NIPOMO,CA,93444,9184,1690,,,MCKINLEY,ST,,SAN MATEO,CA,94403,,2019-05-29
