,address,City
0,4924 VENTURA_CANYON AVE LOS_ANGELES CA,LOS_ANGELES
1,2102 AVENUE_Q5 nan PALMDALE CA,PALMDALE
2,3814 MOUNT_VERNON DR LOS_ANGELES CA,LOS_ANGELES
3,9124 BUDLONG AVE LOS_ANGELES CA,LOS_ANGELES
4,10722 ANZAC AVE LOS_ANGELES CA,LOS_ANGELES
5,37159 28TH_ST_E nan PALMDALE CA,PALMDALE
6,42315 52ND_ST_W nan LANCASTER CA,LANCASTER
7,2186 NEW_YORK DR ALTADENA CA,ALTADENA
8,713 ARBUTUS ST COMPTON CA,COMPTON
9,1110 APPLETON ST LONG_BEACH CA,LONG_BEACH
10,3721 PATTON AVE LOS_ANGELES CA,LOS_ANGELES
11,13664 PRICHARD ST LA_PUENTE CA,LA_PUENTE
12,452 JANSU PL POMONA CA,POMONA
13,12924 ADDISON ST LOS_ANGELES CA,LOS_ANGELES
14,11391 ETIWANDA AVE LOS_ANGELES CA,LOS_ANGELES
15,37616 NEWBURY PL PALMDALE CA,PALMDALE
16,4720 ORANGE ST PICO_RIVERA CA,PICO_RIVERA
17,1948 MONON ST LOS_ANGELES CA,LOS_ANGELES
18,618 112TH ST LOS_ANGELES CA,LOS_ANGELES
19,1801 ARBUTUS ST COMPTON CA,COMPTON
20,1470 ARROYO AVE POMONA CA,POMONA
21,17807 VALLEY_VISTA BLVD LOS_ANGELES CA,LOS_ANGELES
22,13732 LA_MAIDA ST LOS_ANGELES CA,LOS_ANGELES
23,13243 RAVEN ST LOS_ANGELES CA,LOS_ANGELES
24,10902 MATHER AVE LOS_ANGELES CA,LOS_ANGELES
25,16915 BIRCHER ST LOS_ANGELES CA,LOS_ANGELES
26,16433 GLEDHILL ST LOS_ANGELES CA,LOS_ANGELES
27,11160 ORVILLE ST CULVER_CITY CA,CULVER_CITY
28,20706 SEABOARD RD MALIBU CA,MALIBU
29,1831 LAUREL ST SOUTH_PASADENA CA,SOUTH_PASADENA
30,2190 BEECH_KNOLL RD LOS_ANGELES CA,LOS_ANGELES
31,3286 BLAIR DR LOS_ANGELES CA,LOS_ANGELES
32,2112 GRAND_OAKS AVE ALTADENA CA,ALTADENA
33,913 CLAUDE ST CARSON CA,CARSON
34,4540 58TH ST MAYWOOD CA,MAYWOOD
35,6218 CONANT ST LONG_BEACH CA,LONG_BEACH
36,5644 SPINNAKER_BAY DR LONG_BEACH CA,LONG_BEACH
37,22722 CERISE AVE TORRANCE CA,TORRANCE
38,12028 SUMMER AVE NORWALK CA,NORWALK
39,12027 EDDERTON AVE WHITTIER CA,WHITTIER
40,1176 LAUREL AVE POMONA CA,POMONA
41,1152 TUDOR ST SAN_DIMAS CA,SAN_DIMAS
42,637 RANCHO_SIMI DR COVINA CA,COVINA
43,23328 FOREST_CANYON DR DIAMOND_BAR CA,DIAMOND_BAR
44,20620 CHATSBORO DR LOS_ANGELES CA,LOS_ANGELES
45,11207 LAURIE DR LOS_ANGELES CA,LOS_ANGELES
46,11963 SALEM DR LOS_ANGELES CA,LOS_ANGELES
47,24505 PEACHLAND AVE SANTA_CLARITA CA,SANTA_CLARITA
48,2804 ARTESIA BLVD TORRANCE CA,TORRANCE
49,611 REXFORD DR BEVERLY_HILLS CA,BEVERLY_HILLS
50,351 ALMA_REAL DR LOS_ANGELES CA,LOS_ANGELES
51,1532 DECKER_CANYON RD MALIBU CA,MALIBU
52,1331 EXPOSITION BLVD LOS_ANGELES CA,LOS_ANGELES
53,600 5TH ST MONTEBELLO CA,MONTEBELLO
54,443 LA_TERRAZA ST SOUTH_PASADENA CA,SOUTH_PASADENA
55,1722 MILAN AVE SOUTH_PASADENA CA,SOUTH_PASADENA
56,6835 VISTA ST SAN_GABRIEL CA,SAN_GABRIEL
57,2961 ANGUS ST LOS_ANGELES CA,LOS_ANGELES
58,647 ISABEL ST LOS_ANGELES CA,LOS_ANGELES
59,1449 KILLARNEY AVE LOS_ANGELES CA,LOS_ANGELES
60,7923 LOU_DILLON AVE LOS_ANGELES CA,LOS_ANGELES
61,8779 HOBART BLVD LOS_ANGELES CA,LOS_ANGELES
62,1539 87TH ST LOS_ANGELES CA,LOS_ANGELES
63,1330 93RD ST LOS_ANGELES CA,LOS_ANGELES
64,10323 JUNIPER ST LOS_ANGELES CA,LOS_ANGELES
65,1219 121ST ST LOS_ANGELES CA,LOS_ANGELES
66,16311 DENVER AVE LOS_ANGELES CA,LOS_ANGELES
67,14610 CASWELL AVE COMPTON CA,COMPTON
68,628 SCHOOL ST COMPTON CA,COMPTON
69,522 PEACH ST COMPTON CA,COMPTON
70,6311 WOODLAWN AVE BELL CA,BELL
71,9707 ARKANSAS ST BELLFLOWER CA,BELLFLOWER
72,26127 BASSWOOD AVE RANCHO_PALOS_VERDES CA,RANCHO_PALOS_VERDES
73,28408 QUAILHILL DR RANCHO_PALOS_VERDES CA,RANCHO_PALOS_VERDES
74,14328 LA_FORGE ST WHITTIER CA,WHITTIER
75,1285 ANTOINETTE DR LA_HABRA CA,LA_HABRA
76,20358 CALORA ST COVINA CA,COVINA
77,712 HYACINTH AVE WEST_COVINA CA,WEST_COVINA
78,1023 ORANGE AVE LA_PUENTE CA,LA_PUENTE
79,944 GLENMERE ST WEST_COVINA CA,WEST_COVINA
80,1726 CHARLINDA ST WEST_COVINA CA,WEST_COVINA
81,362 MICHELLE ST WEST_COVINA CA,WEST_COVINA
82,323 SIERRA_MADRE AVE GLENDORA CA,GLENDORA
83,1165 COMSTOCK AVE GLENDORA CA,GLENDORA
