ID,FIPS,CO3,APN,OWNERNAME,OWNER 1,OWNER 2,CAREOF,S_HSENO,S_HSESUB,S_DIR,STREET,S_SFX,UNIT,CITY,STATE,ZIP,ZIP4,M_HSENO,M_HSESUB,M_DIR,M_STREET,M_SFX,M_UNIT,M_CITY,M_STATE,M_ZIP,M_ZIP4,DATE
1,6071,SBD,0108-306-02-0000,PRATKO MADELINE M TRUST,PRATKO MADELINE M TRUST,,SAN BERNARDINO COUNTY PUBLIC GUARDIA,1338,,N,EL DORADO,AVE,,ONTARIO,CA,91764,2155,222,,W,BROOKSIDE,AVE,,REDLANDS,CA,92373,,2019
2,6071,SBD,0127-383-06-0000,PETERSON PAUL E TR,PETERSON PAUL E TR,,,392,,W,HOLLY,ST,,RIALTO,CA,92376,4139,392,,W,HOLLY,ST,,RIALTO,CA,92376,,2019
3,6071,SBD,0127-582-17-0000,RICHARD B SHRIVER,SHRIVER RICHARD B,,,462,,N,WILLOW,AVE,,RIALTO,CA,92376,4966,8532,,,ORANGE,ST,,DOWNEY,CA,90242,,2019
4,6071,SBD,0130-261-21-0000,SA GOLDEN INVESTMENTS INC,SA GOLDEN INVESTMENTS INC,,,110,,S,DATE,AVE,,RIALTO,CA,92376,8900,8471,,,LAUREL,AVE,,FONTANA,CA,92335,,2019
5,6071,SBD,0132-352-02-0000,ADRIAN MALDONADO,MALDONADO ADRIAN,,,320,,W,WOODCREST,ST,,RIALTO,CA,92376,7424,8453,,,YEARLING,WAY,,RIVERSIDE,CA,92509,,2019
6,6071,SBD,0133-072-02-0000,CHARLES R HART,HART CHARLES R,,,1016,,N,OAKDALE,AVE,,RIALTO,CA,92376,4410,1016,,N,OAKDALE,AVE,,RIALTO,CA,92376,,2019
7,6071,SBD,0143-263-09-0000,PERTHALENE L GRACE,GRACE PERTHALENE L,,,1705,,,MAGNOLIA,AVE,,SAN BERNARDINO,CA,92411,1636,5533,,,GARTH,AVE,,LOS ANGELES,CA,90056,,2019
8,6071,SBD,0154-394-08-0000,MARVIN D GEMAR,GEMAR MARVIN D,,,3965,,,PARKSIDE,DR,,SAN BERNARDINO,CA,92404,1719,3965,,N,PARKSIDE,DR,,SAN BERNARDINO,CA,92404,,2019
9,6071,SBD,0163-461-27-0000,MICHAEL A MORALES,MORALES MICHAEL A,,,263,,,LOMA VERDE,,,COLTON,CA,92324,3633,263,,,LOMA VERDE,,,COLTON,CA,92324,,2019
10,6071,SBD,0164-024-12-0000,JOSEPH P MARSHALL,MARSHALL JOSEPH P,,,1350,,,BOTHWELL,AVE,,COLTON,CA,92324,2508,2176,,E,BESSANT,ST,,SAN BERNARDINO,CA,92404,,2019
11,6071,SBD,0169-106-18-0000,DAVID A HESSINGER,HESSINGER DAVID A,,,901,,,POST,ST,,REDLANDS,CA,92374,4463,12802,,,ALMOND,RD,,COLTON,CA,92324,,2019
12,6071,SBD,0171-341-02-0000,YMCA OF THE EAST VALLEY,YMCA OF THE EAST VALLEY,,,253,,,MYRTLE,ST,,REDLANDS,CA,92373,5203,500,,E,CITRUS,,,REDLANDS,CA,92373,,2019
13,6071,SBD,0171-341-03-0000,YMCA OF THE EAST VALLEY,YMCA OF THE EAST VALLEY,,,247,,,MYRTLE,ST,,REDLANDS,CA,92373,5203,500,,E,CITRUS,AVE,,REDLANDS,CA,92373,,2019
14,6071,SBD,0171-341-23-0000,YMCA OF THE EAST VALLEY,YMCA OF THE EAST VALLEY,,,257,,,MYRTLE,ST,,REDLANDS,CA,92373,5203,500,,E,CITRUS,,,REDLANDS,CA,92373,,2019
15,6071,SBD,0172-281-19-0000,ELLZEY INGEBORG C TRUST 08-30-02,ELLZEY INGEBORG C TRUST 08-30-02,,INGEBORG C ELLZEY - TRUSTEE,502,,,SAN JACINTO,ST,,REDLANDS,CA,92373,5751,1314,,,GROVE TERRACE,,,WINTER PARK,FL,32789,,2019
16,6071,SBD,0173-122-03-0000,GRAHAM PREMIER CAPITAL HOLDINGS LLC,GRAHAM PREMIER CAPITAL HOLDINGS LLC,,,531,,,UNIVERSITY,PL,,REDLANDS,CA,92374,5384,,,,P O BOX 27740,,,LAS VEGAS,NV,89126,,2019
17,6071,SBD,0175-183-09-0000,FRASER ROBERT J TR,FRASER ROBERT J TR,,,1346,,,MONTEREY,ST,,REDLANDS,CA,92373,6950,1346,,,MONTEREY,ST,,REDLANDS,CA,92373,,2019
18,6071,SBD,0175-392-02-0000,WON FAMILY TRUST 07/31/97,WON FAMILY TRUST 07/31/97,,,1688,,,SMILEY HEIGHTS,DR,,REDLANDS,CA,92373,6533,1749,,,PINE,AVE,,WINTER PARK,FL,32789,,2019
19,6071,SBD,0201-064-28-0000,TAYLOR FAMILY TRUST 6-16-04,TAYLOR FAMILY TRUST 6-16-04,,ELSA B TAYLOR TRUSTEE,6515,,,NAPA,ST,,RANCHO CUCAMONGA,CA,91701,3920,6515,,,NAPA,ST,,RANCHO CUCAMONGA,CA,91701,,2019
20,6071,SBD,0202-412-14-0000,NASSER KACHOURI,KACHOURI NASSER,,,6850,,,CAMEO,ST,,ALTA LOMA,CA,91701,4508,9719,,,SUMMERHILL,RD,,RANCHO CUCAMONGA,CA,91737,,2019
21,6071,SBD,0207-351-03-0000,MITZIE OWENS,OWENS MITZIE,,,8428,,,VIA LADERA,,,CUCAMONGA,CA,91730,1046,,,,P O BOX 1683,,,RANCHO CUCAMONGA,CA,91729,,2019
22,6071,SBD,0207-651-21-0000,LEHAR LIVING TRUST 8/5/10,LEHAR LIVING TRUST 8/5/10,,STEPHEN J LEHOR & YOLANDA L LEHAR TR,8212,,,BURGESS,PL,,RANCHO CUCAMONGA,CA,91730,7103,2337,,,2ND,AVE,,UPLAND,CA,91784,,2019
23,6071,SBD,0208-281-07-0000,AYALA ARTHUR JESUS JR TRUST 4/28/07,AYALA ARTHUR JESUS JR TRUST 4/28/07,,LAVERN AYALA TRUSTEE,8203,,,ARCHIBALD,AVE,,CUCAMONGA,CA,91730,3647,,,,PO BOX 211118,,,CHULA VISTA,CA,91920,,2019
24,6071,SBD,0208-281-16-0000,ARTHUR AYALA,AYALA ARTHUR,,,8197,,,ARCHIBALD,AVE,,CUCAMONGA,CA,91730,3645,990,,,VALENCIA,CT,,CHULA VISTA,CA,91910,,2019
25,6071,SBD,0208-281-19-0000,ARTHUR J & LAVERNE R AYALA JR,AYALA ARTHUR J JR AND LAVERNE R,,,8177,,,ARCHIBALD,AVE,,CUCAMONGA,CA,91730,3645,990,,,VALENCIA,CT,,CHULA VISTA,CA,91910,,2019
26,6071,SBD,0218-751-56-0000,HARO INVESTMENTS LLC,HARO INVESTMENTS LLC,,,3515,,S,NORTH SHORE,DR,,ONTARIO,CA,91761,9131,16590,,,VIA ALEGRA,,,MORENO VALLEY,CA,92551,,2019
27,6071,SBD,0243-281-59-0000,JOHN P DEATHRAGE,DEATHRAGE JOHN P,,,18260,,,SAN JACINTO,CT,,FONTANA,CA,92336,3017,14037,,,POLLARD,DR,,LYTLE CREEK,CA,92358,,2019
28,6071,SBD,0252-082-34-0000,SOUTHSTAR I LLC,SOUTHSTAR I LLC,,WILSHIRE CREDIT CORPORATION,9700,,,SANDALWOOD,AVE,,BLOOMINGTON,CA,92316,1770,14523,,SW,MILLIKAN,WAY,#200,BEAVERTON,OR,97005,,2019
29,6071,SBD,0256-051-59-0000,FORD FAMILY TRUST 7/4/96,FORD FAMILY TRUST 7/4/96,,CHARLES HERMAN FORD TRUSTEE,10853,,,LOCUST,AVE,,BLOOMINGTON,CA,92316,2529,10853,,,LOCUST,AVE,,BLOOMINGTON,CA,92316,,2019
30,6071,SBD,0256-081-04-0000,AIHL HOLDINGS LLC,AIHL HOLDINGS LLC,,,17571,,,SANTA ANA,AVE,,BLOOMINGTON,CA,92316,3031,13089,,,PEYTON DR C161,,,CHINO HILLS,CA,91709,,2019
31,6071,SBD,0257-191-06-0000,YVONNE C WILSON,WILSON YVONNE C,,,19118,,,ASH,ST,,BLOOMINGTON,CA,92316,2859,,,,PO BOX 1846,,,RIALTO,CA,92377,,2019
32,6071,SBD,0257-231-17-0000,ESTELA GONZALEZ,GONZALEZ ESTELA,,,11109,,,LARCH,AVE,,BLOOMINGTON,CA,92316,3138,11109,,,LARCH,AVE,,BLOOMINGTON,CA,92316,,2019
33,6071,SBD,0264-402-02-0000,JAMES P BELSITO,BELSITO JAMES P,,CAROLE R BELSITO TRUSTEE,5704,,,SYCAMORE,AVE,,RIALTO,CA,92377,3908,30541,,,MUIR,CT,,MURIETTA,CA,92563,,2019
34,6071,SBD,0264-661-05-0000,JOHNEL ROLISON,ROLISON JOHNEL,,EVELYN PLUMMER - TRUSTEE,19670,,,KAURI,AVE,,RIALTO,CA,92377,4000,19670,,,KAURI,AVE,,RIALTO,CA,92377,,2019
35,6071,SBD,0281-254-01-0000,DOMINGUEZ DAVE T ESTATE,DOMINGUEZ DAVE T ESTATE,,BRYAN C HARTNELL/HARTNELL LAW GROUP,25625,,,SUN,AVE,,LOMA LINDA,CA,92354,2017,25757,,,REDLANDS,BLVD,,REDLANDS,CA,92373,,2019
36,6071,SBD,0281-281-05-0000,MARYANNE PHILLIPS,PHILLIPS MARYANNE,,,1887,,,HARDT,ST,,SAN BERNARDINO,CA,92354,1723,6393,,,CORAL FLOWER,CT,,LAS VEGAS,NV,89141,,2019
37,6071,SBD,0284-432-03-0000,CIOBANU MARIN & MARIANA FAM TR 05/1,CIOBANU MARIN & MARIANA FAM TR 05/1,,MARIN & MARIANA CIOBANU,11525,,,WELEBIR,ST,,LOMA LINDA,CA,92354,3631,11525,,,WELEBIR,ST,,LOMA LINDA,CA,92354,,2019
38,6071,SBD,0284-432-09-0000,CORNELIUS KATHY M SURVIVORS TRUST,CORNELIUS KATHY M SURVIVORS TRUST,,,25425,,,MANDARIN,CT,,LOMA LINDA,CA,92354,3617,456,,,VISTA,DR,,ARROYO GRANDE,CA,93420,,2019
39,6071,SBD,0285-561-04-0000,EMMANUEL UNITED METHODIST CHURCH/SB,EMMANUEL UNITED METHODIST CHURCH/SB,,,25965,,,HOLLY VISTA,BLVD,,SAN BERNARDINO,CA,92404,3514,3310,,N,G,ST,,SAN BERNARDINO,CA,92405,,2019
40,6071,SBD,0285-992-33-0000,PINE MOUNTAIN DEVELOPMENT LLC,PINE MOUNTAIN DEVELOPMENT LLC,,,3065,,,SHAUNA,DR,,SAN BERNARDINO,CA,92346,1738,26569,,,COMMUNITY CENTER,DR,,HIGHLAND,CA,92346,,2019
41,6071,SBD,0300-301-02-0000,GUARDIAN ANGEL FAMILY TRUST,GUARDIAN ANGEL FAMILY TRUST,,BRIGITTE LAMONTE TRUSTEE,12273,,,OVERCREST,DR,,YUCAIPA,CA,92399,1591,,,,PO BOX 1334,,,RANCHO MIRAGE,CA,92270,,2019
42,6071,SBD,0319-192-17-0000,ARNETT CLYDE L TR,ARNETT CLYDE L TR,,SHARON DUVAL SUCCESSOR TRUSTEE,34594,,,AVE H,,,YUCAIPA,CA,92399,5326,1203,,,PARK,ST,,HUNTINGTON BEACH,CA,92648,,2019
43,6071,SBD,0437-545-32-0000,TIMBER CREEK REV LIVING TRUST,TIMBER CREEK REV LIVING TRUST,,CHERYL KELLY,23520,,,PALA,LN,,APPLE VALLEY,CA,92307,6770,23520,,,PALA,LN,,APPLE VALLEY,CA,92307,,2019
44,6071,SBD,0588-461-21-0000,AUDREY MARGUERITE ROY,ROY AUDREY MARGUERITE,,AUDREY MARGUERITTE ROY,7696,,,ELWOOD,ST,,JOSHUA TREE,CA,92252,3212,20929,,,VENTURA,BLVD,#47-24,WOODLAND HILLS,CA,91364,,2019
45,6071,SBD,0589-101-20-0000,MARTIN MCINERNEY,MCINERNEY MARTIN,,,61837,,,ROSEMARY,LN,,JOSHUA TREE,CA,92252,3216,2216,,,LEMOYNE,ST,,LOS ANGELES,CA,90026,,2019
46,6071,SBD,0660-331-03-0000,WILLIAM JOSEPH CAVANAUGH,CAVANAUGH WILLIAM JOSEPH,,,836,,,BEACH,DR,,NEEDLES,CA,92363,3709,836,,,BEACH,DR,,NEEDLES,CA,92363,,2019
47,6071,SBD,1005-171-48-0000,ANDY HSI AN WEI,WEI ANDY HSI AN,,,1839,,,LAKEWOOD,AVE,,UPLAND,CA,91784,1556,1839,,,LAKEWOOD,AVE,,UPLAND,CA,91784,,2019
48,6071,SBD,1008-512-21-0000,PAUL FRANCIS AGLIO,AGLIO PAUL FRANCIS,,,853,,W,PRINCETON,ST,,ONTARIO,CA,91762,1824,8761,,,RED HILL COUNTRY CLUB,DR,,RANCHO CUCAMONGA,CA,91730,,2019
49,6071,SBD,1008-514-19-0000,MENDOZA 1995 FAMILY TRUST,MENDOZA 1995 FAMILY TRUST,,HENRY & HOPE MENDOZA,843,,W,HARVARD,PL,,ONTARIO,CA,91762,1820,2,,,EL CAMINO DE PEDRO,,,ESTANCIA,NM,87016,,2019
50,6071,SBD,1009-431-18-0000,2434 VALHALLA STREET LLC,2434 VALHALLA STREET LLC,,,4674,,,EVART,ST,,MONTCLAIR,CA,91763,3612,981,,W,ARROW,HWY,#413,SAN DIMAS,CA,91778,,2019
51,6071,SBD,1010-093-09-0000,TUAN TRAN,TRAN TUAN,,,1521,,W,J,ST,,ONTARIO,CA,91762,2036,23331,,,RIDGE LINE,RD,,DIAMOND BAR,CA,91765,,2019
52,6071,SBD,1013-241-03-0000,COOPER ALEXANDER TR,COOPER ALEXANDER TR,,,4054,,,FRANCIS,AVE,,CHINO,CA,91710,1520,4054,,,FRANCIS,ST,,CHINO,CA,91761,,2019
53,6071,SBD,1015-462-07-0000,NEIGHBOURS BARBARA J TR,NEIGHBOURS BARBARA J TR,,,6287,,,TRUMAN,CT,,CHINO,CA,91710,3770,526,,,SWANSON,,,PLACENTIA,CA,92670,,2019
54,6071,SBD,1015-565-19-0000,CHAO PEGGY PEI-HSIN LIVING TRUST,CHAO PEGGY PEI-HSIN LIVING TRUST,,PEGGY PEI-HSIN CHAO TRUSTEE,12822,,,16TH,ST,,CHINO,CA,91710,3609,303,,E,LAS FLORES,AVE,,ARCADIA,CA,91006,,2019
55,6071,SBD,1017-633-21-0000,JINSONG YANG,YANG JINSONG,,,4189,,,STONE MOUNTAIN,DR,,CHINO HILLS,CA,91709,6142,3383,,,SCHAEFER,AVE,#B,CHINO,CA,91710,,2019
56,6071,SBD,1028-172-16-0000,GERALD SCHROEDER,SCHROEDER GERALD,,,4962,,,LOS SERRANOS,RD,,CHINO HILLS,CA,91709,3125,2234,,,REDWOOD,DR,,HEMET,CA,92545,,2019
57,6071,SBD,1044-601-20-0000,ROBIN FLINT,FLINT ROBIN,,,859,,,CARSON,ST,,UPLAND,CA,91784,1830,859,,,CARSON,ST,,UPLAND,CA,91784,,2019
58,6071,SBD,1046-603-02-0000,SUMMIT TRUST 08/19/02,SUMMIT TRUST 08/19/02,,TIMOTHY J DITTY TRUSTEE,188,,S,2ND,AVE,,UPLAND,CA,91786,6607,188,,S,2ND,AVE,,UPLAND,CA,91786,,2019
59,6071,SBD,1047-141-62-0000,CARMEN MARTINEZ,MARTINEZ CARMEN,,,1147,,E,7TH,ST,,ONTARIO,CA,91764,1005,6957,,,MESADA,ST,,ALTA LOMA,CA,91701,,2019
60,6071,SBD,1047-311-66-0000,MAC RILL JOHN R JR - EST OF,MAC RILL JOHN R JR - EST OF,,"JOHN R MAC RILL III, ADMINISTRATOR",587,,,ARMSLEY,SQ,,ONTARIO,CA,91762,1610,14750,,,RESERVOIR,RD,,FONTANA,CA,92336,,2019
61,6071,SBD,1047-413-13-0000,LAVON J ROUSSEAU,ROUSSEAU LAVON J,,,1322,,N,ALLYN,AVE,,ONTARIO,CA,91764,1926,1322,,N,ALLYN,AVE,,ONTARIO,CA,91764,,2019
62,6071,SBD,1047-594-13-0000,KOSTICH RONALD J TRUST 7/20/94 -EST,KOSTICH RONALD J TRUST 7/20/94 -EST,,"KERY LYNN MUELLER, TRUSTEE",1228,,N,GRANITE,AVE,,ONTARIO,CA,91762,1853,1405,,,KENILWORTH,RD,,OKLAHOMA CITY,OK,73120,,2019
63,6071,SBD,1048-022-09-0000,PRICE CLIFFORD & EDITH M FAM TR 9-1,PRICE CLIFFORD & EDITH M FAM TR 9-1,,"EDITH M PRICE, TRUSTEE",609,,W,ROSEWOOD,CT,,ONTARIO,CA,91762,1931,955,,,GOLDEN RAIN,,,UPLAND,CA,91786,,2019
64,6071,SBD,1048-331-04-0000,PRICE CLIFFORD R & EDITH M FAM TRUS,PRICE CLIFFORD R & EDITH M FAM TRUS,,"CLIFFORD & EDITH PRICE, TRUSTEES",443,,,BEVERLY,SQ,,ONTARIO,CA,91762,3105,955,,,GOLDEN RAIN,,,UPLAND,CA,91786,,2019
65,6071,SBD,1048-472-20-0000,ELBA INC,ELBA INC,,,1169,,E,HOLT,BLVD,,ONTARIO,CA,91764,,2243,,,CALLE MARGARITA,,,SAN DIMAS,CA,91773,,2019
66,6071,SBD,1061-721-18-0000,FALABELLA JEANINE B REVOCABLE TR 7/2,FALABELLA JEANINE B REVOCABLE TR 7/2,,,5644,,,PERIDOT,AVE,,ALTA LOMA,CA,91701,1821,5644,,,PERIDOT,AVE,,RANCHO CUCAMONGA,CA,91701,,2019
67,6071,SBD,1062-421-26-0000,PAUL KURI,KURI PAUL,,,9409,,,APRICOT,AVE,,ALTA LOMA,CA,91701,3407,1131,,,GLADE CROSSING,,,SAN ANTONIO,TX,78258,,2019
68,6071,SBD,1191-341-64-0000,CHRISTOPHER SORRENTINO,SORRENTINO CHRISTOPHER,,RUSHMORE LOAN MANAGEMENT SERVICES LL,27160,,,NONA,CT,,HIGHLAND,CA,92346,2584,11636,,,MONTANA,AVE,#114,LOS ANGELES,CA,90049,,2019
69,6071,SBD,1212-362-30-0000,SHARON G VOCE,VOCE SHARON G,,,923,,,BARBRA,LN,,REDLANDS,CA,92374,3630,778,,E,RALSTON,AVE,,SAN BERNARDINO,CA,92404,,2019
70,6071,SBD,3088-461-10-0000,MEHRDAD MEHRMAND,MEHRMAND MEHRDAD,,,13458,,,CUYAMACA,RD,,APPLE VALLEY,CA,92307,,12551,,,MYSTIC,DR,,VICTORVILLE,CA,92392,,2019
71,6071,SBD,3099-441-37-0000,WING SZE WONG,WONG WING SZE,,,13053,,,CORTON,ST,,PINON HILLS,CA,92371,7888,74,,,43RD AVE 3RD FL,,,ELMHURST,NY,11373,,2019
