,address,City,Sold date,Listed date
0,1213 NIPOMO ST SAN_LUIS_OBISPO CA,SAN_LUIS_OBISPO,2018-5-24,2019-05-29
1,285 LAWRENCE DR SAN_LUIS_OBISPO CA,SAN_LUIS_OBISPO,2017-2-14,2019-05-29
2,100 PIEDMONT PL PASO_ROBLES CA,PASO_ROBLES,2012-9-12,2019-05-29
3,470 NICKERSON DR PASO_ROBLES CA,PASO_ROBLES,2017-8-8,2019-05-29
4,2330 DOUBLE_POINT WAY PASO_ROBLES CA,PASO_ROBLES,2016-3-7,2019-05-29
5,7205 CRISTOBAL AVE ATASCADERO CA,ATASCADERO,2019-7-15,2019-05-29
6,9012 LA_LINIA AVE ATASCADERO CA,ATASCADERO,2019-5-16,2019-05-29
7,1242 10TH ST LOS_OSOS CA,LOS_OSOS,2019-1-4,2019-05-29
8,1680 6TH ST LOS_OSOS CA,LOS_OSOS,2019-9-11,2019-05-29
9,1198 13TH ST GROVER_BEACH CA,GROVER_BEACH,2017-12-20,2019-05-29
10,897 SAINT_MARY AVE CAYUCOS CA,CAYUCOS,2011-12-30,2019-05-29
11,3190 SHEARER AVE CAYUCOS CA,CAYUCOS,2017-7-18,2019-05-29
12,185 SICILY ST MORRO_BAY CA,MORRO_BAY,2020-4-27,2019-05-29
13,168 LUZON ST MORRO_BAY CA,MORRO_BAY,2018-10-1,2019-05-29
14,930 ANCHOR ST MORRO_BAY CA,MORRO_BAY,2018-10-6,2019-05-29
15,961 CARMEL ST MORRO_BAY CA,MORRO_BAY,2019-4-30,2019-05-29
16,2120 SUNSET AVE MORRO_BAY CA,MORRO_BAY,2018-3-28,2019-05-29
17,295 MANZANITA DR LOS_OSOS CA,LOS_OSOS,2010-4-20,2019-05-29
18,1326 NIPOMO AVE LOS_OSOS CA,LOS_OSOS,2020-3-4,2019-05-29
19,2316 ANNE AVE LOS_OSOS CA,LOS_OSOS,2014-11-6,2019-05-29
20,2117 INYO ST LOS_OSOS CA,LOS_OSOS,2020-3-31,2019-05-29
21,2741 HOUSTON DR LOS_OSOS CA,LOS_OSOS,2012-1-3,2019-05-29
22,1375 LAS_ENCINAS DR LOS_OSOS CA,LOS_OSOS,2012-4-3,2019-05-29
23,1249 MONTEGO ST ARROYO_GRANDE CA,ARROYO_GRANDE,2019-4-11,2019-05-29
24,642 SOUTHLAND ST NIPOMO CA,NIPOMO,2017-3-14,2019-05-29
