,address,City,Sold date,Listed date
0,1809 SYCAMORE DR WASCO CA,WASCO,2020-3-25,2019-05-29
1,1205 7TH PL WASCO CA,WASCO,2020-5-12,2019-05-29
2,206 ROSE AVE TAFT CA,TAFT,2009-3-3,2019-05-29
3,628 APPALOSA ST RIDGECREST CA,RIDGECREST,2020-2-6,2019-05-29
4,2922 HILLBURN RD BAKERSFIELD CA,BAKERSFIELD,2007-9-28,2019-05-29
5,2109 ROLAND ST BAKERSFIELD CA,BAKERSFIELD,2020-4-21,2019-05-29
6,205 MONROE ST TAFT CA,TAFT,2020-3-5,2019-05-29
7,8200 EUCALYPTUS AVE CALIFORNIA_CITY CA,CALIFORNIA_CITY,2012-1-19,2019-05-29
8,20842 74TH ST CALIFORNIA_CITY CA,CALIFORNIA_CITY,2016-7-6,2019-05-29
9,26944 COTE ST BORON CA,BORON,2019-7-23,2019-05-29
10,27096 ANDERSON ST BORON CA,BORON,2010-9-1,2019-05-29
11,15330 LUCILLE ST MOJAVE CA,MOJAVE,2019-6-27,2019-05-29
12,15325 BLACKFIELD ST MOJAVE CA,MOJAVE,2019-6-7,2019-05-29
13,21082 78TH ST CALIFORNIA_CITY CA,CALIFORNIA_CITY,2019-4-1,2019-05-29
14,2448 HASTI_ACRES DR BAKERSFIELD CA,BAKERSFIELD,2013-8-20,2019-05-29
15,5712 REXROTH AVE BAKERSFIELD CA,BAKERSFIELD,2017-1-10,2019-05-29
