,address,City,Sold date,Listed date
0,22125.0 LONDELIUS ST LOS_ANGELES CA,LOS_ANGELES,2019-5-25,2019-05-29
1,23021.0 ELKWOOD ST LOS_ANGELES CA,LOS_ANGELES,2006-9-7,2019-05-29
2,31944.0 WATERGATE CT WESTLAKE_VILLAGE CA,WESTLAKE_VILLAGE,2015-7-20,2019-05-29
3,4545.0 SAN_FELICIANO DR LOS_ANGELES CA,LOS_ANGELES,2009-2-8,2019-05-29
4,18748.0 ROSCOE BLVD LOS_ANGELES CA,LOS_ANGELES,2013-5-20,2019-05-29
5,20758.0 ROSCOE BLVD LOS_ANGELES CA,LOS_ANGELES,2020-3-4,2019-05-29
6,19461.0 KESWICK ST LOS_ANGELES CA,LOS_ANGELES,2013-7-2,2019-05-29
7,18983.0 GAULT ST LOS_ANGELES CA,LOS_ANGELES,2014-6-2,2019-05-29
8,5223.0 WINNETKA AVE LOS_ANGELES CA,LOS_ANGELES,2011-10-7,2019-05-29
9,5140.0 NEWCASTLE AVE LOS_ANGELES CA,LOS_ANGELES,2019-7-20,2019-05-29
10,17550.0 BALTAR ST LOS_ANGELES CA,LOS_ANGELES,2013-8-6,2019-05-29
11,17078.0 CANTARA ST LOS_ANGELES CA,LOS_ANGELES,2013-2-13,2019-05-29
12,6945.0 DE_CELIS PL LOS_ANGELES CA,LOS_ANGELES,2013-8-14,2019-05-29
13,14125.0 LEMAY ST LOS_ANGELES CA,LOS_ANGELES,2019-4-25,2019-05-29
14,5320.0 NATICK AVE LOS_ANGELES CA,LOS_ANGELES,2006-12-7,2019-05-29
15,16101.0 OTSEGO ST LOS_ANGELES CA,LOS_ANGELES,2013-4-24,2019-05-29
16,4429.0 MAMMOTH AVE LOS_ANGELES CA,LOS_ANGELES,2012-8-10,2019-05-29
17,14648.0 VALLEY_VISTA BLVD LOS_ANGELES CA,LOS_ANGELES,2018-6-4,2019-05-29
18,4743.0 WHITE_OAK AVE LOS_ANGELES CA,LOS_ANGELES,2013-6-4,2019-05-29
19,8123.0 VARNA AVE LOS_ANGELES CA,LOS_ANGELES,2013-11-8,2019-05-29
20,8000.0 BONFIELD AVE LOS_ANGELES CA,LOS_ANGELES,2013-8-28,2019-05-29
21,6557.0 BELLINGHAM AVE LOS_ANGELES CA,LOS_ANGELES,2013-3-4,2019-05-29
22,6501.0 RADFORD AVE LOS_ANGELES CA,LOS_ANGELES,2008-11-21,2019-05-29
23,5636.0 ELMER AVE LOS_ANGELES CA,LOS_ANGELES,2013-9-19,2019-05-29
24,4924.0 VENTURA_CANYON AVE LOS_ANGELES CA,LOS_ANGELES,2018-9-24,2019-05-29
25,10724.0 LULL ST LOS_ANGELES CA,LOS_ANGELES,2020-1-6,2019-05-29
26,7453.0 CLEON AVE LOS_ANGELES CA,LOS_ANGELES,2010-2-23,2019-05-29
27,6809.0 PACIFIC_VIEW DR LOS_ANGELES CA,LOS_ANGELES,2019-11-22,2019-05-29
28,2000.0 KENNETH RD BURBANK CA,BURBANK,2020-4-15,2019-05-29
29,14008.0 HUBBARD ST SAN_FERNANDO CA,SAN_FERNANDO,2018-11-13,2019-05-29
30,12738.0 FILMORE ST LOS_ANGELES CA,LOS_ANGELES,2019-8-15,2019-05-29
31,10350.0 CLYBOURN AVE LOS_ANGELES CA,LOS_ANGELES,2013-3-19,2019-05-29
32,10455.0 LAS_LUNITAS AVE LOS_ANGELES CA,LOS_ANGELES,2019-1-28,2019-05-29
33,13936.0 WALLABI AVE LOS_ANGELES CA,LOS_ANGELES,2019-5-23,2019-05-29
34,15143.0 POLK ST LOS_ANGELES CA,LOS_ANGELES,2018-4-20,2019-05-29
35,1608.0 PICO ST SAN_FERNANDO CA,SAN_FERNANDO,2008-9-23,2019-05-29
36,13676.0 WEIDNER ST LOS_ANGELES CA,LOS_ANGELES,2013-9-4,2019-05-29
37,8639.0 GULLO AVE LOS_ANGELES CA,LOS_ANGELES,2006-11-3,2019-05-29
38,8334.0 AMBOY AVE LOS_ANGELES CA,LOS_ANGELES,2006-2-9,2019-05-29
39,10347.0 COLLETT AVE LOS_ANGELES CA,LOS_ANGELES,2006-7-18,2019-05-29
40,17105.0 RAYMER ST LOS_ANGELES CA,LOS_ANGELES,2008-9-24,2019-05-29
41,17260.0 SIMONDS ST LOS_ANGELES CA,LOS_ANGELES,2006-2-21,2019-05-29
42,11050.0 WINNETKA AVE LOS_ANGELES CA,LOS_ANGELES,2012-12-20,2019-05-29
43,22015.0 PRAIRIE ST LOS_ANGELES CA,LOS_ANGELES,2011-10-19,2019-05-29
44,10514.0 ZELZAH AVE LOS_ANGELES CA,LOS_ANGELES,2013-10-11,2019-05-29
45,20634.0 VINTAGE ST LOS_ANGELES CA,LOS_ANGELES,2013-1-2,2019-05-29
46,19727.0 PLUMMER ST LOS_ANGELES CA,LOS_ANGELES,2013-5-10,2019-05-29
47,18326.0 RAYEN ST NORTHRIDGE CA,NORTHRIDGE,2020-2-25,2019-05-29
48,20308.0 BRYANT ST LOS_ANGELES CA,LOS_ANGELES,2014-1-23,2019-05-29
49,23744.0 WALNUT_CREEK CT SANTA_CLARITA CA,SANTA_CLARITA,2020-2-4,2019-05-29
50,26850.0 PINE_CLIFF PL VALENCIA CA,VALENCIA,2005-8-10,2019-05-29
51,25218.0 ATWOOD BLVD SANTA_CLARITA CA,SANTA_CLARITA,2008-4-1,2019-05-29
52,29902.0 MULEDEER LN CASTAIC CA,CASTAIC,2017-1-23,2019-05-29
53,27635.0 FIREBRAND DR CASTAIC CA,CASTAIC,2020-1-22,2019-05-29
54,3513.0 SPRINGVIEW WAY PALMDALE CA,PALMDALE,2013-5-17,2019-05-29
55,39018.0 JUNIPER_TREE RD PALMDALE CA,PALMDALE,2010-8-24,2019-05-29
56,38818.0 ELDER_CREEK CT PALMDALE CA,PALMDALE,2019-7-17,2019-05-29
57,37835.0 ASHLEE CT PALMDALE CA,PALMDALE,2011-5-23,2019-05-29
58,4535.0 SPRING_CANYON LN PALMDALE CA,PALMDALE,2013-4-4,2019-05-29
59,4106.0 ADOBE DR PALMDALE CA,PALMDALE,2013-8-13,2019-05-29
60,38641.0 93RD_ST_E nan PALMDALE CA,PALMDALE,2013-7-15,2019-05-29
61,4931.0 ESSEX DR PALMDALE CA,PALMDALE,2019-5-29,2019-05-29
62,5639.0 TEMPE DR PALMDALE CA,PALMDALE,2020-3-10,2019-05-29
63,36552.0 ROOSEVELT DR PALMDALE CA,PALMDALE,2012-11-16,2019-05-29
64,3313.0 FAIRFIELD AVE PALMDALE CA,PALMDALE,2019-11-21,2019-05-29
65,1712.0 MARCUS AVE PALMDALE CA,PALMDALE,2020-4-28,2019-05-29
66,14017.0 FORT_TEJON RD PEARBLOSSOM CA,PEARBLOSSOM,2011-11-18,2019-05-29
67,16255.0 WELLS_FARGO AVE LAKE_LOS_ANGELES CA,LAKE_LOS_ANGELES,2013-6-18,2019-05-29
68,1850.0 KEATON WAY LANCASTER CA,LANCASTER,2013-12-9,2019-05-29
69,1453.0 KERRICK ST LANCASTER CA,LANCASTER,2009-7-15,2019-05-29
70,749.0 DESERT_CALICO DR LANCASTER CA,LANCASTER,2013-5-6,2019-05-29
71,44822.0 TREVOR AVE LANCASTER CA,LANCASTER,2016-5-16,2019-05-29
72,43918.0 BROADWATER AVE LANCASTER CA,LANCASTER,2019-7-25,2019-05-29
73,43624.0 SAN_FRANCISCO AVE LANCASTER CA,LANCASTER,2013-3-29,2019-05-29
74,9005.0 NORTHSIDE DR LEONA_VALLEY CA,LEONA_VALLEY,2009-5-14,2019-05-29
75,47411.0 200TH_ST_E nan HI_VISTA CA,HI_VISTA,2015-3-2,2019-05-29
76,46934.0 200TH_ST_E nan LANCASTER CA,LANCASTER,2012-2-24,2019-05-29
77,44012.0 200TH_ST_E nan LANCASTER CA,LANCASTER,2014-4-18,2019-05-29
78,44428.0 85TH_ST_E nan LANCASTER CA,LANCASTER,2011-10-18,2019-05-29
79,44023.0 75TH_ST_E nan LANCASTER CA,LANCASTER,2007-8-9,2019-05-29
80,44022.0 75TH_ST_E nan LANCASTER CA,LANCASTER,2007-8-9,2019-05-29
81,44038.0 75TH_ST_E nan LANCASTER CA,LANCASTER,2007-8-9,2019-05-29
82,3705.0 63RD ST LOS_ANGELES CA,LOS_ANGELES,2012-8-6,2019-05-29
83,6901.0 10TH AVE LOS_ANGELES CA,LOS_ANGELES,2010-8-28,2019-05-29
84,8101.0 WEST BLVD INGLEWOOD CA,INGLEWOOD,2017-2-27,2019-05-29
85,367.0 HARGRAVE ST INGLEWOOD CA,INGLEWOOD,2007-9-28,2019-05-29
86,405.0 FLORENCE AVE INGLEWOOD CA,INGLEWOOD,2013-6-17,2019-05-29
87,905.0 ORCHARD DR INGLEWOOD CA,INGLEWOOD,2012-2-9,2019-05-29
88,3500.0 MANCHESTER BLVD INGLEWOOD CA,INGLEWOOD,2019-7-2,2019-05-29
89,9349.0 8TH AVE INGLEWOOD CA,INGLEWOOD,2019-12-11,2019-05-29
90,3146.0 111TH ST INGLEWOOD CA,INGLEWOOD,2016-5-31,2019-05-29
91,3142.0 111TH ST INGLEWOOD CA,INGLEWOOD,2016-5-31,2019-05-29
92,3912.0 106TH ST INGLEWOOD CA,INGLEWOOD,2019-4-24,2019-05-29
93,11512.0 OXFORD AVE HAWTHORNE CA,HAWTHORNE,2013-10-2,2019-05-29
94,2931.0 133RD ST GARDENA CA,GARDENA,2007-1-25,2019-05-29
95,5032.0 119TH PL HAWTHORNE CA,HAWTHORNE,2013-5-7,2019-05-29
96,12628.0 COSTA DR HAWTHORNE CA,HAWTHORNE,2012-9-11,2019-05-29
97,1919.0 CLARK LN REDONDO_BEACH CA,REDONDO_BEACH,2006-4-5,2019-05-29
98,3687.0 LA_CIENEGA BLVD LOS_ANGELES CA,LOS_ANGELES,2012-11-8,2019-05-29
99,3440.0 CATTARAUGUS AVE CULVER_CITY CA,CULVER_CITY,2014-4-5,2019-05-29
100,9023.0 CARSON ST CULVER_CITY CA,CULVER_CITY,2006-8-7,2019-05-29
101,841.0 VENEZIA AVE LOS_ANGELES CA,LOS_ANGELES,2013-11-27,2019-05-29
102,950.0 GRANVILLE AVE LOS_ANGELES CA,LOS_ANGELES,2011-1-11,2019-05-29
103,2335.0 26TH ST SANTA_MONICA CA,SANTA_MONICA,2006-12-12,2019-05-29
104,2033.0 EUCLID ST SANTA_MONICA CA,SANTA_MONICA,2012-2-14,2019-05-29
105,1845.0 CALGARY LN LOS_ANGELES CA,LOS_ANGELES,2006-6-14,2019-05-29
106,9845.0 PORTOLA DR LOS_ANGELES CA,LOS_ANGELES,2015-8-18,2019-05-29
107,4712.0 BUDLONG AVE LOS_ANGELES CA,LOS_ANGELES,2013-12-26,2019-05-29
108,1018.0 49TH ST LOS_ANGELES CA,LOS_ANGELES,2007-8-12,2019-05-29
109,4210.0 DALTON AVE LOS_ANGELES CA,LOS_ANGELES,2020-3-6,2019-05-29
110,1852.0 43RD PL LOS_ANGELES CA,LOS_ANGELES,2019-7-16,2019-05-29
111,3035.0 BUCKINGHAM RD LOS_ANGELES CA,LOS_ANGELES,2010-4-4,2019-05-29
112,1546.0 22ND PL LOS_ANGELES CA,LOS_ANGELES,2020-5-20,2019-05-29
113,1437.0 24TH ST LOS_ANGELES CA,LOS_ANGELES,2007-5-15,2019-05-29
114,2000.0 7TH AVE LOS_ANGELES CA,LOS_ANGELES,2009-8-6,2019-05-29
115,2129.0 RIDGELEY DR LOS_ANGELES CA,LOS_ANGELES,2011-6-18,2019-05-29
116,1723.0 LA_FAYETTE RD LOS_ANGELES CA,LOS_ANGELES,2016-12-21,2019-05-29
117,1131.0 3RD AVE LOS_ANGELES CA,LOS_ANGELES,2013-12-12,2019-05-29
118,826.0 FEDORA ST LOS_ANGELES CA,LOS_ANGELES,2020-5-26,2019-05-29
119,162.0 50TH ST LOS_ANGELES CA,LOS_ANGELES,2016-4-18,2019-05-29
120,328.0 45TH ST LOS_ANGELES CA,LOS_ANGELES,2012-6-6,2019-05-29
121,1175.0 41ST ST LOS_ANGELES CA,LOS_ANGELES,2007-10-5,2019-05-29
122,1327.0 VALENCIA ST LOS_ANGELES CA,LOS_ANGELES,2019-10-23,2019-05-29
123,1234.0 WILSHIRE BLVD LOS_ANGELES CA,LOS_ANGELES,2011-8-29,2019-05-29
124,155.0 TOLUCA ST LOS_ANGELES CA,LOS_ANGELES,2015-10-26,2019-05-29
125,2731.0 MICHIGAN AVE LOS_ANGELES CA,LOS_ANGELES,2019-6-27,2019-05-29
126,3216.0 AMETHYST ST LOS_ANGELES CA,LOS_ANGELES,2019-8-2,2019-05-29
127,2914.0 BALDWIN ST LOS_ANGELES CA,LOS_ANGELES,2019-12-4,2019-05-29
128,4446.0 CATALPA ST LOS_ANGELES CA,LOS_ANGELES,2013-2-15,2019-05-29
129,1353.0 VOLNEY DR LOS_ANGELES CA,LOS_ANGELES,2013-2-15,2019-05-29
130,3981.0 ROGERS ST LOS_ANGELES CA,LOS_ANGELES,2020-2-26,2019-05-29
131,4063.0 SAN_CARLOS ST LOS_ANGELES CA,LOS_ANGELES,2005-2-22,2019-05-29
132,339.0 KERN AVE LOS_ANGELES CA,LOS_ANGELES,2006-9-20,2019-05-29
133,1331.0 FRASER AVE LOS_ANGELES CA,LOS_ANGELES,2019-12-13,2019-05-29
134,1332.0 CENTURION AVE SOUTH_SAN_GABRIEL CA,SOUTH_SAN_GABRIEL,2014-3-3,2019-05-29
135,1818.0 GERMAIN DR MONTEBELLO CA,MONTEBELLO,2013-6-26,2019-05-29
136,617.0 21ST ST MONTEBELLO CA,MONTEBELLO,2012-5-22,2019-05-29
137,1824.0 8TH ST ALHAMBRA CA,ALHAMBRA,2019-6-10,2019-05-29
138,1421.0 NORWOOD PL ALHAMBRA CA,ALHAMBRA,2012-12-12,2019-05-29
139,827.0 DOMINGO DR SAN_GABRIEL CA,SAN_GABRIEL,2011-3-9,2019-05-29
140,432.0 DEL_MAR AVE SAN_GABRIEL CA,SAN_GABRIEL,2018-8-9,2019-05-29
141,5959.0 DEL_LOMA AVE SAN_GABRIEL CA,SAN_GABRIEL,2006-3-28,2019-05-29
142,719.0 BONNIE_BRAE ST LOS_ANGELES CA,LOS_ANGELES,2013-12-9,2019-05-29
143,356.0 MUSEUM DR LOS_ANGELES CA,LOS_ANGELES,2012-11-2,2019-05-29
144,5427.0 ABBOTT PL LOS_ANGELES CA,LOS_ANGELES,2005-12-16,2019-05-29
145,5113.0 IRVINGTON PL LOS_ANGELES CA,LOS_ANGELES,2016-8-4,2019-05-29
146,5218.0 CORINGA DR LOS_ANGELES CA,LOS_ANGELES,2019-11-12,2019-05-29
147,3785.0 WILSHIRE BLVD LOS_ANGELES CA,LOS_ANGELES,2015-4-24,2019-05-29
148,629.0 MANSFIELD AVE LOS_ANGELES CA,LOS_ANGELES,2007-12-3,2019-05-29
149,525.0 GARDNER ST LOS_ANGELES CA,LOS_ANGELES,2018-10-30,2019-05-29
150,8030.0 MULHOLLAND DR LOS_ANGELES CA,LOS_ANGELES,2019-6-11,2019-05-29
151,5675.0 FRANKLIN AVE LOS_ANGELES CA,LOS_ANGELES,2019-6-26,2019-05-29
152,3243.0 COMMUNITY AVE GLENDALE CA,GLENDALE,2019-7-24,2019-05-29
153,1319.0 SPAZIER AVE GLENDALE CA,GLENDALE,2007-5-22,2019-05-29
154,971.0 WILSON AVE PASADENA CA,PASADENA,2018-8-8,2019-05-29
155,2480.0 OSWEGO ST PASADENA CA,PASADENA,2012-12-18,2019-05-29
156,2470.0 OSWEGO ST PASADENA CA,PASADENA,2012-12-18,2019-05-29
157,2460.0 OSWEGO ST PASADENA CA,PASADENA,2012-12-18,2019-05-29
158,1611.0 LOVELL AVE ARCADIA CA,ARCADIA,2013-7-23,2019-05-29
159,1945.0 ALTADENA DR ALTADENA CA,ALTADENA,2014-1-8,2019-05-29
160,200.0 59TH PL LOS_ANGELES CA,LOS_ANGELES,2013-11-13,2019-05-29
161,1527.0 68TH ST LOS_ANGELES CA,LOS_ANGELES,2007-2-15,2019-05-29
162,6905.0 CONVERSE AVE LOS_ANGELES CA,LOS_ANGELES,2006-12-4,2019-05-29
163,1664.0 68TH ST LOS_ANGELES CA,LOS_ANGELES,2019-2-14,2019-05-29
164,148.0 71ST ST LOS_ANGELES CA,LOS_ANGELES,2014-7-31,2019-05-29
165,2051.0 74TH ST LOS_ANGELES CA,LOS_ANGELES,2017-2-17,2019-05-29
166,2036.0 77TH ST LOS_ANGELES CA,LOS_ANGELES,2011-11-9,2019-05-29
167,7684.0 WHITSETT AVE LOS_ANGELES CA,LOS_ANGELES,2008-10-30,2019-05-29
168,2210.0 LEOTA ST HUNTINGTON_PARK CA,HUNTINGTON_PARK,2019-6-27,2019-05-29
169,1149.0 FIRESTONE BLVD LOS_ANGELES CA,LOS_ANGELES,2015-10-26,2019-05-29
170,8010.0 AVALON BLVD LOS_ANGELES CA,LOS_ANGELES,2013-2-21,2019-05-29
171,8702.0 ELM ST LOS_ANGELES CA,LOS_ANGELES,2014-1-15,2019-05-29
172,9217.0 KALMIA ST LOS_ANGELES CA,LOS_ANGELES,2012-10-18,2019-05-29
173,504.0 COLDEN AVE LOS_ANGELES CA,LOS_ANGELES,2007-3-27,2019-05-29
174,2100.0 96TH ST LOS_ANGELES CA,LOS_ANGELES,2020-2-6,2019-05-29
175,1955.0 113TH ST LOS_ANGELES CA,LOS_ANGELES,2013-7-19,2019-05-29
176,10971.0 GRAPE ST LOS_ANGELES CA,LOS_ANGELES,2019-6-12,2019-05-29
177,2414.0 114TH ST LOS_ANGELES CA,LOS_ANGELES,2006-6-1,2019-05-29
178,1652.0 108TH ST LOS_ANGELES CA,LOS_ANGELES,2018-4-12,2019-05-29
179,814.0 111TH DR LOS_ANGELES CA,LOS_ANGELES,2017-1-25,2019-05-29
180,444.0 108TH ST LOS_ANGELES CA,LOS_ANGELES,2017-11-9,2019-05-29
181,1726.0 145TH ST GARDENA CA,GARDENA,2012-10-19,2019-05-29
182,827.0 130TH ST LOS_ANGELES CA,LOS_ANGELES,2012-8-8,2019-05-29
183,13402.0 STANFORD AVE LOS_ANGELES CA,LOS_ANGELES,2008-9-24,2019-05-29
184,1439.0 139TH ST COMPTON CA,COMPTON,2012-11-20,2019-05-29
185,11726.0 HOLMES AVE LOS_ANGELES CA,LOS_ANGELES,2013-4-3,2019-05-29
186,2315.0 118TH ST LOS_ANGELES CA,LOS_ANGELES,2006-6-1,2019-05-29
187,1009.0 SPRUCE ST COMPTON CA,COMPTON,2017-1-7,2019-05-29
188,1220.0 CHESTER AVE COMPTON CA,COMPTON,2013-5-22,2019-05-29
189,1114.0 GLENCOE ST COMPTON CA,COMPTON,2020-2-27,2019-05-29
190,906.0 CHESTER AVE COMPTON CA,COMPTON,2016-1-11,2019-05-29
191,1704.0 SAN_VINCENTE ST COMPTON CA,COMPTON,2013-2-15,2019-05-29
192,9408.0 DEEBLE ST SOUTH_GATE CA,SOUTH_GATE,2009-2-4,2019-05-29
193,10501.0 WASHINGTON AVE SOUTH_GATE CA,SOUTH_GATE,2013-10-10,2019-05-29
194,15318.0 ORANGE AVE PARAMOUNT CA,PARAMOUNT,2013-6-26,2019-05-29
195,11468.0 SAMOLINE AVE DOWNEY CA,DOWNEY,2015-1-31,2019-05-29
196,12433.0 COLUMBIA WAY DOWNEY CA,DOWNEY,2013-6-14,2019-05-29
197,8426.0 QUIMBY ST PARAMOUNT CA,PARAMOUNT,2012-10-23,2019-05-29
198,9646.0 ROSECRANS AVE BELLFLOWER CA,BELLFLOWER,2012-9-11,2019-05-29
199,3735.0 56TH ST MAYWOOD CA,MAYWOOD,2014-9-27,2019-05-29
200,7146.0 WATCHER ST COMMERCE CA,COMMERCE,2013-1-16,2019-05-29
201,9376.0 RAVILLER DR DOWNEY CA,DOWNEY,2018-11-20,2019-05-29
202,11524.0 178TH ST ARTESIA CA,ARTESIA,2013-7-22,2019-05-29
203,20408.0 CLARKDALE AVE LAKEWOOD CA,LAKEWOOD,2013-7-22,2019-05-29
204,21309.0 HASTON PL LAKEWOOD CA,LAKEWOOD,2013-7-9,2019-05-29
205,16310.0 CLARK AVE BELLFLOWER CA,BELLFLOWER,2013-9-15,2019-05-29
206,6576.0 GAVIOTA AVE LONG_BEACH CA,LONG_BEACH,2019-12-26,2019-05-29
207,5942.0 GARDENIA AVE LONG_BEACH CA,LONG_BEACH,2015-11-20,2019-05-29
208,39.0 51ST ST LONG_BEACH CA,LONG_BEACH,2012-11-20,2019-05-29
209,64.0 ARBOR ST LONG_BEACH CA,LONG_BEACH,2004-11-22,2019-05-29
210,3820.0 WALNUT AVE LONG_BEACH CA,LONG_BEACH,2016-2-12,2019-05-29
211,3587.0 GUNDRY AVE LONG_BEACH CA,LONG_BEACH,2019-12-12,2019-05-29
212,2702.0 LOOMIS ST LAKEWOOD CA,LAKEWOOD,2019-6-10,2019-05-29
213,4803.0 PEARCE AVE LONG_BEACH CA,LONG_BEACH,2009-5-14,2019-05-29
214,4153.0 FACULTY AVE LONG_BEACH CA,LONG_BEACH,2013-4-30,2019-05-29
215,3418.0 GONDAR AVE LONG_BEACH CA,LONG_BEACH,2013-3-11,2019-05-29
216,3728.0 COUNTRYSIDE LN LONG_BEACH CA,LONG_BEACH,2016-10-7,2019-05-29
217,125.0 PEPPER DR LONG_BEACH CA,LONG_BEACH,2019-2-15,2019-05-29
218,1172.0 SALT_LAKE ST LONG_BEACH CA,LONG_BEACH,2013-1-4,2019-05-29
219,248.0 MIRA_MAR AVE LONG_BEACH CA,LONG_BEACH,2019-11-26,2019-05-29
220,1074.0 DAWSON AVE LONG_BEACH CA,LONG_BEACH,2007-10-10,2019-05-29
221,1004.0 WASHINGTON AVE COMPTON CA,COMPTON,2019-6-3,2019-05-29
222,134.0 BARCLAY ST LONG_BEACH CA,LONG_BEACH,2019-11-27,2019-05-29
223,2661.0 HARRISON ST CARSON CA,CARSON,2013-4-15,2019-05-29
224,19003.0 GUNLOCK AVE CARSON CA,CARSON,2013-10-16,2019-05-29
225,1815.0 CYRENE DR CARSON CA,CARSON,2013-10-22,2019-05-29
226,21815.0 EDGAR ST CARSON CA,CARSON,2011-6-6,2019-05-29
227,21035.0 VAN_DEENE AVE TORRANCE CA,TORRANCE,2008-8-18,2019-05-29
228,1628.0 220TH ST LOS_ANGELES CA,LOS_ANGELES,2009-7-8,2019-05-29
229,2315.0 243RD ST LOMITA CA,LOMITA,2018-11-21,2019-05-29
230,1163.0 OAKFAIR LN HARBOR_CITY CA,HARBOR_CITY,2013-12-17,2019-05-29
231,1147.0 MCDONALD AVE LOS_ANGELES CA,LOS_ANGELES,2013-8-23,2019-05-29
232,1124.0 BLINN AVE LOS_ANGELES CA,LOS_ANGELES,2019-1-17,2019-05-29
233,23417.0 CLEARPOOL PL LOS_ANGELES CA,LOS_ANGELES,2020-1-10,2019-05-29
234,244.0 SEPULVEDA ST LOS_ANGELES CA,LOS_ANGELES,2010-12-20,2019-05-29
235,230.0 CLARESSA AVE AVALON CA,AVALON,2012-12-28,2019-05-29
236,323.0 SUMNER AVE AVALON CA,AVALON,2012-12-28,2019-05-29
237,828.0 SILVER_SPUR RD ROLLING_HILLS CA,ROLLING_HILLS,2012-9-26,2019-05-29
238,9632.0 BARTLEY AVE SANTA_FE_SPRINGS CA,SANTA_FE_SPRINGS,2010-5-27,2019-05-29
239,11711.0 GWYNNE AVE NORWALK CA,NORWALK,2013-3-25,2019-05-29
240,15924.0 GLAZEBROOK DR LA_MIRADA CA,LA_MIRADA,2013-2-11,2019-05-29
241,12339.0 ROSECRANS AVE NORWALK CA,NORWALK,2012-9-18,2019-05-29
242,14822.0 NORWALK BLVD NORWALK CA,NORWALK,2006-9-1,2019-05-29
243,11940.0 NAVA ST NORWALK CA,NORWALK,2020-2-24,2019-05-29
244,2350.0 DURFEE AVE EL_MONTE CA,EL_MONTE,2019-11-6,2019-05-29
245,5430.0 MAVIS AVE WHITTIER CA,WHITTIER,2007-6-8,2019-05-29
246,8453.0 STRUB AVE WHITTIER CA,WHITTIER,2013-8-29,2019-05-29
247,10338.0 SUNNYBROOK LN WHITTIER CA,WHITTIER,2006-6-26,2019-05-29
248,9515.0 AMSDELL AVE WHITTIER CA,WHITTIER,2012-2-23,2019-05-29
249,11449.0 MINES BLVD WHITTIER CA,WHITTIER,2013-7-1,2019-05-29
250,10525.0 WADDELL ST WHITTIER CA,WHITTIER,2017-3-29,2019-05-29
251,8027.0 MILNA AVE WHITTIER CA,WHITTIER,2013-7-13,2019-05-29
252,11508.0 BURKE ST WHITTIER CA,WHITTIER,2017-11-17,2019-05-29
253,824.0 MEEKER AVE LA_PUENTE CA,LA_PUENTE,2020-4-20,2019-05-29
254,14750.0 TEMPLE AVE LA_PUENTE CA,LA_PUENTE,2012-8-10,2019-05-29
255,14920.0 WALBROOK DR HACIENDA_HEIGHTS CA,HACIENDA_HEIGHTS,2019-10-15,2019-05-29
256,2580.0 TURNBULL_CANYON RD HACIENDA_HEIGHTS CA,HACIENDA_HEIGHTS,2013-4-19,2019-05-29
257,15080.0 DANBROOK DR WHITTIER CA,WHITTIER,2019-10-30,2019-05-29
258,14944.0 LINDHALL WAY WHITTIER CA,WHITTIER,2013-2-11,2019-05-29
259,17153.0 BROADVALE DR LA_PUENTE CA,LA_PUENTE,2007-3-10,2019-05-29
260,15935.0 HARVEST_MOON ST LA_PUENTE CA,LA_PUENTE,2009-8-26,2019-05-29
261,18650.0 MARIMBA ST ROWLAND_HEIGHTS CA,ROWLAND_HEIGHTS,2020-2-7,2019-05-29
262,24411.0 TOP CT DIAMOND_BAR CA,DIAMOND_BAR,2006-12-13,2019-05-29
263,2420.0 VALHALLA ST POMONA CA,POMONA,2012-12-28,2019-05-29
264,2434.0 VALHALLA ST POMONA CA,POMONA,2012-12-28,2019-05-29
265,2411.0 VALHALLA ST POMONA CA,POMONA,2012-12-28,2019-05-29
266,2437.0 LOVEJOY ST POMONA CA,POMONA,2012-12-28,2019-05-29
267,2202.0 SAN_CARLOS ST POMONA CA,POMONA,2012-12-28,2019-05-29
268,1643.0 PALOMARES ST POMONA CA,POMONA,2013-7-17,2019-05-29
269,952.0 7TH ST POMONA CA,POMONA,2018-1-3,2019-05-29
270,205.0 12TH ST POMONA CA,POMONA,2018-1-3,2019-05-29
271,2175.0 PARK AVE POMONA CA,POMONA,2012-12-28,2019-05-29
272,745.0 CENTER ST POMONA CA,POMONA,2013-8-12,2019-05-29
273,1347.0 CAMBRIN RD POMONA CA,POMONA,2018-3-20,2019-05-29
274,247.0 SHERWOOD PL POMONA CA,POMONA,2019-6-18,2019-05-29
275,205.0 SAN_FELIPE ST POMONA CA,POMONA,2020-3-4,2019-05-29
276,731.0 AMELIA AVE SAN_DIMAS CA,SAN_DIMAS,2012-10-26,2019-05-29
277,563.0 FERNSHAW DR LA_VERNE CA,LA_VERNE,2012-12-9,2019-05-29
278,5028.0 SUNFLOWER AVE COVINA CA,COVINA,2019-10-7,2019-05-29
279,2160.0 BROOKPORT ST COVINA CA,COVINA,2019-9-6,2019-05-29
280,1151.0 CITRUS AVE COVINA CA,COVINA,2013-2-4,2019-05-29
281,415.0 PALM DR COVINA CA,COVINA,2013-6-17,2019-05-29
282,14916.0 CENTRAL AVE BALDWIN_PARK CA,BALDWIN_PARK,2002-7-29,2019-05-29
283,825.0 FOOTHILL BLVD MONROVIA CA,MONROVIA,2020-4-28,2019-05-29
284,239.0 OAKS AVE MONROVIA CA,MONROVIA,2011-1-7,2019-05-29
285,11153.0 DAINES DR ARCADIA CA,ARCADIA,2017-8-31,2019-05-29
286,10503.0 GIDLEY ST EL_MONTE CA,EL_MONTE,2013-2-14,2019-05-29
287,3416.0 LEXINGTON AVE EL_MONTE CA,EL_MONTE,2019-10-25,2019-05-29
288,11109.0 WALNUT ST EL_MONTE CA,EL_MONTE,2014-12-19,2019-05-29
289,336.0 LOUISE AVE AZUSA CA,AZUSA,2013-10-15,2019-05-29
290,5528.0 CLYDEBANK AVE AZUSA CA,AZUSA,2013-2-25,2019-05-29
291,18463.0 ARMSTEAD ST AZUSA CA,AZUSA,2011-12-16,2019-05-29
292,432.0 LINFIELD ST GLENDORA CA,GLENDORA,2013-1-23,2019-05-29
293,727.0 PARKBROOK LN GLENDORA CA,GLENDORA,2019-11-16,2019-05-29
294,2.0 BEAR_VALLEY RD POMONA CA,POMONA,2010-9-16,2019-05-29
295,2867.0 SHADOW_CANYON RD DIAMOND_BAR CA,DIAMOND_BAR,2013-7-17,2019-05-29
296,3609.0 ALABAMA ST WEST_COVINA CA,WEST_COVINA,2019-10-2,2019-05-29
297,1212.0 CEDON DR LA_PUENTE CA,LA_PUENTE,2012-9-28,2019-05-29
