,address,City,Sold date,Listed date
0,7354.0 MAYNARD AVE LOS_ANGELES CA,LOS_ANGELES,2020-4-23,2019-05-29
1,22118.0 LEADWELL ST LOS_ANGELES CA,LOS_ANGELES,2013-1-12,2019-05-29
2,22142.0 SCHOOLCRAFT ST LOS_ANGELES CA,LOS_ANGELES,2012-12-26,2019-05-29
3,7110.0 ATHELING WAY LOS_ANGELES CA,LOS_ANGELES,2014-5-22,2019-05-29
4,5115.0 BODA PL LOS_ANGELES CA,LOS_ANGELES,2014-11-4,2019-05-29
5,5039.0 BODA PL LOS_ANGELES CA,LOS_ANGELES,2013-7-22,2019-05-29
6,26950.0 CALAMINE DR CALABASAS CA,CALABASAS,2014-1-2,2019-05-29
7,26345.0 BRAVO LN CALABASAS CA,CALABASAS,2020-1-8,2019-05-29
8,27420.0 FREETOWN LN AGOURA_HILLS CA,AGOURA_HILLS,2014-11-14,2019-05-29
9,24400.0 CALABASAS RD CALABASAS CA,CALABASAS,2013-5-28,2019-05-29
10,19121.0 STAGG ST LOS_ANGELES CA,LOS_ANGELES,2019-4-10,2019-05-29
11,20136.0 STRATHERN ST LOS_ANGELES CA,LOS_ANGELES,2019-8-20,2019-05-29
12,8042.0 MCNULTY AVE LOS_ANGELES CA,LOS_ANGELES,2018-8-16,2019-05-29
13,20855.0 LANARK ST LOS_ANGELES CA,LOS_ANGELES,2019-8-1,2019-05-29
14,7125.0 REMMET AVE LOS_ANGELES CA,LOS_ANGELES,2019-5-28,2019-05-29
15,7247.0 TAMPA AVE LOS_ANGELES CA,LOS_ANGELES,2007-7-19,2019-05-29
16,6615.0 CHIMINEAS AVE LOS_ANGELES CA,LOS_ANGELES,2014-2-3,2019-05-29
17,18625.0 DELANO ST LOS_ANGELES CA,LOS_ANGELES,2019-12-18,2019-05-29
18,6009.0 CORBIN AVE LOS_ANGELES CA,LOS_ANGELES,2020-3-3,2019-05-29
19,6228.0 PENFIELD AVE LOS_ANGELES CA,LOS_ANGELES,2014-10-30,2019-05-29
20,18415.0 COLLINS ST LOS_ANGELES CA,LOS_ANGELES,2013-1-4,2019-05-29
21,4991.0 NATOMA AVE LOS_ANGELES CA,LOS_ANGELES,2014-8-21,2019-05-29
22,21007.0 DUMETZ RD LOS_ANGELES CA,LOS_ANGELES,2018-3-21,2019-05-29
23,4958.0 ALATAR DR LOS_ANGELES CA,LOS_ANGELES,2014-7-17,2019-05-29
24,20915.0 PUENTE RD LOS_ANGELES CA,LOS_ANGELES,2013-8-3,2019-05-29
25,4430.0 SAN_BLAS AVE LOS_ANGELES CA,LOS_ANGELES,2007-3-31,2019-05-29
26,8106.0 WISNER AVE LOS_ANGELES CA,LOS_ANGELES,2020-2-7,2019-05-29
27,6746.0 VALJEAN AVE LOS_ANGELES CA,LOS_ANGELES,2010-7-22,2019-05-29
28,6638.0 KESTER AVE LOS_ANGELES CA,LOS_ANGELES,2016-12-20,2019-05-29
29,14258.0 DELANO ST LOS_ANGELES CA,LOS_ANGELES,2020-2-28,2019-05-29
30,14207.0 BESSEMER ST LOS_ANGELES CA,LOS_ANGELES,2009-7-23,2019-05-29
31,14817.0 OTSEGO ST LOS_ANGELES CA,LOS_ANGELES,2014-6-13,2019-05-29
32,15238.0 DICKENS ST LOS_ANGELES CA,LOS_ANGELES,2019-11-25,2019-05-29
33,3363.0 ALANA DR LOS_ANGELES CA,LOS_ANGELES,2013-4-4,2019-05-29
34,7722.0 GREENBUSH AVE LOS_ANGELES CA,LOS_ANGELES,2014-3-5,2019-05-29
35,8138.0 MORSE AVE LOS_ANGELES CA,LOS_ANGELES,2014-1-13,2019-05-29
36,7921.0 BECK AVE LOS_ANGELES CA,LOS_ANGELES,2015-10-22,2019-05-29
37,11251.0 BLYTHE ST LOS_ANGELES CA,LOS_ANGELES,2014-3-12,2019-05-29
38,6751.0 RADFORD AVE LOS_ANGELES CA,LOS_ANGELES,2007-7-27,2019-05-29
39,6257.0 ATOLL AVE LOS_ANGELES CA,LOS_ANGELES,2018-8-2,2019-05-29
40,6027.0 LAURELGROVE AVE LOS_ANGELES CA,LOS_ANGELES,2014-8-29,2019-05-29
41,13359.0 CHANDLER BLVD LOS_ANGELES CA,LOS_ANGELES,2019-5-13,2019-05-29
42,7865.0 SANCOLA AVE LOS_ANGELES CA,LOS_ANGELES,2020-3-12,2019-05-29
43,8873.0 NORRIS AVE LOS_ANGELES CA,LOS_ANGELES,2008-6-1,2019-05-29
44,8873.0 NORRIS AVE LOS_ANGELES CA,LOS_ANGELES,2008-6-1,2019-05-29
45,735.0 TUJUNGA AVE BURBANK CA,BURBANK,2019-6-13,2019-05-29
46,1018.0 ORANGE_GROVE AVE BURBANK CA,BURBANK,2013-4-19,2019-05-29
47,613.0 BIRMINGHAM RD BURBANK CA,BURBANK,2008-9-26,2019-05-29
48,807.0 CATALINA ST BURBANK CA,BURBANK,2019-6-20,2019-05-29
49,528.0 AVON ST BURBANK CA,BURBANK,2019-10-8,2019-05-29
50,15065.0 ROXFORD ST LOS_ANGELES CA,LOS_ANGELES,2019-8-28,2019-05-29
51,13636.0 GLADSTONE AVE LOS_ANGELES CA,LOS_ANGELES,2020-3-13,2019-05-29
52,13470.0 ORO_GRANDE ST LOS_ANGELES CA,LOS_ANGELES,2014-9-2,2019-05-29
53,13883.0 GARRICK AVE LOS_ANGELES CA,LOS_ANGELES,2013-8-27,2019-05-29
54,14046.0 BEAVER ST LOS_ANGELES CA,LOS_ANGELES,2013-11-23,2019-05-29
55,13301.0 KISMET AVE LOS_ANGELES CA,LOS_ANGELES,2013-10-31,2019-05-29
56,12601.0 BROMONT AVE LOS_ANGELES CA,LOS_ANGELES,2019-5-23,2019-05-29
57,815.0 GRISWOLD AVE SAN_FERNANDO CA,SAN_FERNANDO,2020-4-30,2019-05-29
58,204.0 MACLAY AVE SAN_FERNANDO CA,SAN_FERNANDO,2015-5-12,2019-05-29
59,1707.0 2ND ST SAN_FERNANDO CA,SAN_FERNANDO,2019-8-22,2019-05-29
60,611.0 BRAND BLVD SAN_FERNANDO CA,SAN_FERNANDO,2017-4-5,2019-05-29
61,12879.0 MACNEIL ST LOS_ANGELES CA,LOS_ANGELES,2013-7-30,2019-05-29
62,12734.0 LOUVRE ST LOS_ANGELES CA,LOS_ANGELES,2017-3-9,2019-05-29
63,10527.0 MAHONEY DR LOS_ANGELES CA,LOS_ANGELES,2015-12-30,2019-05-29
64,11539.0 KISMET AVE LOS_ANGELES CA,LOS_ANGELES,2019-12-5,2019-05-29
65,12112.0 HOYT ST LOS_ANGELES CA,LOS_ANGELES,2013-12-27,2019-05-29
66,12524.0 WINGO ST LOS_ANGELES CA,LOS_ANGELES,2013-10-28,2019-05-29
67,8810.0 MULBERRY DR LOS_ANGELES CA,LOS_ANGELES,2014-4-3,2019-05-29
68,10190.0 SUNLAND BLVD LOS_ANGELES CA,LOS_ANGELES,2008-5-23,2019-05-29
69,10858.0 WOODWARD AVE LOS_ANGELES CA,LOS_ANGELES,2010-7-28,2019-05-29
70,7928.0 FORSYTHE ST LOS_ANGELES CA,LOS_ANGELES,2020-2-6,2019-05-29
71,8601.0 LA_TUNA_CANYON RD LOS_ANGELES CA,LOS_ANGELES,2013-10-23,2019-05-29
72,9457.0 HILLHAVEN AVE LOS_ANGELES CA,LOS_ANGELES,2009-8-4,2019-05-29
73,10452.0 SAMOA AVE LOS_ANGELES CA,LOS_ANGELES,2013-8-30,2019-05-29
74,10259.0 GLORY AVE LOS_ANGELES CA,LOS_ANGELES,2020-5-29,2019-05-29
75,12350.0 JEREMY PL LOS_ANGELES CA,LOS_ANGELES,2020-4-30,2019-05-29
76,12721.0 DE_SANTIS AVE LOS_ANGELES CA,LOS_ANGELES,2014-1-24,2019-05-29
77,15157.0 REX ST LOS_ANGELES CA,LOS_ANGELES,2014-2-3,2019-05-29
78,15127.0 CAREY_VIEW ST LOS_ANGELES CA,LOS_ANGELES,2017-10-14,2019-05-29
79,9715.0 SHARP AVE LOS_ANGELES CA,LOS_ANGELES,2019-11-1,2019-05-29
80,9843.0 AMBOY AVE LOS_ANGELES CA,LOS_ANGELES,2014-1-15,2019-05-29
81,13096.0 GLAMIS ST LOS_ANGELES CA,LOS_ANGELES,2014-3-13,2019-05-29
82,13534.0 MUSCATINE ST LOS_ANGELES CA,LOS_ANGELES,2006-6-6,2019-05-29
83,9110.0 MOREHART AVE LOS_ANGELES CA,LOS_ANGELES,2014-9-22,2019-05-29
84,11934.0 ART ST LOS_ANGELES CA,LOS_ANGELES,2017-3-1,2019-05-29
85,8542.0 MATILIJA AVE LOS_ANGELES CA,LOS_ANGELES,2007-3-28,2019-05-29
86,14163.0 VAN_NUYS BLVD LOS_ANGELES CA,LOS_ANGELES,2004-10-4,2019-05-29
87,10514.0 KESTER AVE LOS_ANGELES CA,LOS_ANGELES,2006-10-24,2019-05-29
88,15003.0 KINGSBURY ST LOS_ANGELES CA,LOS_ANGELES,2007-10-15,2019-05-29
89,9218.0 LEMONA AVE LOS_ANGELES CA,LOS_ANGELES,2014-5-23,2019-05-29
90,9956.0 COLLETT AVE LOS_ANGELES CA,LOS_ANGELES,2010-4-24,2019-05-29
91,8556.0 HASKELL AVE LOS_ANGELES CA,LOS_ANGELES,2011-9-28,2019-05-29
92,16850.0 RINALDI ST LOS_ANGELES CA,LOS_ANGELES,2008-2-22,2019-05-29
93,10207.0 HAYVENHURST AVE LOS_ANGELES CA,LOS_ANGELES,2013-6-24,2019-05-29
94,16344.0 COMMUNITY ST LOS_ANGELES CA,LOS_ANGELES,2014-4-28,2019-05-29
95,17050.0 GLEDHILL ST LOS_ANGELES CA,LOS_ANGELES,2019-7-30,2019-05-29
96,17160.0 INDEX ST LOS_ANGELES CA,LOS_ANGELES,2019-4-24,2019-05-29
97,19532.0 BLACKHAWK ST NORTHRIDGE CA,NORTHRIDGE,2014-4-23,2019-05-29
98,10906.0 YARMOUTH AVE LOS_ANGELES CA,LOS_ANGELES,2007-2-23,2019-05-29
99,18324.0 LAHEY ST LOS_ANGELES CA,LOS_ANGELES,2014-5-1,2019-05-29
100,19001.0 KENYA ST LOS_ANGELES CA,LOS_ANGELES,2019-10-24,2019-05-29
101,19144.0 KINGSBURY ST LOS_ANGELES CA,LOS_ANGELES,2014-5-30,2019-05-29
102,18656.0 MAYALL ST LOS_ANGELES CA,LOS_ANGELES,2020-4-5,2019-05-29
103,9517.0 COMANCHE AVE LOS_ANGELES CA,LOS_ANGELES,2013-10-29,2019-05-29
104,19833.0 MARILLA ST LOS_ANGELES CA,LOS_ANGELES,2014-4-9,2019-05-29
105,8509.0 LUBAO AVE LOS_ANGELES CA,LOS_ANGELES,2013-7-29,2019-05-29
106,8740.0 WINNETKA AVE LOS_ANGELES CA,LOS_ANGELES,2014-11-26,2019-05-29
107,17518.0 PARTHENIA ST LOS_ANGELES CA,LOS_ANGELES,2009-12-31,2019-05-29
108,27834.0 CAMP_PLENTY RD SANTA_CLARITA CA,SANTA_CLARITA,2013-10-17,2019-05-29
109,19624.0 FAIRWEATHER ST SANTA_CLARITA CA,SANTA_CLARITA,2019-4-9,2019-05-29
110,28033.0 CERO DR SANTA_CLARITA CA,SANTA_CLARITA,2006-5-11,2019-05-29
111,22828.0 DECORO DR SANTA_CLARITA CA,SANTA_CLARITA,2014-4-9,2019-05-29
112,28610.0 VISTA_DEL_RIO DR VALENCIA CA,VALENCIA,2014-9-8,2019-05-29
113,29021.0 RIDGECREST CT VALENCIA CA,VALENCIA,2014-3-28,2019-05-29
114,27111.0 MANOR CIR SANTA_CLARITA CA,SANTA_CLARITA,2011-12-15,2019-05-29
115,27509.0 TRAIL_RIDGE RD SANTA_CLARITA CA,SANTA_CLARITA,2013-8-27,2019-05-29
116,19634.0 GOLDSTREAM WAY SANTA_CLARITA CA,SANTA_CLARITA,2013-11-7,2019-05-29
117,12540.0 DEXTER_PARK RD SYLMAR CA,SYLMAR,2008-8-8,2019-05-29
118,25942.0 MATEL RD SANTA_CLARITA CA,SANTA_CLARITA,2009-8-27,2019-05-29
119,31914.0 QUARTZ LN CASTAIC CA,CASTAIC,2019-9-19,2019-05-29
120,39957.0 VERONA LN PALMDALE CA,PALMDALE,2020-4-1,2019-05-29
121,39446.0 AVIGNON LN PALMDALE CA,PALMDALE,2014-1-24,2019-05-29
122,2755.0 CLOVERDALE CT PALMDALE CA,PALMDALE,2019-9-23,2019-05-29
123,1153.0 IRONWOOD AVE PALMDALE CA,PALMDALE,2014-7-15,2019-05-29
124,39942.0 MARBRISSA AVE PALMDALE CA,PALMDALE,2018-11-21,2019-05-29
125,40216.0 LA_COTA DR PALMDALE CA,PALMDALE,2011-4-15,2019-05-29
126,38727.0 SUMAC AVE PALMDALE CA,PALMDALE,2009-4-7,2019-05-29
127,38460.0 SUMAC AVE PALMDALE CA,PALMDALE,2011-10-12,2019-05-29
128,552.0 SPRUCE CT PALMDALE CA,PALMDALE,2013-9-23,2019-05-29
129,37760.0 GILWORTH AVE PALMDALE CA,PALMDALE,2014-5-22,2019-05-29
130,37901.0 ROSEMARIE ST PALMDALE CA,PALMDALE,2014-3-4,2019-05-29
131,37419.0 SILK_TREE LN PALMDALE CA,PALMDALE,2020-5-15,2019-05-29
132,1658.0 SWEETBRIER ST PALMDALE CA,PALMDALE,2019-9-24,2019-05-29
133,37811.0 CARDIFF ST PALMDALE CA,PALMDALE,2014-7-3,2019-05-29
134,37505.0 LILACVIEW AVE PALMDALE CA,PALMDALE,2006-5-19,2019-05-29
135,3643.0 CASAMIA AVE PALMDALE CA,PALMDALE,2014-1-7,2019-05-29
136,37647.0 SAN_YSIDRO WAY PALMDALE CA,PALMDALE,2007-10-18,2019-05-29
137,37749.0 JANUS DR PALMDALE CA,PALMDALE,2013-2-27,2019-05-29
138,38638.0 LILACVIEW AVE PALMDALE CA,PALMDALE,2007-9-14,2019-05-29
139,38446.0 LANDON AVE PALMDALE CA,PALMDALE,2019-3-2,2019-05-29
140,37717.0 DUFFEL ST PALMDALE CA,PALMDALE,2014-10-1,2019-05-29
141,4017.0 STABLE DR PALMDALE CA,PALMDALE,2014-7-9,2019-05-29
142,4111.0 SADDLEBACK RD PALMDALE CA,PALMDALE,2019-6-21,2019-05-29
143,5708.0 BLUE_SAGE DR PALMDALE CA,PALMDALE,2009-10-14,2019-05-29
144,38011.0 43RD_ST_E nan PALMDALE CA,PALMDALE,2014-1-8,2019-05-29
145,37257.0 CARRARA DR PALMDALE CA,PALMDALE,2020-3-5,2019-05-29
146,34630.0 165TH_ST_E nan LLANO CA,LLANO,2010-6-25,2019-05-29
147,36941.0 STRATFORD DR PALMDALE CA,PALMDALE,2019-9-9,2019-05-29
148,5307.0 ESSEX DR PALMDALE CA,PALMDALE,2015-7-11,2019-05-29
149,3168.0 THOMAS AVE PALMDALE CA,PALMDALE,2014-3-31,2019-05-29
150,36462.0 CLEARWOOD CT PALMDALE CA,PALMDALE,2013-12-12,2019-05-29
151,36712.0 AUBURN CT PALMDALE CA,PALMDALE,2017-2-2,2019-05-29
152,36511.0 HAROLD_1ST ST PALMDALE CA,PALMDALE,2019-10-8,2019-05-29
153,2251.0 OLD_NADEAU RD PALMDALE CA,PALMDALE,2019-12-18,2019-05-29
154,36671.0 LITTLE_LEAF DR PALMDALE CA,PALMDALE,2017-3-1,2019-05-29
155,36812.0 SPANISH_BROOM DR PALMDALE CA,PALMDALE,2012-5-22,2019-05-29
156,36848.0 DESERT_WILLOW DR PALMDALE CA,PALMDALE,2020-4-27,2019-05-29
157,37117.0 LA_CONTEMPO AVE PALMDALE CA,PALMDALE,2016-5-24,2019-05-29
158,37001.0 LA_CONTEMPO AVE PALMDALE CA,PALMDALE,2014-2-26,2019-05-29
159,2447.0 WINDWOOD DR PALMDALE CA,PALMDALE,2019-8-28,2019-05-29
160,37134.0 ALTON DR PALMDALE CA,PALMDALE,2013-8-20,2019-05-29
161,10830.0 SUNRISE DR JUNIPER_HILLS CA,JUNIPER_HILLS,2014-7-3,2019-05-29
162,28602.0 LARGO_VISTA RD LLANO CA,LLANO,2008-2-28,2019-05-29
163,15235.0 GREY_STALLION RD LANCASTER CA,LANCASTER,2019-1-25,2019-05-29
164,40545.0 169TH_ST_E nan LANCASTER CA,LANCASTER,2013-10-7,2019-05-29
165,40603.0 169TH_ST_E nan LANCASTER CA,LANCASTER,2007-10-10,2019-05-29
166,40539.0 168TH_ST_E nan LANCASTER CA,LANCASTER,2014-7-28,2019-05-29
167,41000.0 162ND_ST_E nan LANCASTER CA,LANCASTER,2018-4-20,2019-05-29
168,40965.0 FIELDSPRING ST LAKE_LOS_ANGELES CA,LAKE_LOS_ANGELES,2020-3-23,2019-05-29
169,5506.0 COLUMBIA WAY QUARTZ_HILL CA,QUARTZ_HILL,2016-7-19,2019-05-29
170,41233.0 ALMOND AVE PALMDALE CA,PALMDALE,2014-8-26,2019-05-29
171,42315.0 52ND_ST_W nan LANCASTER CA,LANCASTER,2015-11-24,2019-05-29
172,5827.0 CORINTHIAN PL LANCASTER CA,LANCASTER,2014-7-16,2019-05-29
173,42517.0 45TH_ST_W nan QUARTZ_HILL CA,QUARTZ_HILL,2014-1-2,2019-05-29
174,3207.0 LARWOOD DR LANCASTER CA,LANCASTER,2018-10-30,2019-05-29
175,43257.0 ECHARD AVE LANCASTER CA,LANCASTER,2019-6-7,2019-05-29
176,45643.0 COVENTRY CT LANCASTER CA,LANCASTER,2014-5-28,2019-05-29
177,44143.0 ELM AVE LANCASTER CA,LANCASTER,2014-9-16,2019-05-29
178,44733.0 BEECH AVE LANCASTER CA,LANCASTER,2019-12-18,2019-05-29
179,656.0 NEWGROVE ST LANCASTER CA,LANCASTER,2019-9-9,2019-05-29
180,44502.0 DATE AVE LANCASTER CA,LANCASTER,2019-9-4,2019-05-29
181,44117.0 SANCROFT AVE LANCASTER CA,LANCASTER,2014-3-28,2019-05-29
182,43963.0 GLENRAVEN RD LANCASTER CA,LANCASTER,2014-10-9,2019-05-29
183,45036.0 ANDALE AVE LANCASTER CA,LANCASTER,2014-8-7,2019-05-29
184,44556.0 12TH_ST_E nan LANCASTER CA,LANCASTER,2019-5-28,2019-05-29
185,43920.0 REMBRANDT ST LANCASTER CA,LANCASTER,2017-12-13,2019-05-29
186,2213.0 GREENTREE ST LANCASTER CA,LANCASTER,2014-9-10,2019-05-29
187,2069.0 MORNINGSIDE AVE LANCASTER CA,LANCASTER,2013-7-29,2019-05-29
188,43933.0 30TH_ST_E nan LANCASTER CA,LANCASTER,2017-10-12,2019-05-29
189,2648.0 HARMONY WAY LANCASTER CA,LANCASTER,2009-5-4,2019-05-29
190,44350.0 SHAD ST LANCASTER CA,LANCASTER,2013-12-19,2019-05-29
191,44034.0 COUNTRYSIDE DR LANCASTER CA,LANCASTER,2017-1-3,2019-05-29
192,3630.0 DRYSDALE DR LANCASTER CA,LANCASTER,2012-9-17,2019-05-29
193,43042.0 20TH_ST_E nan LANCASTER CA,LANCASTER,2011-7-12,2019-05-29
194,43531.0 CAROL DR LANCASTER CA,LANCASTER,2014-5-7,2019-05-29
195,3036.0 CHRISTINA ST LANCASTER CA,LANCASTER,2014-8-11,2019-05-29
196,43315.0 VINEYARD DR LANCASTER CA,LANCASTER,2012-10-17,2019-05-29
197,3337.0 KNOTT CT LANCASTER CA,LANCASTER,2014-9-17,2019-05-29
198,43455.0 FLEETWOOD DR LANCASTER CA,LANCASTER,2013-8-20,2019-05-29
199,1614.0 MARION AVE LANCASTER CA,LANCASTER,2020-4-13,2019-05-29
200,45548.0 ANDALE AVE LANCASTER CA,LANCASTER,2014-5-28,2019-05-29
201,12571.0 CAPRA RD SANTA_CLARITA CA,SANTA_CLARITA,2013-10-16,2019-05-29
202,32555.0 WAGON_WHEEL RD AGUA_DULCE CA,AGUA_DULCE,2018-3-19,2019-05-29
203,15477.0 SPUNKY_CANYON RD SANTA_CLARITA CA,SANTA_CLARITA,2019-12-18,2019-05-29
204,nan VIC_AVE_H/200_STW nan DEL_SUR CA,DEL_SUR,2006-10-11,2019-05-29
205,44256.0 165TH_ST_E nan LANCASTER CA,LANCASTER,2014-4-4,2019-05-29
206,6114.0 KINGS RD LOS_ANGELES CA,LOS_ANGELES,2019-8-28,2019-05-29
207,3622.0 SLAUSON AVE LOS_ANGELES CA,LOS_ANGELES,2016-2-16,2019-05-29
208,5915.0 4TH AVE LOS_ANGELES CA,LOS_ANGELES,2014-3-28,2019-05-29
209,6308.0 10TH AVE LOS_ANGELES CA,LOS_ANGELES,2017-6-20,2019-05-29
210,6335.0 5TH AVE LOS_ANGELES CA,LOS_ANGELES,2013-9-16,2019-05-29
211,6514.0 8TH AVE LOS_ANGELES CA,LOS_ANGELES,2018-6-6,2019-05-29
212,2710.0 78TH ST INGLEWOOD CA,INGLEWOOD,2013-9-28,2019-05-29
213,2904.0 80TH ST INGLEWOOD CA,INGLEWOOD,2014-3-27,2019-05-29
214,3301.0 81ST ST INGLEWOOD CA,INGLEWOOD,2016-4-11,2019-05-29
215,522.0 ELM AVE INGLEWOOD CA,INGLEWOOD,2014-2-10,2019-05-29
216,616.0 99TH ST INGLEWOOD CA,INGLEWOOD,2013-9-20,2019-05-29
217,10218.0 DARBY AVE INGLEWOOD CA,INGLEWOOD,2019-9-9,2019-05-29
218,10420.0 1ST AVE INGLEWOOD CA,INGLEWOOD,2013-5-30,2019-05-29
219,3668.0 102ND ST INGLEWOOD CA,INGLEWOOD,2019-10-1,2019-05-29
220,10722.0 TRURO AVE INGLEWOOD CA,INGLEWOOD,2014-9-10,2019-05-29
221,4713.0 111TH ST LENNOX CA,LENNOX,2012-7-6,2019-05-29
222,11125.0 TRURO AVE INGLEWOOD CA,INGLEWOOD,2013-11-6,2019-05-29
223,13439.0 RAMONA AVE HAWTHORNE CA,HAWTHORNE,2014-9-3,2019-05-29
224,11891.0 OXFORD AVE HAWTHORNE CA,HAWTHORNE,2006-5-12,2019-05-29
225,3827.0 135TH ST HAWTHORNE CA,HAWTHORNE,2014-6-11,2019-05-29
226,1950.0 IMPERIAL HWY LOS_ANGELES CA,LOS_ANGELES,2014-8-6,2019-05-29
227,13609.0 CASIMIR AVE GARDENA CA,GARDENA,2019-8-28,2019-05-29
228,2032.0 MARINE AVE GARDENA CA,GARDENA,2017-2-21,2019-05-29
229,14727.0 AVIS AVE LAWNDALE CA,LAWNDALE,2018-5-17,2019-05-29
230,4724.0 162ND ST LAWNDALE CA,LAWNDALE,2014-6-9,2019-05-29
231,3426.0 ARTESIA BLVD TORRANCE CA,TORRANCE,2011-6-3,2019-05-29
232,17016.0 ELGAR AVE TORRANCE CA,TORRANCE,2010-2-15,2019-05-29
233,1954.0 187TH PL TORRANCE CA,TORRANCE,2016-11-22,2019-05-29
234,868.0 LOMITA ST EL_SEGUNDO CA,EL_SEGUNDO,2019-12-17,2019-05-29
235,233.0 PACIFIC_COAST HWY HERMOSA_BEACH CA,HERMOSA_BEACH,2011-2-14,2019-05-29
236,11164.0 WOOLFORD ST CULVER_CITY CA,CULVER_CITY,2015-10-31,2019-05-29
237,12306.0 JUNIETTE ST LOS_ANGELES CA,LOS_ANGELES,2019-5-30,2019-05-29
238,12006.0 MARSHALL ST LOS_ANGELES CA,LOS_ANGELES,2016-10-21,2019-05-29
239,12846.0 SHORT AVE LOS_ANGELES CA,LOS_ANGELES,2019-11-5,2019-05-29
240,2403.0 LOUELLA AVE LOS_ANGELES CA,LOS_ANGELES,2015-12-29,2019-05-29
241,657.0 PALMS BLVD LOS_ANGELES CA,LOS_ANGELES,2014-5-5,2019-05-29
242,956.0 GRANVILLE AVE LOS_ANGELES CA,LOS_ANGELES,2010-10-25,2019-05-29
243,1947.0 CORNING ST LOS_ANGELES CA,LOS_ANGELES,2019-10-24,2019-05-29
244,3420.0 MENTONE AVE LOS_ANGELES CA,LOS_ANGELES,2019-12-17,2019-05-29
245,130.0 HAMILTON DR BEVERLY_HILLS CA,BEVERLY_HILLS,2011-5-20,2019-05-29
246,204.0 ASHDALE PL LOS_ANGELES CA,LOS_ANGELES,2019-9-23,2019-05-29
247,11167.0 MONTANA AVE LOS_ANGELES CA,LOS_ANGELES,2007-6-12,2019-05-29
248,24687.0 PACIFIC_COAST HWY MALIBU CA,MALIBU,2020-3-30,2019-05-29
249,24689.0 PACIFIC_COAST HWY MALIBU CA,MALIBU,2020-3-24,2019-05-29
250,27146.0 SEA_VISTA DR MALIBU CA,MALIBU,2014-3-25,2019-05-29
251,442.0 LOFTYHILL DR MALIBU CA,MALIBU,2017-6-30,2019-05-29
252,813.0 58TH ST LOS_ANGELES CA,LOS_ANGELES,2007-2-2,2019-05-29
253,1542.0 54TH ST LOS_ANGELES CA,LOS_ANGELES,2018-8-24,2019-05-29
254,1418.0 55TH ST LOS_ANGELES CA,LOS_ANGELES,2017-6-20,2019-05-29
255,1621.0 57TH ST LOS_ANGELES CA,LOS_ANGELES,2020-2-4,2019-05-29
256,5348.0 11TH AVE LOS_ANGELES CA,LOS_ANGELES,2014-11-10,2019-05-29
257,5754.0 4TH AVE LOS_ANGELES CA,LOS_ANGELES,2014-4-9,2019-05-29
258,4946.0 PARKGLEN AVE LOS_ANGELES CA,LOS_ANGELES,2017-11-2,2019-05-29
259,620.0 45TH ST LOS_ANGELES CA,LOS_ANGELES,2014-6-25,2019-05-29
260,4018.0 NORMANDIE AVE LOS_ANGELES CA,LOS_ANGELES,2013-12-9,2019-05-29
261,1739.0 42ND PL LOS_ANGELES CA,LOS_ANGELES,2014-4-17,2019-05-29
262,1739.0 42ND ST LOS_ANGELES CA,LOS_ANGELES,2020-1-19,2019-05-29
263,2033.0 VERNON AVE LOS_ANGELES CA,LOS_ANGELES,2014-5-19,2019-05-29
264,4224.0 ANGELES_VISTA BLVD LOS_ANGELES CA,LOS_ANGELES,2014-5-21,2019-05-29
265,3802.0 REDONDO BLVD LOS_ANGELES CA,LOS_ANGELES,2014-4-9,2019-05-29
266,3931.0 WELLAND AVE LOS_ANGELES CA,LOS_ANGELES,2020-1-17,2019-05-29
267,1840.0 LEIGHTON AVE LOS_ANGELES CA,LOS_ANGELES,2013-11-6,2019-05-29
268,1614.0 39TH ST LOS_ANGELES CA,LOS_ANGELES,2017-6-20,2019-05-29
269,2811.0 BUCKINGHAM RD LOS_ANGELES CA,LOS_ANGELES,2020-5-14,2019-05-29
270,2930.0 10TH AVE LOS_ANGELES CA,LOS_ANGELES,2013-10-31,2019-05-29
271,1289.0 25TH ST LOS_ANGELES CA,LOS_ANGELES,2012-10-22,2019-05-29
272,1408.0 MAGNOLIA AVE LOS_ANGELES CA,LOS_ANGELES,2009-3-24,2019-05-29
273,2213.0 SPAULDING AVE LOS_ANGELES CA,LOS_ANGELES,2007-12-20,2019-05-29
274,2880.0 14TH ST LOS_ANGELES CA,LOS_ANGELES,2016-5-19,2019-05-29
275,1233.0 FEDORA ST LOS_ANGELES CA,LOS_ANGELES,2008-2-20,2019-05-29
276,3317.0 8TH ST LOS_ANGELES CA,LOS_ANGELES,2019-7-9,2019-05-29
277,132.0 54TH ST LOS_ANGELES CA,LOS_ANGELES,2014-11-5,2019-05-29
278,5746.0 HOLMES AVE LOS_ANGELES CA,LOS_ANGELES,2019-8-15,2019-05-29
279,1314.0 49TH ST LOS_ANGELES CA,LOS_ANGELES,2007-12-20,2019-05-29
280,926.0 47TH ST LOS_ANGELES CA,LOS_ANGELES,2014-2-20,2019-05-29
281,407.0 49TH ST LOS_ANGELES CA,LOS_ANGELES,2017-6-20,2019-05-29
282,237.0 47TH PL LOS_ANGELES CA,LOS_ANGELES,2017-6-20,2019-05-29
283,467.0 41ST ST LOS_ANGELES CA,LOS_ANGELES,2011-6-26,2019-05-29
284,1183.0 35TH ST LOS_ANGELES CA,LOS_ANGELES,2007-4-9,2019-05-29
285,1334.0 41ST PL LOS_ANGELES CA,LOS_ANGELES,2018-1-31,2019-05-29
286,1547.0 43RD ST LOS_ANGELES CA,LOS_ANGELES,2014-4-14,2019-05-29
287,1638.0 27TH ST LOS_ANGELES CA,LOS_ANGELES,2019-11-18,2019-05-29
288,3215.0 MORGAN AVE LOS_ANGELES CA,LOS_ANGELES,2019-7-3,2019-05-29
289,162.0 35TH ST LOS_ANGELES CA,LOS_ANGELES,2007-6-20,2019-05-29
290,543.0 33RD ST LOS_ANGELES CA,LOS_ANGELES,2016-1-9,2019-05-29
291,1317.0 WARREN ST LOS_ANGELES CA,LOS_ANGELES,2007-2-14,2019-05-29
292,3416.0 1ST ST LOS_ANGELES CA,LOS_ANGELES,2019-11-1,2019-05-29
293,2728.0 NEW_JERSEY ST LOS_ANGELES CA,LOS_ANGELES,2019-9-4,2019-05-29
294,2950.0 4TH ST LOS_ANGELES CA,LOS_ANGELES,2018-2-15,2019-05-29
295,672.0 MATHEWS ST LOS_ANGELES CA,LOS_ANGELES,2014-12-16,2019-05-29
296,3233.0 LANFRANCO ST LOS_ANGELES CA,LOS_ANGELES,2015-2-27,2019-05-29
297,1179.0 SPENCE ST LOS_ANGELES CA,LOS_ANGELES,2019-1-15,2019-05-29
298,3506.0 MANITOU AVE LOS_ANGELES CA,LOS_ANGELES,2020-3-25,2019-05-29
299,2112.0 LINCOLN_PARK AVE LOS_ANGELES CA,LOS_ANGELES,2014-1-10,2019-05-29
300,4726.0 KLAMATH PL LOS_ANGELES CA,LOS_ANGELES,2019-10-3,2019-05-29
301,4557.0 VALLEY BLVD LOS_ANGELES CA,LOS_ANGELES,2014-1-21,2019-05-29
302,1213.0 BONNIE_BEACH PL LOS_ANGELES CA,LOS_ANGELES,2016-9-29,2019-05-29
303,1225.0 STRINGER AVE LOS_ANGELES CA,LOS_ANGELES,2020-2-26,2019-05-29
304,1540.0 VERDE_VISTA DR MONTEREY_PARK CA,MONTEREY_PARK,2013-4-2,2019-05-29
305,3914.0 WHITTIER BLVD LOS_ANGELES CA,LOS_ANGELES,2014-6-12,2019-05-29
306,915.0 TOWNSEND AVE LOS_ANGELES CA,LOS_ANGELES,2014-6-12,2019-05-29
307,921.0 TOWNSEND AVE LOS_ANGELES CA,LOS_ANGELES,2014-6-12,2019-05-29
308,1270.0 HERBERT AVE LOS_ANGELES CA,LOS_ANGELES,2012-11-26,2019-05-29
309,1267.0 EASTMAN AVE LOS_ANGELES CA,LOS_ANGELES,2015-3-23,2019-05-29
310,1008.0 FETTERLY AVE LOS_ANGELES CA,LOS_ANGELES,2014-11-25,2019-05-29
311,423.0 CLELA AVE LOS_ANGELES CA,LOS_ANGELES,2018-5-24,2019-05-29
312,392.0 GERHART AVE LOS_ANGELES CA,LOS_ANGELES,2019-9-27,2019-05-29
313,296.0 BLACKSHEAR AVE LOS_ANGELES CA,LOS_ANGELES,2014-2-4,2019-05-29
314,1190.0 RIDGE PL MONTEREY_PARK CA,MONTEREY_PARK,2009-12-24,2019-05-29
315,444.0 MARKLAND DR MONTEREY_PARK CA,MONTEREY_PARK,2009-6-20,2019-05-29
316,2019.0 SATURN ST MONTEREY_PARK CA,MONTEREY_PARK,2020-2-26,2019-05-29
317,1741.0 FIRVALE AVE MONTEBELLO CA,MONTEBELLO,2019-12-12,2019-05-29
318,728.0 MONTECITO DR LOS_ANGELES CA,LOS_ANGELES,2013-8-26,2019-05-29
319,1158.0 MONTECITO DR LOS_ANGELES CA,LOS_ANGELES,2011-2-10,2019-05-29
320,3753.0 ROLLE ST LOS_ANGELES CA,LOS_ANGELES,2013-11-14,2019-05-29
321,3727.0 RANDOLPH AVE LOS_ANGELES CA,LOS_ANGELES,2014-1-24,2019-05-29
322,913.0 CORDOVA ST ALHAMBRA CA,ALHAMBRA,2019-5-8,2019-05-29
323,88.0 MARENGO AVE ALHAMBRA CA,ALHAMBRA,2014-7-7,2019-05-29
324,2928.0 PYRENEES DR ALHAMBRA CA,ALHAMBRA,2018-5-9,2019-05-29
325,3017.0 MIDWICK DR ALHAMBRA CA,ALHAMBRA,2010-10-29,2019-05-29
326,1559.0 PROSPECT AVE SAN_GABRIEL CA,SAN_GABRIEL,2014-6-5,2019-05-29
327,802.0 MICHIGAN BLVD PASADENA CA,PASADENA,2014-5-29,2019-05-29
328,2046.0 CERRO_GORDO ST LOS_ANGELES CA,LOS_ANGELES,2014-3-4,2019-05-29
329,2078.0 KENILWORTH AVE LOS_ANGELES CA,LOS_ANGELES,2006-8-8,2019-05-29
330,3436.0 FIGUEROA ST LOS_ANGELES CA,LOS_ANGELES,2014-4-8,2019-05-29
331,3138.0 VERDUGO RD LOS_ANGELES CA,LOS_ANGELES,2020-5-9,2019-05-29
332,3509.0 MARGUERITE ST LOS_ANGELES CA,LOS_ANGELES,2014-7-18,2019-05-29
333,3020.0 DELEVAN DR LOS_ANGELES CA,LOS_ANGELES,2014-5-21,2019-05-29
334,1046.0 LANARK ST LOS_ANGELES CA,LOS_ANGELES,2016-1-26,2019-05-29
335,6206.0 BURWOOD AVE LOS_ANGELES CA,LOS_ANGELES,2007-8-9,2019-05-29
336,278.0 LA_FOLLETTE DR LOS_ANGELES CA,LOS_ANGELES,2014-5-27,2019-05-29
337,329.0 KIRBY ST LOS_ANGELES CA,LOS_ANGELES,2011-10-5,2019-05-29
338,5825.0 BENNER ST LOS_ANGELES CA,LOS_ANGELES,2011-10-5,2019-05-29
339,3950.0 6TH ST LOS_ANGELES CA,LOS_ANGELES,2017-6-30,2019-05-29
340,424.0 WINDSOR BLVD LOS_ANGELES CA,LOS_ANGELES,2019-7-11,2019-05-29
341,347.0 NORTON AVE LOS_ANGELES CA,LOS_ANGELES,2020-3-18,2019-05-29
342,349.0 CITRUS AVE LOS_ANGELES CA,LOS_ANGELES,2012-1-31,2019-05-29
343,119.0 ST_ANDREWS PL LOS_ANGELES CA,LOS_ANGELES,2016-9-6,2019-05-29
344,218.0 SERRANO AVE LOS_ANGELES CA,LOS_ANGELES,2020-3-9,2019-05-29
345,312.0 BRONSON AVE LOS_ANGELES CA,LOS_ANGELES,2015-6-29,2019-05-29
346,1187.0 ARDMORE AVE LOS_ANGELES CA,LOS_ANGELES,2016-3-3,2019-05-29
347,743.0 ALEXANDRIA AVE LOS_ANGELES CA,LOS_ANGELES,2013-12-5,2019-05-29
348,1117.0 SHERBOURNE DR WEST_HOLLYWOOD CA,WEST_HOLLYWOOD,2007-3-24,2019-05-29
349,1301.0 SUNSET_PLAZA DR LOS_ANGELES CA,LOS_ANGELES,2015-3-6,2019-05-29
350,8650.0 WONDERLAND AVE LOS_ANGELES CA,LOS_ANGELES,2014-4-17,2019-05-29
351,6383.0 BRYN_MAWR DR LOS_ANGELES CA,LOS_ANGELES,2019-5-1,2019-05-29
352,1420.0 EL_MIRADERO AVE GLENDALE CA,GLENDALE,2013-7-30,2019-05-29
353,721.0 OMAR ST GLENDALE CA,GLENDALE,2018-8-6,2019-05-29
354,577.0 DRYDEN ST GLENDALE CA,GLENDALE,2015-7-28,2019-05-29
355,910.0 EVERETT ST GLENDALE CA,GLENDALE,2007-7-16,2019-05-29
356,2027.0 RIMCREST DR GLENDALE CA,GLENDALE,2014-9-15,2019-05-29
357,4291.0 VERDUGO RD LOS_ANGELES CA,LOS_ANGELES,2008-5-21,2019-05-29
358,4449.0 WAWONA ST LOS_ANGELES CA,LOS_ANGELES,2020-5-7,2019-05-29
359,775.0 PASADENA AVE PASADENA CA,PASADENA,2016-3-12,2019-05-29
360,280.0 ROBINCROFT DR PASADENA CA,PASADENA,2014-7-24,2019-05-29
361,1033.0 OAKLAND AVE PASADENA CA,PASADENA,2013-9-25,2019-05-29
362,1767.0 LOCUST ST PASADENA CA,PASADENA,2011-3-8,2019-05-29
363,840.0 MICHIGAN AVE PASADENA CA,PASADENA,2008-9-24,2019-05-29
364,3300.0 BRANDON ST PASADENA CA,PASADENA,2006-7-13,2019-05-29
365,3750.0 MAYFAIR DR PASADENA CA,PASADENA,2013-7-25,2019-05-29
366,675.0 BROOKSIDE LN SIERRA_MADRE CA,SIERRA_MADRE,1984-6-25,2019-05-29
367,65.0 LEMON AVE ARCADIA CA,ARCADIA,2013-11-15,2019-05-29
368,3741.0 EL_SERENO AVE ALTADENA CA,ALTADENA,2011-11-21,2019-05-29
369,3301.0 MARENGO AVE ALTADENA CA,ALTADENA,2007-4-13,2019-05-29
370,1625.0 NAVARRO AVE PASADENA CA,PASADENA,2014-12-17,2019-05-29
371,1635.0 LAKE AVE PASADENA CA,PASADENA,2014-7-14,2019-05-29
372,1828.0 MICHIGAN AVE PASADENA CA,PASADENA,2013-11-13,2019-05-29
373,1883.0 LAYTON ST PASADENA CA,PASADENA,2006-10-30,2019-05-29
374,6214.0 VAN_NESS AVE LOS_ANGELES CA,LOS_ANGELES,2019-6-25,2019-05-29
375,1643.0 60TH ST LOS_ANGELES CA,LOS_ANGELES,2010-11-11,2019-05-29
376,608.0 61ST ST LOS_ANGELES CA,LOS_ANGELES,2017-6-20,2019-05-29
377,432.0 GAGE AVE LOS_ANGELES CA,LOS_ANGELES,2017-12-21,2019-05-29
378,208.0 GAGE AVE LOS_ANGELES CA,LOS_ANGELES,2006-6-10,2019-05-29
379,136.0 59TH PL LOS_ANGELES CA,LOS_ANGELES,2014-9-4,2019-05-29
380,1337.0 71ST ST LOS_ANGELES CA,LOS_ANGELES,2013-8-15,2019-05-29
381,107.0 66TH ST LOS_ANGELES CA,LOS_ANGELES,2012-8-24,2019-05-29
382,1036.0 65TH PL LOS_ANGELES CA,LOS_ANGELES,2020-5-19,2019-05-29
383,2053.0 68TH ST LOS_ANGELES CA,LOS_ANGELES,2015-7-20,2019-05-29
384,1132.0 FLORENCE AVE LOS_ANGELES CA,LOS_ANGELES,2015-12-15,2019-05-29
385,7415.0 WHITSETT AVE LOS_ANGELES CA,LOS_ANGELES,2013-9-18,2019-05-29
386,1667.0 83RD ST LOS_ANGELES CA,LOS_ANGELES,2020-4-13,2019-05-29
387,1160.0 82ND ST LOS_ANGELES CA,LOS_ANGELES,2016-3-8,2019-05-29
388,616.0 80TH ST LOS_ANGELES CA,LOS_ANGELES,2006-8-7,2019-05-29
389,1622.0 79TH ST LOS_ANGELES CA,LOS_ANGELES,2005-7-22,2019-05-29
390,1718.0 84TH ST LOS_ANGELES CA,LOS_ANGELES,2017-6-20,2019-05-29
391,632.0 94TH ST LOS_ANGELES CA,LOS_ANGELES,2019-7-26,2019-05-29
392,8413.0 BROADWAY nan LOS_ANGELES CA,LOS_ANGELES,2017-3-1,2019-05-29
393,8663.0 MAIN ST LOS_ANGELES CA,LOS_ANGELES,2017-6-20,2019-05-29
394,239.0 90TH ST LOS_ANGELES CA,LOS_ANGELES,2017-6-20,2019-05-29
395,624.0 87TH PL LOS_ANGELES CA,LOS_ANGELES,2014-1-27,2019-05-29
396,620.0 87TH PL LOS_ANGELES CA,LOS_ANGELES,2019-6-10,2019-05-29
397,8708.0 ZAMORA AVE LOS_ANGELES CA,LOS_ANGELES,2016-3-29,2019-05-29
398,8773.0 PRINCE AVE LOS_ANGELES CA,LOS_ANGELES,2014-5-19,2019-05-29
399,1518.0 90TH ST LOS_ANGELES CA,LOS_ANGELES,2020-5-13,2019-05-29
400,9218.0 KALMIA ST LOS_ANGELES CA,LOS_ANGELES,2007-6-7,2019-05-29
401,1321.0 90TH ST LOS_ANGELES CA,LOS_ANGELES,2007-4-23,2019-05-29
402,807.0 103RD PL LOS_ANGELES CA,LOS_ANGELES,2019-4-17,2019-05-29
403,449.0 99TH ST LOS_ANGELES CA,LOS_ANGELES,2018-12-17,2019-05-29
404,144.0 101ST ST LOS_ANGELES CA,LOS_ANGELES,2009-12-10,2019-05-29
405,815.0 97TH ST LOS_ANGELES CA,LOS_ANGELES,2016-7-6,2019-05-29
406,1303.0 94TH ST LOS_ANGELES CA,LOS_ANGELES,2019-7-18,2019-05-29
407,325.0 102ND ST LOS_ANGELES CA,LOS_ANGELES,2014-1-29,2019-05-29
408,338.0 106TH ST LOS_ANGELES CA,LOS_ANGELES,2017-6-20,2019-05-29
409,10504.0 LOU_DILLON AVE LOS_ANGELES CA,LOS_ANGELES,2019-12-18,2019-05-29
410,10623.0 JUNIPER ST LOS_ANGELES CA,LOS_ANGELES,2011-12-28,2019-05-29
411,2033.0 IMPERIAL HWY LOS_ANGELES CA,LOS_ANGELES,2017-6-20,2019-05-29
412,2215.0 112TH ST LOS_ANGELES CA,LOS_ANGELES,2017-6-20,2019-05-29
413,2510.0 109TH ST LOS_ANGELES CA,LOS_ANGELES,2008-12-11,2019-05-29
414,1640.0 109TH ST LOS_ANGELES CA,LOS_ANGELES,2020-5-19,2019-05-29
415,1657.0 114TH ST LOS_ANGELES CA,LOS_ANGELES,2018-8-29,2019-05-29
416,854.0 109TH PL LOS_ANGELES CA,LOS_ANGELES,2014-5-1,2019-05-29
417,10957.0 CENTRAL AVE LOS_ANGELES CA,LOS_ANGELES,2016-2-24,2019-05-29
418,840.0 111TH PL LOS_ANGELES CA,LOS_ANGELES,2019-12-1,2019-05-29
419,1236.0 107TH ST LOS_ANGELES CA,LOS_ANGELES,2014-6-16,2019-05-29
420,11734.0 VAN_BUREN AVE LOS_ANGELES CA,LOS_ANGELES,2020-2-24,2019-05-29
421,11918.0 OLIVE_GLEN LN LOS_ANGELES CA,LOS_ANGELES,2020-1-8,2019-05-29
422,349.0 118TH ST LOS_ANGELES CA,LOS_ANGELES,2019-9-13,2019-05-29
423,312.0 118TH PL LOS_ANGELES CA,LOS_ANGELES,2013-9-25,2019-05-29
424,410.0 119TH ST LOS_ANGELES CA,LOS_ANGELES,2013-11-12,2019-05-29
425,731.0 119TH ST LOS_ANGELES CA,LOS_ANGELES,2019-8-27,2019-05-29
426,11905.0 CENTRAL AVE LOS_ANGELES CA,LOS_ANGELES,2007-7-20,2019-05-29
427,12026.0 SAN_PEDRO ST LOS_ANGELES CA,LOS_ANGELES,2014-8-6,2019-05-29
428,1462.0 185TH ST LOS_ANGELES CA,LOS_ANGELES,2015-11-20,2019-05-29
429,751.0 168TH ST LOS_ANGELES CA,LOS_ANGELES,2014-8-29,2019-05-29
430,338.0 130TH ST LOS_ANGELES CA,LOS_ANGELES,2006-11-1,2019-05-29
431,325.0 137TH ST LOS_ANGELES CA,LOS_ANGELES,2019-2-27,2019-05-29
432,13915.0 EADALL AVE LOS_ANGELES CA,LOS_ANGELES,2006-5-22,2019-05-29
433,329.0 121ST ST LOS_ANGELES CA,LOS_ANGELES,2019-11-5,2019-05-29
434,13344.0 TRAUB AVE LOS_ANGELES CA,LOS_ANGELES,2018-1-4,2019-05-29
435,13602.0 AVALON BLVD LOS_ANGELES CA,LOS_ANGELES,2014-2-11,2019-05-29
436,2106.0 SALINAS AVE COMPTON CA,COMPTON,2020-1-10,2019-05-29
437,14423.0 KEENE AVE COMPTON CA,COMPTON,2018-5-5,2019-05-29
438,15326.0 AVALON BLVD COMPTON CA,COMPTON,2010-4-27,2019-05-29
439,1909.0 138TH ST COMPTON CA,COMPTON,2014-2-26,2019-05-29
440,817.0 131ST ST COMPTON CA,COMPTON,2020-2-7,2019-05-29
441,1005.0 132ND ST COMPTON CA,COMPTON,2013-4-23,2019-05-29
442,929.0 132ND ST COMPTON CA,COMPTON,2013-10-10,2019-05-29
443,1029.0 STOCKWELL ST COMPTON CA,COMPTON,2012-10-3,2019-05-29
444,1333.0 EL_SEGUNDO BLVD COMPTON CA,COMPTON,2016-11-4,2019-05-29
445,840.0 127TH PL COMPTON CA,COMPTON,2019-4-13,2019-05-29
446,11800.0 CENTRAL AVE LOS_ANGELES CA,LOS_ANGELES,2004-6-22,2019-05-29
447,12227.0 COMPTON AVE LOS_ANGELES CA,LOS_ANGELES,2014-10-29,2019-05-29
448,1903.0 120TH ST LOS_ANGELES CA,LOS_ANGELES,2019-11-6,2019-05-29
449,2514.0 WILMINGTON AVE COMPTON CA,COMPTON,2013-6-4,2019-05-29
450,2106.0 SHAUER ST COMPTON CA,COMPTON,2014-4-15,2019-05-29
451,614.0 TAJAUTA AVE COMPTON CA,COMPTON,2020-5-21,2019-05-29
452,610.0 CALDWELL ST COMPTON CA,COMPTON,2012-12-19,2019-05-29
453,512.0 ALONDRA BLVD COMPTON CA,COMPTON,2008-4-30,2019-05-29
454,850.0 GREENLEAF BLVD COMPTON CA,COMPTON,2014-3-26,2019-05-29
455,11831.0 LONG_BEACH BLVD LYNWOOD CA,LYNWOOD,2013-9-30,2019-05-29
456,3130.0 OAKWOOD AVE LYNWOOD CA,LYNWOOD,2016-1-22,2019-05-29
457,11607.0 MONROVIA AVE LYNWOOD CA,LYNWOOD,2015-4-13,2019-05-29
458,3262.0 LYNWOOD RD LYNWOOD CA,LYNWOOD,2018-2-12,2019-05-29
459,3303.0 PLATT AVE LYNWOOD CA,LYNWOOD,2015-5-7,2019-05-29
460,12015.0 THORSON AVE LYNWOOD CA,LYNWOOD,2011-11-14,2019-05-29
461,3695.0 AGNES AVE LYNWOOD CA,LYNWOOD,2018-7-13,2019-05-29
462,1923.0 ALHAMBRA AVE COMPTON CA,COMPTON,2008-5-13,2019-05-29
463,1923.0 ALHAMBRA AVE COMPTON CA,COMPTON,2008-5-13,2019-05-29
464,3220.0 CARLIN AVE LYNWOOD CA,LYNWOOD,2019-5-13,2019-05-29
465,3561.0 ORCHARD AVE LYNWOOD CA,LYNWOOD,2018-11-11,2019-05-29
466,2216.0 BULLIS RD COMPTON CA,COMPTON,2008-4-29,2019-05-29
467,800.0 PALMER ST COMPTON CA,COMPTON,2019-9-9,2019-05-29
468,215.0 MAYO AVE COMPTON CA,COMPTON,2013-12-5,2019-05-29
469,802.0 MAYO AVE COMPTON CA,COMPTON,2009-12-3,2019-05-29
470,618.0 POINSETTIA AVE COMPTON CA,COMPTON,2019-6-24,2019-05-29
471,320.0 THORSON AVE COMPTON CA,COMPTON,2013-5-24,2019-05-29
472,15326.0 WHITE AVE COMPTON CA,COMPTON,2014-4-18,2019-05-29
473,615.0 HARRIS AVE COMPTON CA,COMPTON,2013-10-31,2019-05-29
474,303.0 HOLLY AVE COMPTON CA,COMPTON,2014-10-28,2019-05-29
475,4334.0 AGNES AVE LYNWOOD CA,LYNWOOD,2019-10-9,2019-05-29
476,12145.0 WILSON AVE LYNWOOD CA,LYNWOOD,2006-7-12,2019-05-29
477,10808.0 CALIFORNIA AVE LYNWOOD CA,LYNWOOD,2007-7-25,2019-05-29
478,2414.0 WALNUT ST HUNTINGTON_PARK CA,HUNTINGTON_PARK,2017-8-25,2019-05-29
479,2807.0 CUDAHY ST HUNTINGTON_PARK CA,HUNTINGTON_PARK,2014-10-10,2019-05-29
480,2651.0 INDEPENDENCE AVE WALNUT_PARK CA,WALNUT_PARK,2014-6-30,2019-05-29
481,8201.0 SANTA_FE AVE HUNTINGTON_PARK CA,HUNTINGTON_PARK,2018-1-1,2019-05-29
482,8240.0 MARBRISA AVE HUNTINGTON_PARK CA,HUNTINGTON_PARK,2018-1-1,2019-05-29
483,8201.0 SANTA_FE AVE HUNTINGTON_PARK CA,HUNTINGTON_PARK,2018-1-1,2019-05-29
484,2539.0 OHIO AVE SOUTH_GATE CA,SOUTH_GATE,2015-5-5,2019-05-29
485,7604.0 CALIFORNIA AVE HUNTINGTON_PARK CA,HUNTINGTON_PARK,2017-9-20,2019-05-29
486,7711.0 SALT_LAKE AVE HUNTINGTON_PARK CA,HUNTINGTON_PARK,2015-2-20,2019-05-29
487,9333.0 BRYSON AVE SOUTH_GATE CA,SOUTH_GATE,2018-5-2,2019-05-29
488,10301.0 WALNUT AVE SOUTH_GATE CA,SOUTH_GATE,2019-6-25,2019-05-29
489,5213.0 BATAVIA RD SOUTH_GATE CA,SOUTH_GATE,2014-4-18,2019-05-29
490,5154.0 MCCALLUM AVE SOUTH_GATE CA,SOUTH_GATE,2017-7-25,2019-05-29
491,10032.0 CALIFORNIA AVE SOUTH_GATE CA,SOUTH_GATE,2018-5-3,2019-05-29
492,7301.0 IRWINGROVE DR DOWNEY CA,DOWNEY,2014-3-27,2019-05-29
493,7245.0 LUXOR ST DOWNEY CA,DOWNEY,2006-3-31,2019-05-29
494,11317.0 PENNSYLVANIA AVE SOUTH_GATE CA,SOUTH_GATE,2013-8-21,2019-05-29
495,11605.0 GARFIELD AVE SOUTH_GATE CA,SOUTH_GATE,2017-2-13,2019-05-29
496,6157.0 WILSON AVE SOUTH_GATE CA,SOUTH_GATE,2017-6-16,2019-05-29
497,11464.0 PRUESS AVE DOWNEY CA,DOWNEY,2014-10-14,2019-05-29
498,11528.0 JULIUS AVE DOWNEY CA,DOWNEY,2012-7-24,2019-05-29
499,7646.0 3RD ST DOWNEY CA,DOWNEY,2015-2-2,2019-05-29
500,8420.0 7TH ST DOWNEY CA,DOWNEY,2015-6-29,2019-05-29
501,11814.0 TRISTAN DR DOWNEY CA,DOWNEY,2015-7-5,2019-05-29
502,12518.0 BELLDER DR DOWNEY CA,DOWNEY,2007-6-5,2019-05-29
503,8209.0 OLANDA ST PARAMOUNT CA,PARAMOUNT,2019-10-31,2019-05-29
504,15415.0 STEVENS AVE BELLFLOWER CA,BELLFLOWER,2010-7-8,2019-05-29
505,14718.0 FLEMING AVE BELLFLOWER CA,BELLFLOWER,2015-9-24,2019-05-29
506,9545.0 MANDALE ST BELLFLOWER CA,BELLFLOWER,2010-6-12,2019-05-29
507,13709.0 FAUST AVE BELLFLOWER CA,BELLFLOWER,2007-1-26,2019-05-29
508,9438.0 HOBACK ST BELLFLOWER CA,BELLFLOWER,2014-4-29,2019-05-29
509,10410.0 HALEDON AVE DOWNEY CA,DOWNEY,2010-2-17,2019-05-29
510,10562.0 HALEDON AVE DOWNEY CA,DOWNEY,2014-2-10,2019-05-29
511,6204.0 CASITAS AVE BELL CA,BELL,2007-3-21,2019-05-29
512,6349.0 BISSELL ST HUNTINGTON_PARK CA,HUNTINGTON_PARK,2007-8-1,2019-05-29
513,3927.0 BELL AVE BELL CA,BELL,2018-11-5,2019-05-29
514,4916.0 BROMPTON AVE BELL CA,BELL,2009-2-2,2019-05-29
515,1538.0 CONCOURSE AVE COMMERCE CA,COMMERCE,2006-9-29,2019-05-29
516,5840.0 FERGUSON DR COMMERCE CA,COMMERCE,2013-10-1,2019-05-29
517,6154.0 WHITTIER BLVD LOS_ANGELES CA,LOS_ANGELES,2014-6-24,2019-05-29
518,5223.0 REPETTO AVE LOS_ANGELES CA,LOS_ANGELES,2014-8-6,2019-05-29
519,718.0 SADLER AVE LOS_ANGELES CA,LOS_ANGELES,2014-5-8,2019-05-29
520,2422.0 WHITTIER BLVD MONTEBELLO CA,MONTEBELLO,2007-4-17,2019-05-29
521,708.0 TAYLOR AVE MONTEBELLO CA,MONTEBELLO,2015-12-14,2019-05-29
522,9814.0 STAMPS AVE DOWNEY CA,DOWNEY,2014-10-24,2019-05-29
523,6532.0 BOLLENBACHER DR PICO_RIVERA CA,PICO_RIVERA,2020-2-3,2019-05-29
524,9217.0 MYRON ST PICO_RIVERA CA,PICO_RIVERA,2014-7-21,2019-05-29
525,8408.0 EGLISE AVE PICO_RIVERA CA,PICO_RIVERA,2014-11-10,2019-05-29
526,11219.0 LUCAS ST CERRITOS CA,CERRITOS,2007-10-31,2019-05-29
527,18733.0 HOLMES AVE CERRITOS CA,CERRITOS,2013-8-28,2019-05-29
528,12044.0 ARTESIA BLVD ARTESIA CA,ARTESIA,2016-12-12,2019-05-29
529,12109.0 DROXFORD ST ARTESIA CA,ARTESIA,2012-6-22,2019-05-29
530,6945.0 FAIRMAN ST LAKEWOOD CA,LAKEWOOD,2008-10-30,2019-05-29
531,12436.0 224TH ST HAWAIIAN_GARDENS CA,HAWAIIAN_GARDENS,2013-12-10,2019-05-29
532,1225.0 68TH ST LONG_BEACH CA,LONG_BEACH,2019-9-10,2019-05-29
533,3341.0 59TH ST LONG_BEACH CA,LONG_BEACH,2010-2-10,2019-05-29
534,6040.0 OLIVE AVE LONG_BEACH CA,LONG_BEACH,2014-7-17,2019-05-29
535,5821.0 CALIFORNIA AVE LONG_BEACH CA,LONG_BEACH,2019-10-25,2019-05-29
536,5775.0 CEDAR AVE LONG_BEACH CA,LONG_BEACH,2013-11-6,2019-05-29
537,237.0 56TH ST LONG_BEACH CA,LONG_BEACH,2014-8-19,2019-05-29
538,56.0 LOUISE ST LONG_BEACH CA,LONG_BEACH,2014-1-25,2019-05-29
539,465.0 51ST ST LONG_BEACH CA,LONG_BEACH,2013-11-26,2019-05-29
540,3931.0 LINDEN AVE LONG_BEACH CA,LONG_BEACH,2019-11-14,2019-05-29
541,3309.0 LEMON AVE SIGNAL_HILL CA,SIGNAL_HILL,2017-2-2,2019-05-29
542,2102.0 LARK_BAY LN LAKEWOOD CA,LAKEWOOD,2017-11-30,2019-05-29
543,6139.0 BRIERCREST AVE LAKEWOOD CA,LAKEWOOD,2014-8-6,2019-05-29
544,5239.0 MONTAIR AVE LAKEWOOD CA,LAKEWOOD,2017-3-10,2019-05-29
545,5422.0 WALKERTON ST LONG_BEACH CA,LONG_BEACH,2019-10-2,2019-05-29
546,5227.0 MEZZANINE WAY LONG_BEACH CA,LONG_BEACH,2007-10-29,2019-05-29
547,2471.0 SAN_FRANCISCO AVE LONG_BEACH CA,LONG_BEACH,2007-7-26,2019-05-29
548,2460.0 MAINE AVE LONG_BEACH CA,LONG_BEACH,2019-11-13,2019-05-29
549,2163.0 OREGON AVE LONG_BEACH CA,LONG_BEACH,2019-12-21,2019-05-29
550,2081.0 LEMON AVE LONG_BEACH CA,LONG_BEACH,2014-1-11,2019-05-29
551,2016.0 LEMON AVE LONG_BEACH CA,LONG_BEACH,2019-8-5,2019-05-29
552,2342.0 HEATHER AVE LONG_BEACH CA,LONG_BEACH,2020-3-11,2019-05-29
553,2866.0 KNOXVILLE AVE LONG_BEACH CA,LONG_BEACH,2014-10-14,2019-05-29
554,5585.0 LONNA_LINDA DR LONG_BEACH CA,LONG_BEACH,2013-12-27,2019-05-29
555,46.0 66TH PL LONG_BEACH CA,LONG_BEACH,2013-8-22,2019-05-29
556,831.0 ROSWELL AVE LONG_BEACH CA,LONG_BEACH,2013-1-24,2019-05-29
557,235.0 BELMONT AVE LONG_BEACH CA,LONG_BEACH,2012-2-21,2019-05-29
558,233.0 BELMONT AVE LONG_BEACH CA,LONG_BEACH,2008-5-15,2019-05-29
559,4229.0 MASSACHUSETTS ST LONG_BEACH CA,LONG_BEACH,2020-3-12,2019-05-29
560,280.0 TEMPLE AVE LONG_BEACH CA,LONG_BEACH,2012-11-15,2019-05-29
561,2111.0 11TH ST LONG_BEACH CA,LONG_BEACH,2008-3-7,2019-05-29
562,1049.0 MINERVA_PARK nan LONG_BEACH CA,LONG_BEACH,2019-7-19,2019-05-29
563,918.0 MAINE AVE LONG_BEACH CA,LONG_BEACH,2014-6-24,2019-05-29
564,746.0 MAINE AVE LONG_BEACH CA,LONG_BEACH,2014-9-5,2019-05-29
565,615.0 PACIFIC AVE LONG_BEACH CA,LONG_BEACH,2020-3-11,2019-05-29
566,625.0 11TH ST LONG_BEACH CA,LONG_BEACH,2019-9-12,2019-05-29
567,1034.0 10TH ST LONG_BEACH CA,LONG_BEACH,2014-6-20,2019-05-29
568,335.0 CEDAR AVE LONG_BEACH CA,LONG_BEACH,2019-7-16,2019-05-29
569,323.0 ARTESIA LN LONG_BEACH CA,LONG_BEACH,2014-6-4,2019-05-29
570,2527.0 JACKSON ST CARSON CA,CARSON,2007-3-28,2019-05-29
571,2661.0 ADAMS ST CARSON CA,CARSON,2011-7-27,2019-05-29
572,2861.0 DELTA AVE LONG_BEACH CA,LONG_BEACH,2004-9-8,2019-05-29
573,2754.0 SANTA_FE AVE LONG_BEACH CA,LONG_BEACH,2012-4-3,2019-05-29
574,1618.0 GLADWICK ST CARSON CA,CARSON,2010-6-9,2019-05-29
575,1722.0 220TH ST CARSON CA,CARSON,2019-12-4,2019-05-29
576,327.0 229TH ST CARSON CA,CARSON,2007-2-6,2019-05-29
577,575.0 238TH PL CARSON CA,CARSON,2020-2-11,2019-05-29
578,345.0 220TH ST CARSON CA,CARSON,2018-1-19,2019-05-29
579,349.0 220TH ST CARSON CA,CARSON,2018-1-23,2019-05-29
580,435.0 181ST ST CARSON CA,CARSON,2008-8-28,2019-05-29
581,22443.0 MEYLER ST TORRANCE CA,TORRANCE,2019-8-28,2019-05-29
582,21340.0 VERMONT AVE TORRANCE CA,TORRANCE,2007-2-14,2019-05-29
583,1106.0 216TH ST TORRANCE CA,TORRANCE,2013-7-26,2019-05-29
584,1537.0 222ND ST LOS_ANGELES CA,LOS_ANGELES,2013-4-12,2019-05-29
585,1600.0 207TH ST LOS_ANGELES CA,LOS_ANGELES,2013-8-30,2019-05-29
586,819.0 PORTOLA AVE TORRANCE CA,TORRANCE,2008-7-17,2019-05-29
587,1742.0 FERN AVE TORRANCE CA,TORRANCE,2013-11-17,2019-05-29
588,25101.0 NARBONNE AVE LOMITA CA,LOMITA,2015-6-3,2019-05-29
589,20213.0 EDDINGTON DR CARSON CA,CARSON,2014-8-6,2019-05-29
590,942.0 KOLEETA DR HARBOR_CITY CA,HARBOR_CITY,2007-7-19,2019-05-29
591,842.0 LAGOON AVE LOS_ANGELES CA,LOS_ANGELES,2017-5-12,2019-05-29
592,423.0 E ST LOS_ANGELES CA,LOS_ANGELES,2009-9-23,2019-05-29
593,1060.0 LAGOON AVE LOS_ANGELES CA,LOS_ANGELES,2018-7-25,2019-05-29
594,1660.0 NEPTUNE AVE LOS_ANGELES CA,LOS_ANGELES,2014-4-4,2019-05-29
595,1206.0 COLON ST LOS_ANGELES CA,LOS_ANGELES,2019-12-18,2019-05-29
596,2032.0 GALE AVE LONG_BEACH CA,LONG_BEACH,2014-3-13,2019-05-29
597,336.0 1ST ST LOS_ANGELES CA,LOS_ANGELES,2019-6-27,2019-05-29
598,605.0 PROSPECT AVE REDONDO_BEACH CA,REDONDO_BEACH,2017-5-6,2019-05-29
599,2722.0 CLARELLEN ST TORRANCE CA,TORRANCE,2019-5-20,2019-05-29
600,14.0 PONY LN ROLLING_HILLS CA,ROLLING_HILLS,2020-3-9,2019-05-29
601,29403.0 INDIAN_VALLEY RD RANCHO_PALOS_VERDES CA,RANCHO_PALOS_VERDES,2013-11-15,2019-05-29
602,10534.0 HAZEL LN SANTA_FE_SPRINGS CA,SANTA_FE_SPRINGS,2012-9-27,2019-05-29
603,10838.0 FLALLON AVE SANTA_FE_SPRINGS CA,SANTA_FE_SPRINGS,2013-8-30,2019-05-29
604,12229.0 BEATY AVE NORWALK CA,NORWALK,2013-9-27,2019-05-29
605,11416.0 LAUREL AVE WHITTIER CA,WHITTIER,2014-4-17,2019-05-29
606,11609.0 SUNNYBROOK LN WHITTIER CA,WHITTIER,2017-1-25,2019-05-29
607,12203.0 TANFIELD DR WHITTIER CA,WHITTIER,2019-4-16,2019-05-29
608,11571.0 ANGELL ST NORWALK CA,NORWALK,2014-9-10,2019-05-29
609,13618.0 LEIBACHER AVE NORWALK CA,NORWALK,2014-12-10,2019-05-29
610,13909.0 SUMMER AVE NORWALK CA,NORWALK,2018-3-27,2019-05-29
611,14638.0 LORCA RD LA_MIRADA CA,LA_MIRADA,2014-4-8,2019-05-29
612,14439.0 PAINTER AVE NORWALK CA,NORWALK,2013-10-29,2019-05-29
613,14503.0 HELWIG AVE NORWALK CA,NORWALK,2013-8-19,2019-05-29
614,14339.0 MADRIS AVE NORWALK CA,NORWALK,2014-6-3,2019-05-29
615,14414.0 HALCOURT AVE NORWALK CA,NORWALK,2013-8-12,2019-05-29
616,2712.0 MARYBETH AVE SOUTH_EL_MONTE CA,SOUTH_EL_MONTE,2012-4-23,2019-05-29
617,12203.0 SCHMIDT RD EL_MONTE CA,EL_MONTE,2017-12-21,2019-05-29
618,353.0 BASETDALE AVE LA_PUENTE CA,LA_PUENTE,2016-10-3,2019-05-29
619,485.0 RALL AVE LA_PUENTE CA,LA_PUENTE,2007-11-28,2019-05-29
620,148.0 BASETDALE AVE LA_PUENTE CA,LA_PUENTE,2017-2-7,2019-05-29
621,236.0 COLLWOOD AVE LA_PUENTE CA,LA_PUENTE,2019-4-30,2019-05-29
622,1539.0 LIDCOMBE AVE SOUTH_EL_MONTE CA,SOUTH_EL_MONTE,2013-5-3,2019-05-29
623,4234.0 DELAND AVE PICO_RIVERA CA,PICO_RIVERA,2014-3-4,2019-05-29
624,8316.0 MADISON AVE WHITTIER CA,WHITTIER,2019-9-5,2019-05-29
625,8623.0 PAINTER AVE WHITTIER CA,WHITTIER,2018-1-30,2019-05-29
626,13275.0 HELMER DR WHITTIER CA,WHITTIER,2007-1-11,2019-05-29
627,8816.0 SHOEMAKER AVE WHITTIER CA,WHITTIER,2020-5-22,2019-05-29
628,9504.0 BLUFORD AVE WHITTIER CA,WHITTIER,2013-3-6,2019-05-29
629,14447.0 GALE AVE HACIENDA_HEIGHTS CA,HACIENDA_HEIGHTS,2019-7-12,2019-05-29
630,14425.0 GALE AVE HACIENDA_HEIGHTS CA,HACIENDA_HEIGHTS,2017-11-5,2019-05-29
631,14922.0 LAS_TUNAS DR LA_PUENTE CA,LA_PUENTE,2013-10-3,2019-05-29
632,15236.0 CARRETERA DR WHITTIER CA,WHITTIER,2013-10-10,2019-05-29
633,10461.0 NASHVILLE AVE WHITTIER CA,WHITTIER,2017-4-18,2019-05-29
634,16736.0 JANINE DR WHITTIER CA,WHITTIER,2014-8-29,2019-05-29
635,15825.0 SINGING_WOODS RD LA_PUENTE CA,LA_PUENTE,2014-10-23,2019-05-29
636,16231.0 ABBEY ST LA_PUENTE CA,LA_PUENTE,2008-10-3,2019-05-29
637,16804.0 MACLAREN ST LA_PUENTE CA,LA_PUENTE,2013-7-25,2019-05-29
638,18232.0 SENTENO ST LA_PUENTE CA,LA_PUENTE,2019-5-23,2019-05-29
639,2275.0 ALEXDALE LN ROWLAND_HEIGHTS CA,ROWLAND_HEIGHTS,2014-9-4,2019-05-29
640,8527.0 PORTAFINO PL WHITTIER CA,WHITTIER,2019-10-8,2019-05-29
641,672.0 AURORA DR CLAREMONT CA,CLAREMONT,2013-7-16,2019-05-29
642,2413.0 LOGAN ST POMONA CA,POMONA,2012-12-28,2019-05-29
643,944.0 ASHFIELD AVE POMONA CA,POMONA,2012-12-28,2019-05-29
644,1672.0 FLANAGAN ST POMONA CA,POMONA,2020-4-21,2019-05-29
645,2366.0 CHANSLOR ST POMONA CA,POMONA,2009-8-8,2019-05-29
646,168.0 KINGSLEY AVE POMONA CA,POMONA,2014-2-25,2019-05-29
647,329.0 PALOMA DR POMONA CA,POMONA,2014-5-19,2019-05-29
648,1661.0 BUCHANAN DR POMONA CA,POMONA,2013-10-11,2019-05-29
649,131.0 REBECCA ST POMONA CA,POMONA,2006-3-3,2019-05-29
650,506.0 2ND ST POMONA CA,POMONA,2012-12-26,2019-05-29
651,729.0 COMMERCIAL ST POMONA CA,POMONA,2020-5-20,2019-05-29
652,2204.0 ACADEMY AVE POMONA CA,POMONA,2007-3-22,2019-05-29
653,2269.0 FARRINGDON AVE POMONA CA,POMONA,2020-4-24,2019-05-29
654,2245.0 LAUREL AVE POMONA CA,POMONA,2012-12-28,2019-05-29
655,777.0 LAUREL AVE POMONA CA,POMONA,2006-6-17,2019-05-29
656,1042.0 LEWIS ST POMONA CA,POMONA,2010-11-4,2019-05-29
657,1705.0 BERKELEY AVE POMONA CA,POMONA,2019-9-20,2019-05-29
658,2212.0 LAS_VEGAS AVE POMONA CA,POMONA,2008-4-22,2019-05-29
659,263.0 LA_VERNE AVE POMONA CA,POMONA,2013-4-11,2019-05-29
660,2015.0 WALNUT ST LA_VERNE CA,LA_VERNE,2012-9-6,2019-05-29
661,1582.0 1ST ST LA_VERNE CA,LA_VERNE,2012-10-17,2019-05-29
662,339.0 KENNEDY RD SAN_DIMAS CA,SAN_DIMAS,2014-10-14,2019-05-29
663,1252.0 CHAUCER CT SAN_DIMAS CA,SAN_DIMAS,2013-12-20,2019-05-29
664,401.0 DARWOOD AVE SAN_DIMAS CA,SAN_DIMAS,2014-8-14,2019-05-29
665,342.0 NUBIA ST SAN_DIMAS CA,SAN_DIMAS,2018-1-3,2019-05-29
666,5062.0 GREER AVE COVINA CA,COVINA,2012-9-11,2019-05-29
667,1221.0 ALDENVILLE AVE COVINA CA,COVINA,2016-2-5,2019-05-29
668,569.0 CALVADOS AVE COVINA CA,COVINA,2019-5-1,2019-05-29
669,125.0 PUENTE ST COVINA CA,COVINA,2015-3-30,2019-05-29
670,3641.0 DE_LAY AVE COVINA CA,COVINA,2006-1-21,2019-05-29
671,3337.0 RANCHO_SANTORO DR COVINA CA,COVINA,2014-3-24,2019-05-29
672,230.0 WILLOW AVE WEST_COVINA CA,WEST_COVINA,2013-8-2,2019-05-29
673,2247.0 ALWOOD ST WEST_COVINA CA,WEST_COVINA,2014-9-11,2019-05-29
674,926.0 CRUMLEY ST WEST_COVINA CA,WEST_COVINA,2011-1-31,2019-05-29
675,1211.0 SERVICE AVE WEST_COVINA CA,WEST_COVINA,2010-1-13,2019-05-29
676,804.0 RIDGESIDE DR MONROVIA CA,MONROVIA,2019-6-15,2019-05-29
677,151.0 ALTERN ST MONROVIA CA,MONROVIA,2016-9-30,2019-05-29
678,5046.0 STEWART AVE BALDWIN_PARK CA,BALDWIN_PARK,2014-7-7,2019-05-29
679,11777.0 MULHALL ST EL_MONTE CA,EL_MONTE,2019-9-27,2019-05-29
680,11728.0 LAMBERT AVE EL_MONTE CA,EL_MONTE,2019-10-8,2019-05-29
681,12717.0 FINCHLEY ST BALDWIN_PARK CA,BALDWIN_PARK,2014-4-2,2019-05-29
682,13220.0 EMERY AVE BALDWIN_PARK CA,BALDWIN_PARK,2006-8-31,2019-05-29
683,13123.0 WACO ST BALDWIN_PARK CA,BALDWIN_PARK,2009-7-23,2019-05-29
684,13424.0 FRANCISQUITO AVE BALDWIN_PARK CA,BALDWIN_PARK,2013-9-4,2019-05-29
685,10727.0 AMADOR ST EL_MONTE CA,EL_MONTE,2019-10-25,2019-05-29
686,9971.0 BOGUE ST TEMPLE_CITY CA,TEMPLE_CITY,2012-6-15,2019-05-29
687,3703.0 BROOKLINE AVE ROSEMEAD CA,ROSEMEAD,2011-1-24,2019-05-29
688,2530.0 MILLBRAE AVE DUARTE CA,DUARTE,2019-2-10,2019-05-29
689,625.0 PASADENA AVE AZUSA CA,AZUSA,2013-12-27,2019-05-29
690,328.0 AZUSA AVE AZUSA CA,AZUSA,2014-2-18,2019-05-29
691,143.0 SAN_GABRIEL AVE AZUSA CA,AZUSA,2016-2-22,2019-05-29
692,171.0 DALTON AVE AZUSA CA,AZUSA,2020-4-7,2019-05-29
693,5263.0 4TH ST IRWINDALE CA,IRWINDALE,2009-5-7,2019-05-29
694,5263.0 4TH ST IRWINDALE CA,IRWINDALE,2009-5-7,2019-05-29
695,17715.0 NEWBURGH ST AZUSA CA,AZUSA,2019-12-14,2019-05-29
696,6115.0 TRAYMORE AVE AZUSA CA,AZUSA,2019-5-16,2019-05-29
697,1041.0 GLADSTONE ST AZUSA CA,AZUSA,2019-7-23,2019-05-29
698,521.0 RICHARDSON LN GLENDORA CA,GLENDORA,2017-3-28,2019-05-29
699,1315.0 BRUNING AVE GLENDORA CA,GLENDORA,2019-9-26,2019-05-29
700,746.0 ESSEX ST GLENDORA CA,GLENDORA,2016-6-24,2019-05-29
701,540.0 PASADENA AVE GLENDORA CA,GLENDORA,2012-6-13,2019-05-29
702,119.0 ASHVALE DR SAN_DIMAS CA,SAN_DIMAS,2009-11-3,2019-05-29
703,1251.0 OAK_RIDGE DR LA_VERNE CA,LA_VERNE,2014-8-21,2019-05-29
704,2161.0 BOGIE DR LA_VERNE CA,LA_VERNE,2006-10-25,2019-05-29
705,20.0 RISING_HILL RD POMONA CA,POMONA,2014-9-2,2019-05-29
706,1125.0 VERONA PL POMONA CA,POMONA,2013-10-15,2019-05-29
707,2575.0 BARJUD AVE POMONA CA,POMONA,2018-1-3,2019-05-29
708,452.0 JANSU PL POMONA CA,POMONA,2020-5-7,2019-05-29
709,21816.0 PINTO WAY WALNUT CA,WALNUT,2018-5-30,2019-05-29
710,20320.0 SHADOW_MOUNTAIN RD WALNUT CA,WALNUT,2017-1-6,2019-05-29
711,18609.0 ALTARIO ST LA_PUENTE CA,LA_PUENTE,2014-5-21,2019-05-29
712,1102.0 ELSBERRY AVE VALINDA CA,VALINDA,2020-3-30,2019-05-29
713,1352.0 PEPPERTREE CIR WEST_COVINA CA,WEST_COVINA,2008-6-4,2019-05-29
