,address,County,City,Sold_date,Listed_date
0,981.0 MAIN ST VENTURA CA,VEN,VENTURA,2019-5-10,2020-01-20
1,1335.0 SAY RD SANTA_PAULA CA,VEN,SANTA_PAULA,2016-9-19,2020-01-20
2,1340.0 EDGEWOOD WAY OXNARD CA,VEN,OXNARD,2017-5-3,2020-01-20
3,18.0 WOOD RD CAMARILLO CA,VEN,CAMARILLO,2016-5-11,2020-01-20
4,2041.0 POTTER AVE SIMI_VALLEY CA,VEN,SIMI_VALLEY,2017-5-23,2020-01-20
5,210.0 A ST OXNARD CA,VEN,OXNARD,2015-6-29,2020-01-20
6,3420.0 OCEAN DR OXNARD CA,VEN,OXNARD,2018-3-13,2020-01-20
7,8765.0 WATERS RD MOORPARK CA,VEN,MOORPARK,2017-1-7,2020-01-20
8,1218.0 BURTONWOOD AVE THOUSAND_OAKS CA,VEN,THOUSAND_OAKS,2012-4-23,2020-01-20
9,11175.0 ASTER ST VENTURA CA,VEN,VENTURA,2016-8-23,2020-01-20
10,11175.0 ASTER ST VENTURA CA,VEN,VENTURA,2016-8-23,2020-01-20
11,13935.0 SOUTHFORK RD MOORPARK CA,VEN,MOORPARK,2016-4-21,2020-01-20
12,16108.0 VILLAGE_16 nan CAMARILLO CA,VEN,CAMARILLO,2007-2-22,2020-01-20
13,365.0 COMSTOCK DR VENTURA CA,VEN,VENTURA,2011-10-14,2020-01-20
14,224.0 GUAVA ST OXNARD CA,VEN,OXNARD,2013-4-17,2020-01-20
15,1700.0 EMERSON AVE OXNARD CA,VEN,OXNARD,2017-3-24,2020-01-20
16,8169.0 ONYX ST VENTURA CA,VEN,VENTURA,2011-8-29,2020-01-20
17,2958.0 STURGIS RD OXNARD CA,VEN,OXNARD,2012-2-3,2020-01-20
18,3073.0 CICERO CT SIMI_VALLEY CA,VEN,SIMI_VALLEY,2017-11-2,2020-01-20
19,893.0 PATRIOT DR MOORPARK CA,VEN,MOORPARK,2019-11-21,2020-01-20
20,312.0 MC_NAB CT FILLMORE CA,VEN,FILLMORE,2015-7-27,2020-01-20
21,180.0 BURNHAM RD VENTURA CA,VEN,VENTURA,2019-9-12,2020-01-20
22,6949.0 BREEZY_GLEN DR MOORPARK CA,VEN,MOORPARK,2012-5-29,2020-01-20
23,2010.0 TERRACE DR VENTURA CA,VEN,VENTURA,2005-2-14,2020-01-20
24,158.0 MIDBURY_HILL RD THOUSAND_OAKS CA,VEN,THOUSAND_OAKS,2015-7-7,2020-01-20
25,10465.0 STOCKTON RD FILLMORE CA,VEN,FILLMORE,2018-9-4,2020-01-20
26,4890.0 MIRA_SOL DR MOORPARK CA,VEN,MOORPARK,2006-11-9,2020-01-20
27,1226.0 FREMONTIA ST SANTA_PAULA CA,VEN,SANTA_PAULA,2013-4-23,2020-01-20
28,165.0 DEVIA DR THOUSAND_OAKS CA,VEN,THOUSAND_OAKS,2017-6-24,2020-01-20
29,3992.0 PARRON ST CAMARILLO CA,VEN,CAMARILLO,2012-2-6,2020-01-20
30,3128.0 G ST OXNARD CA,VEN,OXNARD,2013-6-6,2020-01-20
31,545.0 TEMESCAL ST PIRU CA,VEN,PIRU,2019-8-12,2020-01-20
32,900.0 OLIVE ST OXNARD CA,VEN,OXNARD,2018-7-30,2020-01-20
33,6268.0 MONTALVO DR VENTURA CA,VEN,VENTURA,2010-8-30,2020-01-20
34,1105.0 META ST VENTURA CA,VEN,VENTURA,2018-5-16,2020-01-20
35,312.0 WHITNEY AVE MOORPARK CA,VEN,MOORPARK,2008-3-18,2020-01-20
36,1955.0 JUNTO LN OXNARD CA,VEN,OXNARD,2015-6-29,2020-01-20
37,12945.0 CAMDEN CT MOORPARK CA,VEN,MOORPARK,2006-11-4,2020-01-20
38,704.0 HARVARD BLVD SANTA_PAULA CA,VEN,SANTA_PAULA,2016-6-27,2020-01-20
39,11064.0 ASTER ST VENTURA CA,VEN,VENTURA,2008-2-8,2020-01-20
40,2726.0 BORCHARD RD THOUSAND_OAKS CA,VEN,THOUSAND_OAKS,2009-6-13,2020-01-20
41,973.0 SEVENTH ST OXNARD CA,VEN,OXNARD,2016-7-18,2020-01-20
42,1976.0 EUCLID AVE CAMARILLO CA,VEN,CAMARILLO,2017-8-15,2020-01-20
43,11571.0 OAKCREST AVE OJAI CA,VEN,OJAI,2014-12-5,2020-01-20
44,2571.0 BONMARK DR OJAI CA,VEN,OJAI,2017-8-22,2020-01-20
45,7272.0 LA_CUMBRE CIR VENTURA CA,VEN,VENTURA,2018-3-19,2020-01-20
46,3092.0 ADIRONDACK CT WESTLAKE CA,VEN,WESTLAKE,2007-11-13,2020-01-20
47,365.0 JEREMIAH DR SIMI_VALLEY CA,VEN,SIMI_VALLEY,2019-4-24,2020-01-20
48,455.0 LORENZO DR OAK_PARK CA,VEN,OAK_PARK,2006-9-25,2020-01-20
49,1112.0 MESA DR SIMI_VALLEY CA,VEN,SIMI_VALLEY,2017-5-30,2020-01-20
50,216.0 POPLAR ST OXNARD CA,VEN,OXNARD,2012-9-18,2020-01-20
51,5390.0 PLATA_ROSA CT CAMARILLO CA,VEN,CAMARILLO,2006-6-27,2020-01-20
52,7030.0 LA_FONDA CT VENTURA CA,VEN,VENTURA,2019-1-24,2020-01-20
53,377.0 CONTRA_COSTA AVE VENTURA CA,VEN,VENTURA,2012-6-17,2020-01-20
54,616.0 APPLETON RD SIMI_VALLEY CA,VEN,SIMI_VALLEY,2009-6-22,2020-01-20
55,1036.0 PENINSULA ST VENTURA CA,VEN,VENTURA,2020-1-27,2020-01-20
56,1171.0 WESTCREEK LN WESTLAKE CA,VEN,WESTLAKE,2012-9-19,2020-01-20
57,649.0 SANTA_CRUZ ST SANTA_PAULA CA,VEN,SANTA_PAULA,2017-6-9,2020-01-20
58,4562.0 PASEO_GIRASOL nan CAMARILLO CA,VEN,CAMARILLO,2009-5-26,2020-01-20
59,481.0 CAMULOS PL PIRU CA,VEN,PIRU,2009-7-31,2020-01-20
60,407.0 SECOND ST FILLMORE CA,VEN,FILLMORE,2013-1-4,2020-01-20
61,318.0 BARD ST FILLMORE CA,VEN,FILLMORE,2015-6-12,2020-01-20
62,434.0 JUNIPER ST OXNARD CA,VEN,OXNARD,2014-3-29,2020-01-20
63,314.0 D ST FILLMORE CA,VEN,FILLMORE,2014-11-18,2020-01-20
64,1740.0 LICHO WAY OXNARD CA,VEN,OXNARD,2009-9-3,2020-01-20
65,218.0 SURFSIDE DR PORT_HUENEME CA,VEN,PORT_HUENEME,2013-5-30,2020-01-20
66,220.0 BELL_CANYON RD BELL_CANYON CA,VEN,BELL_CANYON,2016-6-6,2020-01-20
67,2136.0 LOS_FELIZ DR THOUSAND_OAKS CA,VEN,THOUSAND_OAKS,2010-9-3,2020-01-20
68,6072.0 HUNTER ST VENTURA CA,VEN,VENTURA,2015-10-16,2020-01-20
69,678.0 PLATTE WAY OXNARD CA,VEN,OXNARD,2017-6-27,2020-01-20
70,2025.0 JENNIFER PL CAMARILLO CA,VEN,CAMARILLO,2009-9-30,2020-01-20
71,1750.0 TAPO ST SIMI_VALLEY CA,VEN,SIMI_VALLEY,2020-3-16,2020-01-20
72,366.0 RAINDANCE ST THOUSAND_OAKS CA,VEN,THOUSAND_OAKS,2015-6-8,2020-01-20
73,590.0 PLEASANT_VLY RD PORT_HUENEME CA,VEN,PORT_HUENEME,2015-8-6,2020-01-20
74,3667.0 ALMOND DR OXNARD CA,VEN,OXNARD,2020-1-30,2020-01-20
75,65.0 ALTO DR OJAI CA,VEN,OJAI,2013-11-25,2020-01-20
76,2956.0 WAUNETA ST THOUSAND_OAKS CA,VEN,THOUSAND_OAKS,2015-12-10,2020-01-20
77,2011.0 LAS_POSAS RD CAMARILLO CA,VEN,CAMARILLO,2012-5-14,2020-01-20
78,52.0 COOLWATER RD BELL_CANYON CA,VEN,BELL_CANYON,2020-1-29,2020-01-20
79,2297.0 LYSANDER AVE SIMI_VALLEY CA,VEN,SIMI_VALLEY,2018-3-15,2020-01-20
80,2682.0 LA_PALOMA CIR THOUSAND_OAKS CA,VEN,THOUSAND_OAKS,2018-12-26,2020-01-20
81,1811.0 BEARDEN CT OXNARD CA,VEN,OXNARD,2015-12-17,2020-01-20
82,943.0 WILL AVE OXNARD CA,VEN,OXNARD,2020-3-30,2020-01-20
83,6426.0 LA_CUMBRE RD CAMARILLO CA,VEN,CAMARILLO,2019-3-18,2020-01-20
84,971.0 CALLADO ST CAMARILLO CA,VEN,CAMARILLO,2013-9-26,2020-01-20
85,1653.0 FORDHAM AVE THOUSAND_OAKS CA,VEN,THOUSAND_OAKS,2010-7-21,2020-01-20
86,2278.0 SHADY_BROOK DR THOUSAND_OAKS CA,VEN,THOUSAND_OAKS,2009-8-11,2020-01-20
87,5329.0 KATHERINE ST SIMI_VALLEY CA,VEN,SIMI_VALLEY,2014-9-5,2020-01-20
88,680.0 HEMLOCK ST PORT_HUENEME CA,VEN,PORT_HUENEME,2020-5-13,2020-01-20
89,1830.0 GISLER AVE OXNARD CA,VEN,OXNARD,2018-11-9,2020-01-20
90,2230.0 MIRAMONTE DR OXNARD CA,VEN,OXNARD,2016-7-19,2020-01-20
91,2259.0 MARCO DR CAMARILLO CA,VEN,CAMARILLO,2011-8-24,2020-01-20
92,13648.0 SILVER_OAK LN MOORPARK CA,VEN,MOORPARK,2006-10-16,2020-01-20
93,345.0 RODERICK AVE OXNARD CA,VEN,OXNARD,2017-1-17,2020-01-20
94,432.0 COLONIA RD OXNARD CA,VEN,OXNARD,2017-1-17,2020-01-20
95,320.0 ROOSEVELT AVE OXNARD CA,VEN,OXNARD,2010-9-2,2020-01-20
96,615.0 FIRST ST OXNARD CA,VEN,OXNARD,2017-1-17,2020-01-20
97,128.0 C ST OXNARD CA,VEN,OXNARD,2017-1-17,2020-01-20
98,1315.0 C ST OXNARD CA,VEN,OXNARD,2020-3-17,2020-01-20
99,665.0 PEARSON RD PORT_HUENEME CA,VEN,PORT_HUENEME,2014-2-15,2020-01-20
100,187.0 TENNYSON ST THOUSAND_OAKS CA,VEN,THOUSAND_OAKS,2010-11-4,2020-01-20
101,78.0 RAEMERE ST CAMARILLO CA,VEN,CAMARILLO,2009-9-30,2020-01-20
102,4872.0 MUIRWOOD CT SIMI_VALLEY CA,VEN,SIMI_VALLEY,2006-12-1,2020-01-20
103,1124.0 SIXTH ST PORT_HUENEME CA,VEN,PORT_HUENEME,2014-7-29,2020-01-20
104,1657.0 OXNARD BLVD OXNARD CA,VEN,OXNARD,2018-4-20,2020-01-20
105,1930.0 KEPLER DR OXNARD CA,VEN,OXNARD,2011-5-10,2020-01-20
106,3653.0 ALMOND DR OXNARD CA,VEN,OXNARD,2006-12-21,2020-01-20
107,205.0 FLINT ST VENTURA CA,VEN,VENTURA,2007-10-29,2020-01-20
108,1505.0 UPPINGHAM DR THOUSAND_OAKS CA,VEN,THOUSAND_OAKS,2014-4-16,2020-01-20
109,5109.0 PERKINS RD OXNARD CA,VEN,OXNARD,2019-6-21,2020-01-20
110,3330.0 MERCED PL OXNARD CA,VEN,OXNARD,2008-11-18,2020-01-20
111,246.0 ASHWOOD AVE VENTURA CA,VEN,VENTURA,2015-6-16,2020-01-20
112,322.0 SYCAMORE ST SANTA_PAULA CA,VEN,SANTA_PAULA,2017-1-20,2020-01-20
113,415.0 TENTH ST SANTA_PAULA CA,VEN,SANTA_PAULA,2008-11-12,2020-01-20
114,321.0 WALNUT ST SANTA_PAULA CA,VEN,SANTA_PAULA,2008-11-12,2020-01-20
115,1714.0 DAMON ST SIMI_VALLEY CA,VEN,SIMI_VALLEY,2007-12-31,2020-01-20
116,5218.0 PRIMROSE DR VENTURA CA,VEN,VENTURA,2017-1-6,2020-01-20
117,3480.0 GEORGE ST OXNARD CA,VEN,OXNARD,2008-3-10,2020-01-20
118,21.0 DICKENSON AVE THOUSAND_OAKS CA,VEN,THOUSAND_OAKS,2017-9-21,2020-01-20
119,2228.0 ROSECRANS ST SIMI_VALLEY CA,VEN,SIMI_VALLEY,2020-2-21,2020-01-20
120,234.0 ST_MARYS DR OXNARD CA,VEN,OXNARD,2017-5-30,2020-01-20
121,111.0 BONITA ST OXNARD CA,VEN,OXNARD,2013-8-15,2020-01-20
122,200.0 PLEASANT_VALLEY RD OXNARD CA,VEN,OXNARD,2017-1-20,2020-01-20
123,375.0 K ST OXNARD CA,VEN,OXNARD,2007-11-15,2020-01-20
124,208.0 MILL ST SANTA_PAULA CA,VEN,SANTA_PAULA,2011-4-12,2020-01-20
125,566.0 RACQUET_CLUB LN THOUSAND_OAKS CA,VEN,THOUSAND_OAKS,2018-7-18,2020-01-20
126,5564.0 HOLLY_RIDGE DR CAMARILLO CA,VEN,CAMARILLO,2005-4-6,2020-01-20
127,232.0 LOS_SERENOS DR FILLMORE CA,VEN,FILLMORE,2007-8-22,2020-01-20
128,11295.0 AZAHAR ST VENTURA CA,VEN,VENTURA,2010-9-4,2020-01-20
129,41800.0 PACIFIC_COAST HWY MALIBU CA,VEN,MALIBU,2013-11-13,2020-01-20
130,1020.0 STERN LN OXNARD CA,VEN,OXNARD,2007-3-19,2020-01-20
131,2600.0 EL_DORADO DR OXNARD CA,VEN,OXNARD,2009-9-10,2020-01-20
132,1616.0 KEARNEY AVE SIMI_VALLEY CA,VEN,SIMI_VALLEY,2014-8-20,2020-01-20
133,5037.0 LEEDS ST SIMI_VALLEY CA,VEN,SIMI_VALLEY,2015-5-20,2020-01-20
134,3341.0 HONEY_PINE CT SIMI_VALLEY CA,VEN,SIMI_VALLEY,2014-2-24,2020-01-20
135,1230.0 HIBISCUS ST OXNARD CA,VEN,OXNARD,2007-8-1,2020-01-20
136,1231.0 EBONY DR OXNARD CA,VEN,OXNARD,2015-10-24,2020-01-20
137,1089.0 WHITECLIFF RD THOUSAND_OAKS CA,VEN,THOUSAND_OAKS,2007-5-24,2020-01-20
138,184.0 CHARLES ST MOORPARK CA,VEN,MOORPARK,2006-12-27,2020-01-20
139,3700.0 VIA_PACIFICA WK OXNARD CA,VEN,OXNARD,2010-6-26,2020-01-20
140,692.0 FLAMING_STAR AVE THOUSAND_OAKS CA,VEN,THOUSAND_OAKS,2014-4-18,2020-01-20
141,714.0 SANTA_PAULA ST SANTA_PAULA CA,VEN,SANTA_PAULA,2015-7-17,2020-01-20
142,6081.0 STEFFEN RD SIMI_VALLEY CA,VEN,SIMI_VALLEY,2014-10-22,2020-01-20
143,6091.0 STEFFEN LN SIMI_VALLEY CA,VEN,SIMI_VALLEY,2014-10-22,2020-01-20
144,340.0 ROSEWOOD AVE CAMARILLO CA,VEN,CAMARILLO,2012-11-26,2020-01-20
145,3311.0 BARCA ST CAMARILLO CA,VEN,CAMARILLO,2016-8-10,2020-01-20
146,3623.0 CORONA ST CAMARILLO CA,VEN,CAMARILLO,2018-3-5,2020-01-20
147,653.0 A ST OXNARD CA,VEN,OXNARD,2007-3-20,2020-01-20
148,33105.0 VILLAGE_33 nan CAMARILLO CA,VEN,CAMARILLO,2010-3-29,2020-01-20
149,134.0 LUCERO ST THOUSAND_OAKS CA,VEN,THOUSAND_OAKS,2016-8-3,2020-01-20
150,1503.0 SAN_RAFAEL ST OJAI CA,VEN,OJAI,2015-3-5,2020-01-20
151,701.0 MAIN ST VENTURA CA,VEN,VENTURA,2015-4-10,2020-01-20
152,40.0 FIR ST VENTURA CA,VEN,VENTURA,2015-4-10,2020-01-20
153,6529.0 SANTA_ROSA RD CAMARILLO CA,VEN,CAMARILLO,2011-2-3,2020-01-20
154,9315.0 PACIFIC_COAST HWY MALIBU CA,VEN,MALIBU,2016-7-14,2020-01-20
155,109.0 CONIFER CIR OAK_PARK CA,VEN,OAK_PARK,2014-11-5,2020-01-20
156,3224.0 DOVE_CANYON DR OXNARD CA,VEN,OXNARD,2012-12-22,2020-01-20
157,2251.0 SNOW AVE OXNARD CA,VEN,OXNARD,2008-4-9,2020-01-20
158,12990.0 BLUE_HERON CIR OJAI CA,VEN,OJAI,2016-10-17,2020-01-20
159,6645.0 WHEELER_CANYON RD SANTA_PAULA CA,VEN,SANTA_PAULA,2016-2-24,2020-01-20
160,3211.0 KELP LN OXNARD CA,VEN,OXNARD,2019-11-26,2020-01-20
161,5213.0 VILLAGE_5 nan CAMARILLO CA,VEN,CAMARILLO,2013-10-11,2020-01-20
162,26.0 BAYMARE RD BELL_CANYON CA,VEN,BELL_CANYON,2016-2-18,2020-01-20
163,2089.0 BLACKBERRY CIR OXNARD CA,VEN,OXNARD,2013-1-9,2020-01-20
164,2035.0 BOOTH ST SIMI_VALLEY CA,VEN,SIMI_VALLEY,2012-1-24,2020-01-20
165,14.0 MORGAN RD BELL_CANYON CA,VEN,BELL_CANYON,2017-7-10,2020-01-20
166,3288.0 VINEYARD AVE OXNARD CA,VEN,OXNARD,2011-5-19,2020-01-20
167,1399.0 OAK_TRAIL ST THOUSAND_OAKS CA,VEN,THOUSAND_OAKS,2018-8-9,2020-01-20
168,4228.0 PAR_FIVE DR WESTLAKE CA,VEN,WESTLAKE,2016-8-10,2020-01-20
169,1347.0 RAMONA DR THOUSAND_OAKS CA,VEN,THOUSAND_OAKS,2012-11-23,2020-01-20
170,4500.0 ARCH ST CAMARILLO CA,VEN,CAMARILLO,2018-4-4,2020-01-20
171,1208.0 WELLS RD VENTURA CA,VEN,VENTURA,2018-8-25,2020-01-20
172,820.0 YUCCA ST OXNARD CA,VEN,OXNARD,2014-4-21,2020-01-20
173,5326.0 CALAROSA_RANCH RD CAMARILLO CA,VEN,CAMARILLO,2020-2-24,2020-01-20
174,125.0 VENTURA ST SANTA_PAULA CA,VEN,SANTA_PAULA,2020-1-21,2020-01-20
175,125.0 VENTURA ST SANTA_PAULA CA,VEN,SANTA_PAULA,2020-1-21,2020-01-20
176,3899.0 HUNTERS_GROVE CT MOORPARK CA,VEN,MOORPARK,2017-9-19,2020-01-20
177,7224.0 MESA CIR VENTURA CA,VEN,VENTURA,2013-11-14,2020-01-20
178,1196.0 LANDSBURN CIR WESTLAKE CA,VEN,WESTLAKE,2018-11-30,2020-01-20
179,5154.0 NORWAY DR VENTURA CA,VEN,VENTURA,2012-6-18,2020-01-20
180,48.0 HIGH_KNOLL CT SIMI_VALLEY CA,VEN,SIMI_VALLEY,2016-6-2,2020-01-20
181,1547.0 RIVERSIDE AVE FILLMORE CA,VEN,FILLMORE,2017-3-10,2020-01-20
182,3300.0 SYCAMORE ST OXNARD CA,VEN,OXNARD,2018-4-10,2020-01-20
183,3866.0 GREENWOOD ST THOUSAND_OAKS CA,VEN,THOUSAND_OAKS,2010-9-24,2020-01-20
184,8486.0 NEATH ST VENTURA CA,VEN,VENTURA,2017-4-21,2020-01-20
185,145.0 HOPE RD THOUSAND_OAKS CA,VEN,THOUSAND_OAKS,2007-12-6,2020-01-20
186,1424.0 GLACIER AVE VENTURA CA,VEN,VENTURA,2005-9-22,2020-01-20
187,1445.0 BUENA_VISTA ST VENTURA CA,VEN,VENTURA,2017-3-13,2020-01-20
188,2878.0 ALVARADO ST OXNARD CA,VEN,OXNARD,2018-2-9,2020-01-20
189,6644.0 SORA ST VENTURA CA,VEN,VENTURA,2014-12-16,2020-01-20
190,4101.0 ADRIATIC ST OXNARD CA,VEN,OXNARD,2018-4-17,2020-01-20
191,1107.0 OJAI RD SANTA_PAULA CA,VEN,SANTA_PAULA,2009-1-28,2020-01-20
192,1103.0 OJAI RD SANTA_PAULA CA,VEN,SANTA_PAULA,2009-1-28,2020-01-20
193,547.0 SESPE AVE FILLMORE CA,VEN,FILLMORE,2018-4-9,2020-01-20
194,15.0 STIRRUP LN BELL_CANYON CA,VEN,BELL_CANYON,2017-12-28,2020-01-20
195,1526.0 GRAND AVE FILLMORE CA,VEN,FILLMORE,2020-2-3,2020-01-20
196,1273.0 RINCON AVE SIMI_VALLEY CA,VEN,SIMI_VALLEY,2011-1-13,2020-01-20
197,1579.0 MORENO DR SIMI_VALLEY CA,VEN,SIMI_VALLEY,2006-4-19,2020-01-20
198,159.0 PARROT LN SIMI_VALLEY CA,VEN,SIMI_VALLEY,2016-6-30,2020-01-20
199,139.0 SONOMA LN SANTA_PAULA CA,VEN,SANTA_PAULA,2011-6-23,2020-01-20
200,1949.0 GRAND AVE FILLMORE CA,VEN,FILLMORE,2020-4-20,2020-01-20
201,5231.0 FAIRCREST LN CAMARILLO CA,VEN,CAMARILLO,2018-5-4,2020-01-20
202,2367.0 TRACY AVE SIMI_VALLEY CA,VEN,SIMI_VALLEY,2018-10-11,2020-01-20
203,3098.0 SOLIMAR_BEACH DR RINCON CA,VEN,RINCON,2020-3-27,2020-01-20
204,2267.0 ADRIAN ST THOUSAND_OAKS CA,VEN,THOUSAND_OAKS,2010-2-15,2020-01-20
205,343.0 BELL_CANYON RD BELL_CANYON CA,VEN,BELL_CANYON,2016-10-13,2020-01-20
206,307.0 IRIS ST OXNARD CA,VEN,OXNARD,2020-3-11,2020-01-20
207,5287.0 HIDALGO ST CAMARILLO CA,VEN,CAMARILLO,2016-2-19,2020-01-20
208,2083.0 STACY LN CAMARILLO CA,VEN,CAMARILLO,2016-5-20,2020-01-20
209,2622.0 CORTE_AMIGOS nan CAMARILLO CA,VEN,CAMARILLO,2005-10-6,2020-01-20
210,2402.0 PLEASANT_H WAY THOUSAND_OAKS CA,VEN,THOUSAND_OAKS,2015-3-9,2020-01-20
211,509.0 MC_KINLEY AVE OXNARD CA,VEN,OXNARD,2003-9-29,2020-01-20
212,6290.0 GOSHEN ST SIMI_VALLEY CA,VEN,SIMI_VALLEY,2007-3-15,2020-01-20
213,636.0 TIERNEY AVE VENTURA CA,VEN,VENTURA,2007-4-27,2020-01-20
214,601.0 SANTA_PAULA ST SANTA_PAULA CA,VEN,SANTA_PAULA,2011-5-16,2020-01-20
215,1202.0 OJAI AVE OJAI CA,VEN,OJAI,2016-5-26,2020-01-20
216,1103.0 AMBERTON LN THOUSAND_OAKS CA,VEN,THOUSAND_OAKS,2004-10-7,2020-01-20
217,343.0 CENTRAL AVE OXNARD CA,VEN,OXNARD,2020-2-7,2020-01-20
218,1950.0 ROSEWOOD CT THOUSAND_OAKS CA,VEN,THOUSAND_OAKS,2015-8-18,2020-01-20
219,1955.0 TANAGER ST VENTURA CA,VEN,VENTURA,2009-10-14,2020-01-20
220,320.0 FELKINS RD SANTA_PAULA CA,VEN,SANTA_PAULA,2019-12-6,2020-01-20
221,1400.0 SEAPORT DR OXNARD CA,VEN,OXNARD,2011-6-3,2020-01-20
222,1415.0 MARIPOSA DR SANTA_PAULA CA,VEN,SANTA_PAULA,2018-9-7,2020-01-20
223,247.0 LUPITA ST OXNARD CA,VEN,OXNARD,2008-8-7,2020-01-20
224,3495.0 WILLIAM DR THOUSAND_OAKS CA,VEN,THOUSAND_OAKS,2019-8-16,2020-01-20
225,1152.0 STONESHEAD CT WESTLAKE CA,VEN,WESTLAKE,2019-11-6,2020-01-20
226,1377.0 ACADIA ST SIMI_VALLEY CA,VEN,SIMI_VALLEY,2008-3-1,2020-01-20
227,955.0 VISTA_RIDGE LN WESTLAKE CA,VEN,WESTLAKE,2014-10-1,2020-01-20
228,2235.0 WILLOWPARK CT THOUSAND_OAKS CA,VEN,THOUSAND_OAKS,2007-8-29,2020-01-20
229,6947.0 VISTA_DEL_RINCON DR RINCON CA,VEN,RINCON,2018-11-1,2020-01-20
230,1383.0 OWENS AVE VENTURA CA,VEN,VENTURA,2010-7-21,2020-01-20
231,1024.0 BLACK_CANYON RD SIMI_VALLEY CA,VEN,SIMI_VALLEY,2011-11-3,2020-01-20
232,5967.0 LA_CUMBRE RD CAMARILLO CA,VEN,CAMARILLO,2020-3-31,2020-01-20
233,1762.0 BLAZEWOOD ST SIMI_VALLEY CA,VEN,SIMI_VALLEY,2019-1-2,2020-01-20
234,6952.0 SOLANO_VERDE DR CAMARILLO CA,VEN,CAMARILLO,2020-2-12,2020-01-20
235,650.0 SHASTA AVE MOORPARK CA,VEN,MOORPARK,2012-12-18,2020-01-20
236,137.0 ALPINE ST OXNARD CA,VEN,OXNARD,2014-10-24,2020-01-20
237,2071.0 GLENBROOK AVE CAMARILLO CA,VEN,CAMARILLO,2018-3-13,2020-01-20
238,540.0 GUIBERSON ST SANTA_PAULA CA,VEN,SANTA_PAULA,2013-7-3,2020-01-20
239,6082.0 HEATHERTON DR CAMARILLO CA,VEN,CAMARILLO,2014-1-6,2020-01-20
240,1825.0 GUAVA CT OXNARD CA,VEN,OXNARD,2018-3-7,2020-01-20
241,263.0 GREENMEADOW AVE THOUSAND_OAKS CA,VEN,THOUSAND_OAKS,2011-11-16,2020-01-20
242,5473.0 SPANISH_OAK LN OAK_PARK CA,VEN,OAK_PARK,2013-6-24,2020-01-20
243,1415.0 EL_MONTE DR THOUSAND_OAKS CA,VEN,THOUSAND_OAKS,2014-4-18,2020-01-20
244,4561.0 FALKIRK_BAY nan OXNARD CA,VEN,OXNARD,2012-1-3,2020-01-20
245,425.0 BARD RD PORT_HUENEME CA,VEN,PORT_HUENEME,2013-2-13,2020-01-20
246,2555.0 MAIN ST VENTURA CA,VEN,VENTURA,2016-12-30,2020-01-20
247,1695.0 FOX_SPRINGS CIR THOUSAND_OAKS CA,VEN,THOUSAND_OAKS,2011-8-17,2020-01-20
248,3529.0 GLEN_ABBEY LN OXNARD CA,VEN,OXNARD,2019-7-31,2020-01-20
249,920.0 TOPSAIL CT OXNARD CA,VEN,OXNARD,2015-3-27,2020-01-20
250,489.0 AVOCADO PL CAMARILLO CA,VEN,CAMARILLO,2020-2-6,2020-01-20
251,503.0 MC_KINLEY AVE OXNARD CA,VEN,OXNARD,2007-9-19,2020-01-20
252,4251.0 SAN_JUAN AVE OXNARD CA,VEN,OXNARD,2010-4-18,2020-01-20
253,53.0 SADDLEBOW RD BELL_CANYON CA,VEN,BELL_CANYON,2018-7-23,2020-01-20
254,184.0 ULYSSES ST SIMI_VALLEY CA,VEN,SIMI_VALLEY,2006-8-31,2020-01-20
255,2500.0 KNOLL DR VENTURA CA,VEN,VENTURA,2006-11-21,2020-01-20
256,6311.0 UPLAND RD CAMARILLO CA,VEN,CAMARILLO,2006-11-21,2020-01-20
257,2206.0 JONESBORO AVE SIMI_VALLEY CA,VEN,SIMI_VALLEY,2016-7-22,2020-01-20
258,609.0 SANTA_CLARA ST FILLMORE CA,VEN,FILLMORE,2013-4-17,2020-01-20
259,649.0 SANTA_CLARA ST FILLMORE CA,VEN,FILLMORE,2013-4-17,2020-01-20
260,714.0 BLAINE AVE FILLMORE CA,VEN,FILLMORE,2013-4-17,2020-01-20
261,918.0 RANCHO RD THOUSAND_OAKS CA,VEN,THOUSAND_OAKS,2019-6-1,2020-01-20
262,730.0 CYPRESS ST THOUSAND_OAKS CA,VEN,THOUSAND_OAKS,2010-2-1,2020-01-20
263,1155.0 BRYSON AVE SIMI_VALLEY CA,VEN,SIMI_VALLEY,2016-1-8,2020-01-20
264,4119.0 EVE RD SIMI_VALLEY CA,VEN,SIMI_VALLEY,2015-12-29,2020-01-20
265,769.0 FOREST_LOOP DR PORT_HUENEME CA,VEN,PORT_HUENEME,2010-2-3,2020-01-20
266,492.0 CORVETTE ST PORT_HUENEME CA,VEN,PORT_HUENEME,2008-9-11,2020-01-20
267,629.0 CARTPATH PL SIMI_VALLEY CA,VEN,SIMI_VALLEY,2017-12-1,2020-01-20
268,1291.0 RAMBLING RD SIMI_VALLEY CA,VEN,SIMI_VALLEY,2010-8-19,2020-01-20
269,404.0 ALMOND LN SIMI_VALLEY CA,VEN,SIMI_VALLEY,2016-12-13,2020-01-20
270,21.0 LA_CAM RD THOUSAND_OAKS CA,VEN,THOUSAND_OAKS,2018-3-8,2020-01-20
271,1158.0 BURTONWOOD AVE THOUSAND_OAKS CA,VEN,THOUSAND_OAKS,2020-4-16,2020-01-20
272,106.0 CATALINA DR CAMARILLO CA,VEN,CAMARILLO,2018-8-27,2020-01-20
273,1368.0 NATHAN LN VENTURA CA,VEN,VENTURA,2016-5-16,2020-01-20
274,2454.0 ROYAL AVE SIMI_VALLEY CA,VEN,SIMI_VALLEY,2017-7-6,2020-01-20
275,1342.0 LA_JOLLA DR THOUSAND_OAKS CA,VEN,THOUSAND_OAKS,2018-12-1,2020-01-20
276,2806.0 ROCK ST SIMI_VALLEY CA,VEN,SIMI_VALLEY,2011-3-3,2020-01-20
277,8500.0 WATERS RD MOORPARK CA,VEN,MOORPARK,2020-5-4,2020-01-20
278,7850.0 MESA DR SIMI_VALLEY CA,VEN,SIMI_VALLEY,2015-9-8,2020-01-20
279,3620.0 NANTUCKET PKWY OXNARD CA,VEN,OXNARD,2007-1-26,2020-01-20
280,2121.0 RHONDA ST OXNARD CA,VEN,OXNARD,2007-2-16,2020-01-20
281,1828.0 ACTON CT SIMI_VALLEY CA,VEN,SIMI_VALLEY,2015-12-18,2020-01-20
282,1111.0 AMBERTON LN THOUSAND_OAKS CA,VEN,THOUSAND_OAKS,2019-12-19,2020-01-20
283,2564.0 NICHOLAS ST SIMI_VALLEY CA,VEN,SIMI_VALLEY,2017-3-27,2020-01-20
284,2619.0 VENTURA AVE VENTURA CA,VEN,VENTURA,2007-2-20,2020-01-20
285,2619.0 VENTURA AVE VENTURA CA,VEN,VENTURA,2007-2-20,2020-01-20
286,1213.0 GOODENOUGH RD FILLMORE CA,VEN,FILLMORE,2018-7-19,2020-01-20
287,2320.0 VALLEY_TERRACE DR SIMI_VALLEY CA,VEN,SIMI_VALLEY,2020-1-29,2020-01-20
288,8356.0 DENVER ST VENTURA CA,VEN,VENTURA,2018-10-2,2020-01-20
289,1112.0 CEDAR ST OXNARD CA,VEN,OXNARD,2018-4-25,2020-01-20
290,460.0 HEMLOCK ST OXNARD CA,VEN,OXNARD,2016-3-22,2020-01-20
291,377.0 LA_LUNA AVE OJAI CA,VEN,OJAI,2020-5-2,2020-01-20
292,566.0 VENTURA AVE OJAI CA,VEN,OJAI,2018-7-10,2020-01-20
293,580.0 VENTURA AVE OJAI CA,VEN,OJAI,2018-7-10,2020-01-20
294,7101.0 SANTA_PAULA AVE RINCON CA,VEN,RINCON,2020-5-11,2020-01-20
295,7101.0 SANTA_PAULA AVE RINCON CA,VEN,RINCON,2020-5-11,2020-01-20
296,102.0 DUNTON LN FILLMORE CA,VEN,FILLMORE,2013-9-5,2020-01-20
297,20.0 MARINE_VIEW DR CAMARILLO CA,VEN,CAMARILLO,2008-10-3,2020-01-20
298,1696.0 BRIDGEPORT LN CAMARILLO CA,VEN,CAMARILLO,2009-9-17,2020-01-20
299,148.0 BURBANK AVE OXNARD CA,VEN,OXNARD,2005-11-7,2020-01-20
300,393.0 SUSAN AVE MOORPARK CA,VEN,MOORPARK,2013-7-18,2020-01-20
301,2080.0 HILLCREST DR THOUSAND_OAKS CA,VEN,THOUSAND_OAKS,2011-12-1,2020-01-20
302,10680.0 CITRUS DR MOORPARK CA,VEN,MOORPARK,2012-6-22,2020-01-20
303,3089.0 SIERRA DR WESTLAKE CA,VEN,WESTLAKE,2012-9-27,2020-01-20
304,3018.0 CUMBERLAND CT WESTLAKE CA,VEN,WESTLAKE,2012-4-4,2020-01-20
305,744.0 WILL AVE OXNARD CA,VEN,OXNARD,2018-5-23,2020-01-20
306,504.0 SHADY LN OJAI CA,VEN,OJAI,2005-12-20,2020-01-20
307,895.0 GREENSBORO RD VENTURA CA,VEN,VENTURA,2020-1-21,2020-01-20
308,2630.0 BELLERIVE CT OXNARD CA,VEN,OXNARD,2011-9-27,2020-01-20
309,144.0 DEODAR ST OXNARD CA,VEN,OXNARD,2019-7-22,2020-01-20
310,1876.0 MAIN ST VENTURA CA,VEN,VENTURA,2018-3-1,2020-01-20
311,1030.0 STONE_GATE RD SANTA_PAULA CA,VEN,SANTA_PAULA,2012-10-31,2020-01-20
312,925.0 PONS CT THOUSAND_OAKS CA,VEN,THOUSAND_OAKS,2016-5-18,2020-01-20
313,64.0 LINDSAY LN SANTA_PAULA CA,VEN,SANTA_PAULA,2012-10-31,2020-01-20
314,153.0 ORANGE DR OXNARD CA,VEN,OXNARD,2009-1-20,2020-01-20
315,323.0 COOPER RD OXNARD CA,VEN,OXNARD,2018-7-30,2020-01-20
316,1405.0 WATERFORD LN FILLMORE CA,VEN,FILLMORE,2014-2-11,2020-01-20
317,6909.0 SOLANO_VERDE DR CAMARILLO CA,VEN,CAMARILLO,2019-12-12,2020-01-20
318,220.0 COOPER RD OXNARD CA,VEN,OXNARD,2010-7-22,2020-01-20
319,733.0 OXNARD BLVD OXNARD CA,VEN,OXNARD,2014-3-20,2020-01-20
320,737.0 OXNARD BLVD OXNARD CA,VEN,OXNARD,2014-3-20,2020-01-20
321,733.0 OXNARD BLVD OXNARD CA,VEN,OXNARD,2014-3-20,2020-01-20
322,6868.0 COYOTE_CANYON RD CAMARILLO CA,VEN,CAMARILLO,2014-6-19,2020-01-20
323,10244.0 DARLING RD VENTURA CA,VEN,VENTURA,2015-2-11,2020-01-20
324,3170.0 SANTA_CLARA AVE OXNARD CA,VEN,OXNARD,2008-12-24,2020-01-20
325,8646.0 VENTURA AVE VENTURA CA,VEN,VENTURA,2016-8-3,2020-01-20
326,534.0 VALLEY_VISTA DR CAMARILLO CA,VEN,CAMARILLO,2016-8-3,2020-01-20
327,3415.0 HEMLOCK ST OXNARD CA,VEN,OXNARD,2016-8-3,2020-01-20
328,1082.0 HACIENDA DR SIMI_VALLEY CA,VEN,SIMI_VALLEY,2009-11-9,2020-01-20
329,3049.0 CICERO CT SIMI_VALLEY CA,VEN,SIMI_VALLEY,2015-5-2,2020-01-20
330,11155.0 CITRUS DR VENTURA CA,VEN,VENTURA,2014-6-30,2020-01-20
331,2222.0 SUNSET DR VENTURA CA,VEN,VENTURA,2012-10-9,2020-01-20
332,186.0 OAK_GLEN AVE OJAI CA,VEN,OJAI,2016-4-28,2020-01-20
333,1848.0 KENDALL AVE CAMARILLO CA,VEN,CAMARILLO,2016-11-30,2020-01-20
334,1667.0 BURNING_TREE DR THOUSAND_OAKS CA,VEN,THOUSAND_OAKS,2015-8-31,2020-01-20
335,2444.0 MARICOPA HWY OJAI CA,VEN,OJAI,2018-7-11,2020-01-20
336,16.0 HOLSTER LN BELL_CANYON CA,VEN,BELL_CANYON,2018-2-1,2020-01-20
337,930.0 POPLAR ST OXNARD CA,VEN,OXNARD,2018-9-18,2020-01-20
338,605.0 COMET AVE SIMI_VALLEY CA,VEN,SIMI_VALLEY,2018-1-26,2020-01-20
339,2707.0 BAYWATER PL THOUSAND_OAKS CA,VEN,THOUSAND_OAKS,2016-1-27,2020-01-20
340,7398.0 EISENHOWER ST VENTURA CA,VEN,VENTURA,2007-11-21,2020-01-20
341,1547.0 MAIN ST VENTURA CA,VEN,VENTURA,2017-1-9,2020-01-20
342,2730.0 BORCHARD RD THOUSAND_OAKS CA,VEN,THOUSAND_OAKS,2015-3-17,2020-01-20
343,181.0 ALVARADO AVE OJAI CA,VEN,OJAI,2011-8-31,2020-01-20
344,306.0 VENTURA ST OJAI CA,VEN,OJAI,2015-12-10,2020-01-20
345,5383.0 FELICIA ST CAMARILLO CA,VEN,CAMARILLO,2019-10-15,2020-01-20
346,3307.0 WILMOT ST SIMI_VALLEY CA,VEN,SIMI_VALLEY,2012-5-7,2020-01-20
347,1772.0 SITKA AVE SIMI_VALLEY CA,VEN,SIMI_VALLEY,2010-5-28,2020-01-20
348,2934.0 BEAR_RIVER CIR WESTLAKE CA,VEN,WESTLAKE,2018-9-21,2020-01-20
349,77.0 COOLWATER RD BELL_CANYON CA,VEN,BELL_CANYON,2017-3-16,2020-01-20
350,2250.0 LANTANA ST OXNARD CA,VEN,OXNARD,2012-6-21,2020-01-20
351,8349.0 EDISON DR VENTURA CA,VEN,VENTURA,2020-4-24,2020-01-20
352,1108.0 LA_LUNA RD OJAI CA,VEN,OJAI,2016-7-11,2020-01-20
353,5111.0 JEFFERSON SQ OXNARD CA,VEN,OXNARD,2007-1-6,2020-01-20
354,910.0 VENTURA AVE OJAI CA,VEN,OJAI,2015-6-22,2020-01-20
355,4049.0 HELENE ST SIMI_VALLEY CA,VEN,SIMI_VALLEY,2016-2-24,2020-01-20
356,1833.0 MONTGOMERY AVE VENTURA CA,VEN,VENTURA,2016-10-18,2020-01-20
357,1485.0 OJAI RD SANTA_PAULA CA,VEN,SANTA_PAULA,2008-2-4,2020-01-20
358,621.0 HERMOSA WAY OXNARD CA,VEN,OXNARD,2015-9-11,2020-01-20
359,1403.0 BUCKSKIN AVE SIMI_VALLEY CA,VEN,SIMI_VALLEY,2011-11-30,2020-01-20
360,2055.0 VENTURA AVE VENTURA CA,VEN,VENTURA,2016-2-29,2020-01-20
361,5482.0 QUAILRIDGE DR CAMARILLO CA,VEN,CAMARILLO,2018-8-2,2020-01-20
362,850.0 GRAY CT THOUSAND_OAKS CA,VEN,THOUSAND_OAKS,2017-11-15,2020-01-20
363,12000.0 PACIFIC_COAST HWY MALIBU CA,VEN,MALIBU,2018-9-10,2020-01-20
364,356.0 CAHUENGA DR OXNARD CA,VEN,OXNARD,2012-12-10,2020-01-20
365,661.0 BLUEWATER WAY PORT_HUENEME CA,VEN,PORT_HUENEME,2019-7-29,2020-01-20
366,281.0 BAY BLVD PORT_HUENEME CA,VEN,PORT_HUENEME,2013-5-30,2020-01-20
367,80.0 POINSETTIA_GARDENS DR VENTURA CA,VEN,VENTURA,2009-6-14,2020-01-20
368,234.0 PADRE_JUAN AVE OJAI CA,VEN,OJAI,2016-9-1,2020-01-20
369,1262.0 GRAHAM ST SIMI_VALLEY CA,VEN,SIMI_VALLEY,2012-10-18,2020-01-20
370,2633.0 PRATHER ST SIMI_VALLEY CA,VEN,SIMI_VALLEY,2006-9-26,2020-01-20
371,229.0 EL_ROBLAR DR OJAI CA,VEN,OJAI,2008-5-12,2020-01-20
372,209.0 ASHBY CT OJAI CA,VEN,OJAI,2009-6-8,2020-01-20
373,2211.0 SAN_MATEO ST OXNARD CA,VEN,OXNARD,2014-3-18,2020-01-20
374,2615.0 ANCHOR AVE PORT_HUENEME CA,VEN,PORT_HUENEME,2014-2-15,2020-01-20
375,4550.0 SAN_SIMEON DR OXNARD CA,VEN,OXNARD,2005-1-28,2020-01-20
376,311.0 OJAI AVE OJAI CA,VEN,OJAI,2017-11-26,2020-01-20
377,5906.0 OAK_KNOLLS RD SIMI_VALLEY CA,VEN,SIMI_VALLEY,2015-2-26,2020-01-20
378,437.0 CATALINA ST VENTURA CA,VEN,VENTURA,2008-11-7,2020-01-20
379,1573.0 SEVENTH ST PORT_HUENEME CA,VEN,PORT_HUENEME,2006-12-11,2020-01-20
380,791.0 BOARDMAN RD OJAI CA,VEN,OJAI,2008-5-8,2020-01-20
381,885.0 PATRIOT DR MOORPARK CA,VEN,MOORPARK,2016-8-12,2020-01-20
382,8225.0 VENTURA AVE OJAI CA,VEN,OJAI,2012-3-20,2020-01-20
383,5475.0 HENRY PL OXNARD CA,VEN,OXNARD,2018-1-2,2020-01-20
384,1199.0 LUCERO CT CAMARILLO CA,VEN,CAMARILLO,2017-8-4,2020-01-20
385,3800.0 ALEE LN OXNARD CA,VEN,OXNARD,2018-6-6,2020-01-20
386,6076.0 ROTHKO LN SIMI_VALLEY CA,VEN,SIMI_VALLEY,2011-3-18,2020-01-20
387,8775.0 GRIMES_CANYON RD MOORPARK CA,VEN,MOORPARK,2009-2-20,2020-01-20
388,224.0 SEVENTH ST OXNARD CA,VEN,OXNARD,2011-12-1,2020-01-20
389,2586.0 CORTEZ ST OXNARD CA,VEN,OXNARD,2006-7-3,2020-01-20
390,834.0 YALE PL OXNARD CA,VEN,OXNARD,2017-9-1,2020-01-20
391,130.0 CARLISLE CT OXNARD CA,VEN,OXNARD,2017-6-16,2020-01-20
392,2131.0 ORLOP PL OXNARD CA,VEN,OXNARD,2013-4-16,2020-01-20
393,2649.0 NICHOLAS ST SIMI_VALLEY CA,VEN,SIMI_VALLEY,2006-4-10,2020-01-20
394,12599.0 KOENIGSTEIN RD SANTA_PAULA CA,VEN,SANTA_PAULA,2005-10-7,2020-01-20
395,3454.0 FAIRMONT DR VENTURA CA,VEN,VENTURA,2013-1-30,2020-01-20
396,1831.0 KEARNEY AVE SIMI_VALLEY CA,VEN,SIMI_VALLEY,2020-1-31,2020-01-20
397,751.0 REEF CIR PORT_HUENEME CA,VEN,PORT_HUENEME,2007-3-8,2020-01-20
398,650.0 VENUS AVE SANTA_PAULA CA,VEN,SANTA_PAULA,2008-9-10,2020-01-20
399,1642.0 BRIDGEPORT LN CAMARILLO CA,VEN,CAMARILLO,2015-3-3,2020-01-20
400,4795.0 TEMPLETON ST VENTURA CA,VEN,VENTURA,2020-4-3,2020-01-20
401,1262.0 J ST OXNARD CA,VEN,OXNARD,2019-12-11,2020-01-20
402,2216.0 SIRIUS ST THOUSAND_OAKS CA,VEN,THOUSAND_OAKS,2011-1-14,2020-01-20
403,118.0 SANTA_ROSA ST VENTURA CA,VEN,VENTURA,2009-7-7,2020-01-20
404,3975.0 VINCENTE AVE CAMARILLO CA,VEN,CAMARILLO,2012-11-13,2020-01-20
405,1112.0 EL_CENTRO ST OJAI CA,VEN,OJAI,2012-12-18,2020-01-20
406,1834.0 ADELAIDE CT OXNARD CA,VEN,OXNARD,2020-2-29,2020-01-20
407,1011.0 OLIVE ST OXNARD CA,VEN,OXNARD,2015-9-15,2020-01-20
408,2357.0 VICTORIA ST SIMI_VALLEY CA,VEN,SIMI_VALLEY,2018-6-4,2020-01-20
409,2950.0 SYCAMORE DR SIMI_VALLEY CA,VEN,SIMI_VALLEY,2015-11-19,2020-01-20
410,11417.0 NARDO ST VENTURA CA,VEN,VENTURA,2016-6-1,2020-01-20
411,332.0 IRIS ST OXNARD CA,VEN,OXNARD,2006-5-18,2020-01-20
412,238.0 13TH ST SANTA_PAULA CA,VEN,SANTA_PAULA,2017-3-16,2020-01-20
413,1765.0 KERN ST PORT_HUENEME CA,VEN,PORT_HUENEME,2010-4-15,2020-01-20
414,622.0 DORIS AVE OXNARD CA,VEN,OXNARD,2015-12-18,2020-01-20
415,159.0 GREEN_VALE DR CAMARILLO CA,VEN,CAMARILLO,2016-1-14,2020-01-20
416,1930.0 J ST OXNARD CA,VEN,OXNARD,2018-4-20,2020-01-20
417,1364.0 NEPTUNE SQ OXNARD CA,VEN,OXNARD,2007-12-19,2020-01-20
418,494.0 WENDY DR THOUSAND_OAKS CA,VEN,THOUSAND_OAKS,2018-6-4,2020-01-20
419,914.0 CATAMARAN ST OXNARD CA,VEN,OXNARD,2015-8-31,2020-01-20
420,766.0 WOODLAWN DR THOUSAND_OAKS CA,VEN,THOUSAND_OAKS,2015-5-11,2020-01-20
421,568.0 CONSTITUTION AVE CAMARILLO CA,VEN,CAMARILLO,2012-12-11,2020-01-20
422,2014.0 PENINSULA RD OXNARD CA,VEN,OXNARD,2008-1-30,2020-01-20
423,4950.0 BARNARD ST SIMI_VALLEY CA,VEN,SIMI_VALLEY,2004-9-23,2020-01-20
424,5134.0 NEPTUNE SQ OXNARD CA,VEN,OXNARD,2017-6-21,2020-01-20
425,785.0 TRIUNFO_CANYON RD WESTLAKE CA,VEN,WESTLAKE,2017-3-17,2020-01-20
426,1168.0 JAY AVE CAMARILLO CA,VEN,CAMARILLO,2013-3-12,2020-01-20
427,1535.0 CRAWFORD ST OXNARD CA,VEN,OXNARD,2017-5-11,2020-01-20
428,2558.0 CANTERBURY LN SIMI_VALLEY CA,VEN,SIMI_VALLEY,2015-2-13,2020-01-20
429,314.0 GOLDEN_WEST AVE OJAI CA,VEN,OJAI,2006-7-25,2020-01-20
430,4811.0 CLOVER DR OXNARD CA,VEN,OXNARD,2008-11-25,2020-01-20
431,542.0 FIRST ST FILLMORE CA,VEN,FILLMORE,2010-12-15,2020-01-20
432,310.0 PALOMAR RD OJAI CA,VEN,OJAI,2019-5-29,2020-01-20
433,4012.0 CEDARPINE LN MOORPARK CA,VEN,MOORPARK,2018-9-13,2020-01-20
434,1320.0 GARDENIA ST OXNARD CA,VEN,OXNARD,2014-6-3,2020-01-20
435,15555.0 YERBA_BUENA RD MALIBU CA,VEN,MALIBU,2017-7-20,2020-01-20
436,821.0 OXNARD BLVD OXNARD CA,VEN,OXNARD,2016-3-3,2020-01-20
437,2208.0 FIRESTONE CT OXNARD CA,VEN,OXNARD,2005-9-23,2020-01-20
438,2553.0 MARISA PL SIMI_VALLEY CA,VEN,SIMI_VALLEY,2018-5-2,2020-01-20
439,10572.0 SANTA_PAULA-OJAI RD OJAI CA,VEN,OJAI,2018-9-6,2020-01-20
440,1882.0 ROYAL AVE SIMI_VALLEY CA,VEN,SIMI_VALLEY,2019-8-16,2020-01-20
441,336.0 OAK ST SANTA_PAULA CA,VEN,SANTA_PAULA,2010-7-26,2020-01-20
442,2279.0 WORKMAN AVE SIMI_VALLEY CA,VEN,SIMI_VALLEY,2018-10-8,2020-01-20
443,169.0 FLITTNER CIR THOUSAND_OAKS CA,VEN,THOUSAND_OAKS,2006-8-28,2020-01-20
444,502.0 WHITEGATE RD THOUSAND_OAKS CA,VEN,THOUSAND_OAKS,2014-10-2,2020-01-20
445,4991.0 DEKOVEN ST VENTURA CA,VEN,VENTURA,2013-2-14,2020-01-20
446,2335.0 MADRONE ST SIMI_VALLEY CA,VEN,SIMI_VALLEY,2011-3-11,2020-01-20
447,8657.0 CLEAR DR VENTURA CA,VEN,VENTURA,2020-4-13,2020-01-20
448,6186.0 FREMONT CIR CAMARILLO CA,VEN,CAMARILLO,2006-4-4,2020-01-20
449,11432.0 VENTURA AVE OJAI CA,VEN,OJAI,2020-4-30,2020-01-20
450,605.0 MILLS RD VENTURA CA,VEN,VENTURA,2018-7-25,2020-01-20
451,591.0 TREE_TOP LN THOUSAND_OAKS CA,VEN,THOUSAND_OAKS,2018-11-14,2020-01-20
452,2340.0 ALDRICH CIR THOUSAND_OAKS CA,VEN,THOUSAND_OAKS,2019-1-18,2020-01-20
453,2046.0 ENTRADA DR OXNARD CA,VEN,OXNARD,2012-4-29,2020-01-20
454,1380.0 ROSE_GARDEN CIR WESTLAKE CA,VEN,WESTLAKE,2016-5-18,2020-01-20
455,345.0 FIRST ST OXNARD CA,VEN,OXNARD,2007-1-17,2020-01-20
456,1169.0 CLIFF RD FILLMORE CA,VEN,FILLMORE,2005-7-29,2020-01-20
457,2511.0 HILLROSE PL OXNARD CA,VEN,OXNARD,2018-12-24,2020-01-20
458,1120.0 ROYAL AVE SIMI_VALLEY CA,VEN,SIMI_VALLEY,2017-5-4,2020-01-20
459,1552.0 VALLEY_HIGH AVE THOUSAND_OAKS CA,VEN,THOUSAND_OAKS,2010-10-11,2020-01-20
460,3284.0 RUNNING_TRAILS AVE SIMI_VALLEY CA,VEN,SIMI_VALLEY,2008-1-25,2020-01-20
461,2972.0 SHADOW_BROOK LN WESTLAKE CA,VEN,WESTLAKE,2019-7-24,2020-01-20
462,2504.0 MONACO DR OXNARD CA,VEN,OXNARD,2020-3-16,2020-01-20
463,4248.0 CARLOTTA ST SIMI_VALLEY CA,VEN,SIMI_VALLEY,2019-1-29,2020-01-20
464,680.0 GERANIUM LN SIMI_VALLEY CA,VEN,SIMI_VALLEY,2016-10-11,2020-01-20
465,866.0 PASEO_TOSAMAR nan CAMARILLO CA,VEN,CAMARILLO,2013-1-30,2020-01-20
466,2390.0 PLEASANT_I WAY THOUSAND_OAKS CA,VEN,THOUSAND_OAKS,2018-1-19,2020-01-20
467,6808.0 SIMMONS WAY MOORPARK CA,VEN,MOORPARK,2013-7-1,2020-01-20
468,6172.0 BARONS WAY OAK_PARK CA,VEN,OAK_PARK,2007-8-9,2020-01-20
469,650.0 BUENA_VISTA AVE OXNARD CA,VEN,OXNARD,2020-4-22,2020-01-20
470,455.0 WILBUR CT THOUSAND_OAKS CA,VEN,THOUSAND_OAKS,2015-11-11,2020-01-20
471,120.0 SIRIUS CIR THOUSAND_OAKS CA,VEN,THOUSAND_OAKS,2020-1-8,2020-01-20
472,342.0 HEMLOCK ST OXNARD CA,VEN,OXNARD,2015-5-27,2020-01-20
473,234.0 VENTURA AVE VENTURA CA,VEN,VENTURA,2012-9-17,2020-01-20
474,187.0 WILBUR RD THOUSAND_OAKS CA,VEN,THOUSAND_OAKS,2018-7-20,2020-01-20
475,6835.0 VISTA_DEL_RINCON DR RINCON CA,VEN,RINCON,2011-3-9,2020-01-20
476,2021.0 ERBES RD THOUSAND_OAKS CA,VEN,THOUSAND_OAKS,2007-1-10,2020-01-20
477,158.0 ROCKAWAY RD OJAI CA,VEN,OJAI,2016-5-1,2020-01-20
478,1031.0 WALTHAM_#G RD SIMI_VALLEY CA,VEN,SIMI_VALLEY,2012-6-6,2020-01-20
479,912.0 EVERGREEN LN PORT_HUENEME CA,VEN,PORT_HUENEME,2011-1-21,2020-01-20
480,756.0 FOURTH ST FILLMORE CA,VEN,FILLMORE,2017-10-10,2020-01-20
481,502.0 OAK ST OJAI CA,VEN,OJAI,2015-2-26,2020-01-20
482,6780.0 WHEELER_CANYON RD SANTA_PAULA CA,VEN,SANTA_PAULA,2017-9-7,2020-01-20
483,2030.0 KINGSBRIDGE WAY OXNARD CA,VEN,OXNARD,2013-5-6,2020-01-20
484,150.0 VINEYARD AVE OXNARD CA,VEN,OXNARD,2014-7-9,2020-01-20
485,14268.0 CLEMSON ST MOORPARK CA,VEN,MOORPARK,2016-7-1,2020-01-20
486,6983.0 VISTA_DEL_RINCON DR RINCON CA,VEN,RINCON,2015-2-5,2020-01-20
487,2357.0 KATARI ST VENTURA CA,VEN,VENTURA,2004-12-28,2020-01-20
488,4211.0 OLDS RD OXNARD CA,VEN,OXNARD,2014-1-22,2020-01-20
489,1304.0 OXNARD BLVD OXNARD CA,VEN,OXNARD,2006-4-19,2020-01-20
490,545.0 STEPHENS ST FILLMORE CA,VEN,FILLMORE,2016-3-9,2020-01-20
491,2138.0 EMMETT AVE SIMI_VALLEY CA,VEN,SIMI_VALLEY,2017-2-9,2020-01-20
492,120.0 REDWOOD LN SANTA_PAULA CA,VEN,SANTA_PAULA,2012-9-7,2020-01-20
493,458.0 EDGEWOOD DR FILLMORE CA,VEN,FILLMORE,2015-2-19,2020-01-20
494,2950.0 ISLE WAY OXNARD CA,VEN,OXNARD,2012-7-10,2020-01-20
495,486.0 MARYMOUNT CT VENTURA CA,VEN,VENTURA,2016-12-12,2020-01-20
496,5751.0 RECODO WAY CAMARILLO CA,VEN,CAMARILLO,2019-3-21,2020-01-20
497,200.0 ALPINE ST OXNARD CA,VEN,OXNARD,2008-7-30,2020-01-20
498,2929.0 ALBANY DR OXNARD CA,VEN,OXNARD,2020-3-2,2020-01-20
499,1003.0 WILEMAN ST FILLMORE CA,VEN,FILLMORE,2013-11-7,2020-01-20
500,756.0 CENTRAL AVE FILLMORE CA,VEN,FILLMORE,2013-11-7,2020-01-20
501,1900.0 LENNOX CT OXNARD CA,VEN,OXNARD,2015-9-14,2020-01-20
502,1371.0 WHITEHALL PL WESTLAKE CA,VEN,WESTLAKE,2016-12-8,2020-01-20
503,1076.0 SERENIDAD PL OJAI CA,VEN,OJAI,2015-6-26,2020-01-20
504,11010.0 RODEO DR OJAI CA,VEN,OJAI,2016-4-26,2020-01-20
505,2376.0 ROSEMARY ST SIMI_VALLEY CA,VEN,SIMI_VALLEY,2016-4-11,2020-01-20
506,519.0 TURNBURY ST SIMI_VALLEY CA,VEN,SIMI_VALLEY,2006-10-2,2020-01-20
507,2446.0 WOODPECKER AVE VENTURA CA,VEN,VENTURA,2020-5-7,2020-01-20
508,13190.0 CLOVERDALE ST MOORPARK CA,VEN,MOORPARK,2007-6-25,2020-01-20
509,1130.0 ROSALINDA DR OXNARD CA,VEN,OXNARD,2017-4-10,2020-01-20
510,1290.0 J ST OXNARD CA,VEN,OXNARD,2014-3-18,2020-01-20
511,2916.0 LOS_ROBLES RD THOUSAND_OAKS CA,VEN,THOUSAND_OAKS,2020-4-23,2020-01-20
512,5558.0 MOONSHADOW ST SIMI_VALLEY CA,VEN,SIMI_VALLEY,2016-9-8,2020-01-20
513,3424.0 SUNSET LN OXNARD CA,VEN,OXNARD,2018-6-20,2020-01-20
514,1115.0 RAMBLING RD SIMI_VALLEY CA,VEN,SIMI_VALLEY,2016-3-26,2020-01-20
515,1331.0 INDIGO PL OXNARD CA,VEN,OXNARD,2020-2-20,2020-01-20
516,8990.0 VENTURA AVE VENTURA CA,VEN,VENTURA,2011-8-17,2020-01-20
517,3115.0 HARBOR BLVD OXNARD CA,VEN,OXNARD,2015-3-10,2020-01-20
518,3406.0 CROSSPOINTE CT SIMI_VALLEY CA,VEN,SIMI_VALLEY,2017-5-24,2020-01-20
519,780.0 GLOUCESTER LN THOUSAND_OAKS CA,VEN,THOUSAND_OAKS,2013-7-18,2020-01-20
520,2702.0 LADBROOK WAY THOUSAND_OAKS CA,VEN,THOUSAND_OAKS,2020-3-6,2020-01-20
521,6094.0 TAHOE PL CAMARILLO CA,VEN,CAMARILLO,2019-1-15,2020-01-20
522,1043.0 IRIS ST OXNARD CA,VEN,OXNARD,2017-10-6,2020-01-20
523,1261.0 DUBONNET CT OAK_PARK CA,VEN,OAK_PARK,2011-7-25,2020-01-20
524,3605.0 DUNKIRK DR OXNARD CA,VEN,OXNARD,2017-3-27,2020-01-20
525,5646.0 LOS_ANGELES AVE SIMI_VALLEY CA,VEN,SIMI_VALLEY,2012-1-17,2020-01-20
