,address,County,City,Sold_date,Listed_date
0,3739 TEMESCAL AVE NORCO CA,RIV,NORCO,2019-5-7,2019-06-03
1,2975 LAS_FLORES AVE RIVERSIDE CA,RIV,RIVERSIDE,2020-2-11,2019-06-03
2,4513 CALIFORNIA AVE NORCO CA,RIV,NORCO,2019-5-9,2019-06-03
3,6091 HUDSON ST JURUPA_VALLEY CA,RIV,JURUPA_VALLEY,2013-5-1,2019-06-03
4,7907 STANDISH AVE JURUPA_VALLEY CA,RIV,JURUPA_VALLEY,2018-10-5,2019-06-03
5,4226 JURUPA AVE RIVERSIDE CA,RIV,RIVERSIDE,2008-10-10,2019-06-03
6,6666 INDIANA AVE RIVERSIDE CA,RIV,RIVERSIDE,2014-4-22,2019-06-03
7,8450 MIMOSA_TREE CT RIVERSIDE CA,RIV,RIVERSIDE,2013-3-27,2019-06-03
8,10089 THORNBIRD CT MORENO_VALLEY CA,RIV,MORENO_VALLEY,2016-12-1,2019-06-03
9,24311 SWIFT_DEER TRL CORONA CA,RIV,CORONA,2013-4-15,2019-06-03
10,606 MINTHORN ST LAKE_ELSINORE CA,RIV,LAKE_ELSINORE,2008-10-28,2019-06-03
11,13675 DAIMLER ST MORENO_VALLEY CA,RIV,MORENO_VALLEY,2019-12-6,2019-06-03
12,13478 ALPINE ST MORENO_VALLEY CA,RIV,MORENO_VALLEY,2019-11-9,2019-06-03
13,300 MOLINO RD PALM_SPRINGS CA,RIV,PALM_SPRINGS,2016-3-16,2019-06-03
14,1184 PAJARO RD PALM_SPRINGS CA,RIV,PALM_SPRINGS,2019-7-23,2019-06-03
15,402 FARRELL DR PALM_SPRINGS CA,RIV,PALM_SPRINGS,2012-4-11,2019-06-03
16,1943 SANDALWOOD DR PALM_SPRINGS CA,RIV,PALM_SPRINGS,2013-6-27,2019-06-03
17,839 ARENAS RD PALM_SPRINGS CA,RIV,PALM_SPRINGS,2007-1-24,2019-06-03
18,42191 LITTLE_LAKE RD HEMET CA,RIV,HEMET,2015-7-23,2019-06-03
19,79575 BERMUDA_DUNES DR BERMUDA_DUNES CA,RIV,BERMUDA_DUNES,2012-11-14,2019-06-03
20,143 CAMINO_ARROYO nan PALM_DESERT CA,RIV,PALM_DESERT,2005-4-5,2019-06-03
21,76863 DAFFODIL DR PALM_DESERT CA,RIV,PALM_DESERT,2013-1-18,2019-06-03
22,76819 LANCELOT CT PALM_DESERT CA,RIV,PALM_DESERT,2020-1-27,2019-06-03
23,71731 PAINTED_CANYON RD PALM_DESERT CA,RIV,PALM_DESERT,2016-6-6,2019-06-03
24,936 PASEO_DOROTEA nan PALM_SPRINGS CA,RIV,PALM_SPRINGS,2012-12-19,2019-06-03
25,808 ARROYO_VISTA RD PALM_SPRINGS CA,RIV,PALM_SPRINGS,2013-4-17,2019-06-03
26,7 MALAGA DR RANCHO_MIRAGE CA,RIV,RANCHO_MIRAGE,2019-2-25,2019-06-03
27,68390 INDIGO LN nan CA,RIV,nan,2007-11-26,2019-06-03
28,37298 PALO_VERDE DR nan CA,RIV,nan,2006-9-20,2019-06-03
29,30941 SUNNY_ROCK RD DESERT_HOT_SPRINGS CA,RIV,DESERT_HOT_SPRINGS,2019-6-25,2019-06-03
