,address,City,Sold date,Listed date
0,5227 SAN_FELICIANO DR LOS_ANGELES CA,LOS_ANGELES,2017-12-7,2019-05-29
1,5001 NEWCASTLE AVE LOS_ANGELES CA,LOS_ANGELES,2019-5-21,2019-05-29
2,14243 VICTORY BLVD LOS_ANGELES CA,LOS_ANGELES,2020-3-16,2019-05-29
3,4909 WOODLEY AVE LOS_ANGELES CA,LOS_ANGELES,2019-5-6,2019-05-29
4,14817 OTSEGO ST LOS_ANGELES CA,LOS_ANGELES,2014-6-13,2019-05-29
5,6558 WOODMAN AVE LOS_ANGELES CA,LOS_ANGELES,2019-7-17,2019-05-29
6,10724 LULL ST LOS_ANGELES CA,LOS_ANGELES,2020-1-6,2019-05-29
7,300 KEYSTONE ST BURBANK CA,BURBANK,2020-2-18,2019-05-29
8,16433 GLEDHILL ST LOS_ANGELES CA,LOS_ANGELES,2016-1-27,2019-05-29
9,28033 CERO DR SANTA_CLARITA CA,SANTA_CLARITA,2006-5-11,2019-05-29
10,2927 73RD ST LOS_ANGELES CA,LOS_ANGELES,2017-6-22,2019-05-29
11,3710 119TH PL HAWTHORNE CA,HAWTHORNE,2017-1-23,2019-05-29
12,662 DITMAN AVE LOS_ANGELES CA,LOS_ANGELES,2018-4-5,2019-05-29
13,2333 COLLEGIAN AVE MONTEREY_PARK CA,MONTEREY_PARK,2011-8-2,2019-05-29
14,724 1ST ST MONTEBELLO CA,MONTEBELLO,2020-3-6,2019-05-29
15,4664 JESSICA DR LOS_ANGELES CA,LOS_ANGELES,2018-4-26,2019-05-29
16,5700 HILL_OAK DR LOS_ANGELES CA,LOS_ANGELES,2019-9-19,2019-05-29
17,4230 PARVA AVE LOS_ANGELES CA,LOS_ANGELES,2020-3-30,2019-05-29
18,1369 WINCHESTER AVE GLENDALE CA,GLENDALE,2014-10-14,2019-05-29
19,845 84TH ST LOS_ANGELES CA,LOS_ANGELES,2019-9-11,2019-05-29
20,1225 103RD ST LOS_ANGELES CA,LOS_ANGELES,2019-10-17,2019-05-29
21,529 104TH PL LOS_ANGELES CA,LOS_ANGELES,2019-11-18,2019-05-29
22,3820 WALNUT AVE LONG_BEACH CA,LONG_BEACH,2016-2-12,2019-05-29
23,12028 SUMMER AVE NORWALK CA,NORWALK,2012-8-24,2019-05-29
24,11940 NAVA ST NORWALK CA,NORWALK,2020-2-24,2019-05-29
25,1470 ARROYO AVE POMONA CA,POMONA,2018-6-7,2019-05-29
26,18822 CITRUS_EDGE ST AZUSA CA,AZUSA,2019-8-27,2019-05-29
27,439 PASADENA AVE GLENDORA CA,GLENDORA,2019-4-9,2019-05-29
