,address,City,Sold date,Listed date
0,5227 SAN_FELICIANO DR LOS_ANGELES CA,LOS_ANGELES,2017-12-7,2019-05-29
1,5001 NEWCASTLE AVE LOS_ANGELES CA,LOS_ANGELES,2019-5-21,2019-05-29
2,14243 VICTORY BLVD LOS_ANGELES CA,LOS_ANGELES,2020-3-16,2019-05-29
3,4909 WOODLEY AVE LOS_ANGELES CA,LOS_ANGELES,2019-5-6,2019-05-29
4,6558 WOODMAN AVE LOS_ANGELES CA,LOS_ANGELES,2019-7-17,2019-05-29
5,300 KEYSTONE ST BURBANK CA,BURBANK,2020-2-18,2019-05-29
6,16433 GLEDHILL ST LOS_ANGELES CA,LOS_ANGELES,2016-1-27,2019-05-29
7,662 DITMAN AVE LOS_ANGELES CA,LOS_ANGELES,2018-4-5,2019-05-29
8,4664 JESSICA DR LOS_ANGELES CA,LOS_ANGELES,2018-4-26,2019-05-29
9,5700 HILL_OAK DR LOS_ANGELES CA,LOS_ANGELES,2019-9-19,2019-05-29
10,1369 WINCHESTER AVE GLENDALE CA,GLENDALE,2014-10-14,2019-05-29
11,529 104TH PL LOS_ANGELES CA,LOS_ANGELES,2019-11-18,2019-05-29
12,12028 SUMMER AVE NORWALK CA,NORWALK,2012-8-24,2019-05-29
13,439 PASADENA AVE GLENDORA CA,GLENDORA,2019-4-9,2019-05-29
