,address,City,Sold date,Listed date
0,186.0 OAK_GLEN AVE OJAI CA,OJAI,2016-4-28,2019-05-29
1,791.0 BOARDMAN RD OJAI CA,OJAI,2008-5-8,2019-05-29
2,955.0 BURNHAM RD OJAI CA,OJAI,2017-6-28,2019-05-29
3,1949.0 GRAND AVE FILLMORE CA,FILLMORE,2020-4-20,2019-05-29
4,1405.0 WATERFORD LN FILLMORE CA,FILLMORE,2014-2-11,2019-05-29
5,727.0 EDISON LN FILLMORE CA,FILLMORE,2005-2-18,2019-05-29
6,713.0 BLAINE AVE FILLMORE CA,FILLMORE,2014-1-6,2019-05-29
7,328.0 CLAY ST FILLMORE CA,FILLMORE,2013-5-7,2019-05-29
8,481.0 CAMULOS PL PIRU CA,PIRU,2009-7-31,2019-05-29
9,141.0 MOUNTAIN_VIEW ST OJAI CA,OJAI,2013-5-2,2019-05-29
10,182.0 MOUNTAIN_VIEW ST OJAI CA,OJAI,2012-12-18,2019-05-29
11,5154.0 NORWAY DR VENTURA CA,VENTURA,2012-6-18,2019-05-29
12,365.0 COMSTOCK DR VENTURA CA,VENTURA,2011-10-14,2019-05-29
13,165.0 EL_MEDIO ST VENTURA CA,VENTURA,2019-9-23,2019-05-29
14,7224.0 MESA CIR VENTURA CA,VENTURA,2013-11-14,2019-05-29
15,1445.0 BUENA_VISTA ST VENTURA CA,VENTURA,2017-3-13,2019-05-29
16,6745.0 SARGENT LN VENTURA CA,VENTURA,2007-7-11,2019-05-29
17,895.0 GREENSBORO RD VENTURA CA,VENTURA,2020-1-21,2019-05-29
18,7398.0 EISENHOWER ST VENTURA CA,VENTURA,2007-11-21,2019-05-29
19,11295.0 AZAHAR ST VENTURA CA,VENTURA,2010-9-4,2019-05-29
20,21.0 POINSETTIA_GARDENS DR VENTURA CA,VENTURA,2013-5-17,2019-05-29
21,320.0 FELKINS RD SANTA_PAULA CA,SANTA_PAULA,2019-12-6,2019-05-29
22,930.0 LA_VUELTA PL SANTA_PAULA CA,SANTA_PAULA,2011-5-10,2019-05-29
23,120.0 REDWOOD LN SANTA_PAULA CA,SANTA_PAULA,2012-9-7,2019-05-29
24,1107.0 OJAI RD SANTA_PAULA CA,SANTA_PAULA,2009-1-28,2019-05-29
25,1103.0 OJAI RD SANTA_PAULA CA,SANTA_PAULA,2009-1-28,2019-05-29
26,540.0 GUIBERSON ST SANTA_PAULA CA,SANTA_PAULA,2013-7-3,2019-05-29
27,308.0 ATMORE DR SANTA_PAULA CA,SANTA_PAULA,2012-5-23,2019-05-29
28,326.0 ACACIA RD SANTA_PAULA CA,SANTA_PAULA,2009-1-28,2019-05-29
29,40.0 BAHIA CIR SANTA_PAULA CA,SANTA_PAULA,2011-1-5,2019-05-29
30,318.0 BLANCHARD AVE SANTA_PAULA CA,SANTA_PAULA,2016-4-26,2019-05-29
31,1383.0 OWENS AVE VENTURA CA,VENTURA,2010-7-21,2019-05-29
32,1417.0 ZION WAY VENTURA CA,VENTURA,2014-4-26,2019-05-29
33,744.0 WILL AVE OXNARD CA,OXNARD,2018-5-23,2019-05-29
34,1337.0 DEL_NORTE RD CAMARILLO CA,CAMARILLO,2013-9-16,2019-05-29
35,3653.0 ALMOND DR OXNARD CA,OXNARD,2006-12-21,2019-05-29
36,2235.0 KLAMATH DR CAMARILLO CA,CAMARILLO,2012-7-27,2019-05-29
37,353.0 ESTANCIA PL CAMARILLO CA,CAMARILLO,2007-4-10,2019-05-29
38,78.0 RAEMERE ST CAMARILLO CA,CAMARILLO,2009-9-30,2019-05-29
39,2758.0 MCCULLOCH ST CAMARILLO CA,CAMARILLO,2020-1-7,2019-05-29
40,5564.0 HOLLY_RIDGE DR CAMARILLO CA,CAMARILLO,2005-4-6,2019-05-29
41,740.0 HUNT CIR CAMARILLO CA,CAMARILLO,2019-9-21,2019-05-29
42,2630.0 BELLERIVE CT OXNARD CA,OXNARD,2011-9-27,2019-05-29
43,2131.0 ORLOP PL OXNARD CA,OXNARD,2013-4-16,2019-05-29
44,1723.0 EMERALD_ISLE WAY OXNARD CA,OXNARD,2012-9-25,2019-05-29
45,109.0 CHANNEL_ISLANDS BLVD PORT_HUENEME CA,PORT_HUENEME,2020-1-10,2019-05-29
46,2563.0 TILLER AVE PORT_HUENEME CA,PORT_HUENEME,2007-7-5,2019-05-29
47,532.0 VENTURA RD OXNARD CA,OXNARD,2018-12-4,2019-05-29
48,509.0 MC_KINLEY AVE OXNARD CA,OXNARD,2003-9-29,2019-05-29
49,401.0 HARRISON ST OXNARD CA,OXNARD,2019-12-4,2019-05-29
50,610.0 G ST OXNARD CA,OXNARD,2019-1-17,2019-05-29
51,543.0 C ST OXNARD CA,OXNARD,2005-7-30,2019-05-29
52,1315.0 C ST OXNARD CA,OXNARD,2020-3-17,2019-05-29
53,1744.0 SAVIERS RD OXNARD CA,OXNARD,2019-10-15,2019-05-29
54,1124.0 SIXTH ST PORT_HUENEME CA,PORT_HUENEME,2014-7-29,2019-05-29
55,200.0 ALPINE ST OXNARD CA,OXNARD,2008-7-30,2019-05-29
56,1944.0 O_NEILL PL OXNARD CA,OXNARD,2015-3-31,2019-05-29
57,4305.0 SAN_JUAN AVE OXNARD CA,OXNARD,2019-12-5,2019-05-29
58,1921.0 NASHVILLE PL OXNARD CA,OXNARD,2019-6-26,2019-05-29
59,8775.0 GRIMES_CANYON RD MOORPARK CA,MOORPARK,2009-2-20,2019-05-29
60,12604.0 AMBERMEADOW ST MOORPARK CA,MOORPARK,2013-2-28,2019-05-29
61,445.0 MILLARD ST MOORPARK CA,MOORPARK,2019-7-18,2019-05-29
62,10680.0 CITRUS DR MOORPARK CA,MOORPARK,2012-6-22,2019-05-29
63,1858.0 MARLOWE ST THOUSAND_OAKS CA,THOUSAND_OAKS,2007-11-30,2019-05-29
64,366.0 RAINDANCE ST THOUSAND_OAKS CA,THOUSAND_OAKS,2015-6-8,2019-05-29
65,2872.0 CONEFLOWER ST THOUSAND_OAKS CA,THOUSAND_OAKS,2019-9-4,2019-05-29
66,2880.0 WOODFLOWER ST THOUSAND_OAKS CA,THOUSAND_OAKS,2020-1-23,2019-05-29
67,2642.0 RESERVOIR DR SIMI_VALLEY CA,SIMI_VALLEY,2010-12-11,2019-05-29
68,2767.0 DALENHURST PL SIMI_VALLEY CA,SIMI_VALLEY,2015-9-29,2019-05-29
69,2466.0 SAINT_CLAIR AVE SIMI_VALLEY CA,SIMI_VALLEY,2020-2-23,2019-05-29
70,3189.0 PEORIA AVE SIMI_VALLEY CA,SIMI_VALLEY,2014-6-17,2019-05-29
71,1354.0 AGNEW ST SIMI_VALLEY CA,SIMI_VALLEY,2019-8-28,2019-05-29
72,1403.0 BUCKSKIN AVE SIMI_VALLEY CA,SIMI_VALLEY,2011-11-30,2019-05-29
73,2908.0 FLETCHER ST SIMI_VALLEY CA,SIMI_VALLEY,2014-6-6,2019-05-29
74,1831.0 KEARNEY AVE SIMI_VALLEY CA,SIMI_VALLEY,2020-1-31,2019-05-29
75,2335.0 MADRONE ST SIMI_VALLEY CA,SIMI_VALLEY,2011-3-11,2019-05-29
76,1750.0 TAPO ST SIMI_VALLEY CA,SIMI_VALLEY,2020-3-16,2019-05-29
77,6290.0 GOSHEN ST SIMI_VALLEY CA,SIMI_VALLEY,2007-3-15,2019-05-29
78,5790.0 FEARING ST SIMI_VALLEY CA,SIMI_VALLEY,2014-3-27,2019-05-29
79,1714.0 DAMON ST SIMI_VALLEY CA,SIMI_VALLEY,2007-12-31,2019-05-29
80,2267.0 ADRIAN ST THOUSAND_OAKS CA,THOUSAND_OAKS,2010-2-15,2019-05-29
81,3866.0 GREENWOOD ST THOUSAND_OAKS CA,THOUSAND_OAKS,2010-9-24,2019-05-29
82,1575.0 APPLEFIELD ST THOUSAND_OAKS CA,THOUSAND_OAKS,2019-7-19,2019-05-29
83,2021.0 ERBES RD THOUSAND_OAKS CA,THOUSAND_OAKS,2007-1-10,2019-05-29
84,2966.0 GREAT_SMOKEY CT WESTLAKE CA,WESTLAKE,2008-10-8,2019-05-29
85,15555.0 YERBA_BUENA RD MALIBU CA,MALIBU,2017-7-20,2019-05-29
86,2275.0 THORSBY RD THOUSAND_OAKS CA,THOUSAND_OAKS,2014-3-14,2019-05-29
87,578.0 WATER_OAK LN OAK_PARK CA,OAK_PARK,2013-6-22,2019-05-29
