,address,City,Sold date,Listed date
0,380.0 VALLEY_VIEW RD OJAI CA,OJAI,2019-8-28,2019-05-29
1,1250.0 MEYERS RD OJAI CA,OJAI,2016-9-23,2019-05-29
2,181.0 ALVARADO AVE OJAI CA,OJAI,2011-8-31,2019-05-29
3,143.0 PADRE_JUAN AVE OJAI CA,OJAI,2013-1-6,2019-05-29
4,229.0 EL_ROBLAR DR OJAI CA,OJAI,2008-5-12,2019-05-29
5,377.0 LA_LUNA AVE OJAI CA,OJAI,2020-5-2,2019-05-29
6,234.0 PADRE_JUAN AVE OJAI CA,OJAI,2016-9-1,2019-05-29
7,522.0 EL_SOL DR OJAI CA,OJAI,2015-2-26,2019-05-29
8,1112.0 EL_CENTRO ST OJAI CA,OJAI,2012-12-18,2019-05-29
9,1108.0 LA_LUNA RD OJAI CA,OJAI,2016-7-11,2019-05-29
10,321.0 OLD_BALDWIN RD OJAI CA,OJAI,2019-12-12,2019-05-29
11,114.0 SIERRA RD OJAI CA,OJAI,2019-9-17,2019-05-29
12,712.0 MONTGOMERY ST OJAI CA,OJAI,2009-9-27,2019-05-29
13,504.0 SHADY LN OJAI CA,OJAI,2005-12-20,2019-05-29
14,306.0 VENTURA ST OJAI CA,OJAI,2015-12-10,2019-05-29
15,1105.0 COUNTRY_CLUB DR OJAI CA,OJAI,2018-4-10,2019-05-29
16,186.0 OAK_GLEN AVE OJAI CA,OJAI,2016-4-28,2019-05-29
17,186.0 OAK_GLEN AVE OJAI CA,OJAI,2016-4-28,2019-05-29
18,791.0 BOARDMAN RD OJAI CA,OJAI,2008-5-8,2019-05-29
19,1503.0 SAN_RAFAEL ST OJAI CA,OJAI,2015-3-5,2019-05-29
20,314.0 GOLDEN_WEST AVE OJAI CA,OJAI,2006-7-25,2019-05-29
21,910.0 VENTURA AVE OJAI CA,OJAI,2015-6-22,2019-05-29
22,1133.0 FOREST AVE OJAI CA,OJAI,2009-11-18,2019-05-29
23,955.0 BURNHAM RD OJAI CA,OJAI,2017-6-28,2019-05-29
24,11571.0 OAKCREST AVE OJAI CA,OJAI,2014-12-5,2019-05-29
25,2571.0 BONMARK DR OJAI CA,OJAI,2017-8-22,2019-05-29
26,11672.0 VENTURA AVE OJAI CA,OJAI,2019-7-29,2019-05-29
27,11432.0 VENTURA AVE OJAI CA,OJAI,2020-4-30,2019-05-29
28,566.0 VENTURA AVE OJAI CA,OJAI,2018-7-10,2019-05-29
29,580.0 VENTURA AVE OJAI CA,OJAI,2018-7-10,2019-05-29
30,420.0 VENTURA AVE OJAI CA,OJAI,2017-9-20,2019-05-29
31,107.0 PORTAL ST OJAI CA,OJAI,2017-2-7,2019-05-29
32,11010.0 RODEO DR OJAI CA,OJAI,2016-4-26,2019-05-29
33,12123.0 MOUNTAIN_LION RD OJAI CA,OJAI,2020-2-21,2019-05-29
34,8228.0 SULPHUR_MT RD OJAI CA,OJAI,2020-2-21,2019-05-29
35,1030.0 STONE_GATE RD SANTA_PAULA CA,SANTA_PAULA,2012-10-31,2019-05-29
36,3622.0 OJAI RD SANTA_PAULA CA,SANTA_PAULA,2017-10-19,2019-05-29
37,547.0 SESPE AVE FILLMORE CA,FILLMORE,2018-4-9,2019-05-29
38,1421.0 GOODENOUGH RD FILLMORE CA,FILLMORE,2017-4-6,2019-05-29
39,2091.0 GRAND AVE FILLMORE CA,FILLMORE,2014-2-28,2019-05-29
40,1949.0 GRAND AVE FILLMORE CA,FILLMORE,2020-4-20,2019-05-29
41,1547.0 RIVERSIDE AVE FILLMORE CA,FILLMORE,2017-3-10,2019-05-29
42,1405.0 WATERFORD LN FILLMORE CA,FILLMORE,2014-2-11,2019-05-29
43,361.0 FOOTHILL DR FILLMORE CA,FILLMORE,2019-12-10,2019-05-29
44,808.0 WOODGROVE RD FILLMORE CA,FILLMORE,2019-12-4,2019-05-29
45,737.0 AKERS ST FILLMORE CA,FILLMORE,2020-3-27,2019-05-29
46,756.0 CENTRAL AVE FILLMORE CA,FILLMORE,2013-11-7,2019-05-29
47,407.0 SECOND ST FILLMORE CA,FILLMORE,2013-1-4,2019-05-29
48,628.0 MOUNTAIN_VIEW ST FILLMORE CA,FILLMORE,2010-3-1,2019-05-29
49,727.0 EDISON LN FILLMORE CA,FILLMORE,2005-2-18,2019-05-29
50,952.0 BLAINE AVE FILLMORE CA,FILLMORE,2015-2-14,2019-05-29
51,713.0 BLAINE AVE FILLMORE CA,FILLMORE,2014-1-6,2019-05-29
52,756.0 FOURTH ST FILLMORE CA,FILLMORE,2017-10-10,2019-05-29
53,714.0 BLAINE AVE FILLMORE CA,FILLMORE,2013-4-17,2019-05-29
54,1032.0 FIRST ST FILLMORE CA,FILLMORE,2012-4-21,2019-05-29
55,314.0 D ST FILLMORE CA,FILLMORE,2014-11-18,2019-05-29
56,1003.0 WILEMAN ST FILLMORE CA,FILLMORE,2013-11-7,2019-05-29
57,73.0 SOUTHERN_PACIFIC ST FILLMORE CA,FILLMORE,2007-3-23,2019-05-29
58,609.0 SANTA_CLARA ST FILLMORE CA,FILLMORE,2013-4-17,2019-05-29
59,649.0 SANTA_CLARA ST FILLMORE CA,FILLMORE,2013-4-17,2019-05-29
60,328.0 CLAY ST FILLMORE CA,FILLMORE,2013-5-7,2019-05-29
61,211.0 CLAY ST FILLMORE CA,FILLMORE,2015-2-14,2019-05-29
62,547.0 SESPE nan PIRU CA,PIRU,2018-4-9,2019-05-29
63,545.0 TEMESCAL ST PIRU CA,PIRU,2019-8-12,2019-05-29
64,527.0 RAMONA nan PIRU CA,PIRU,2012-9-10,2019-05-29
65,599.0 CHURCH ST PIRU CA,PIRU,2015-1-28,2019-05-29
66,481.0 CAMULOS PL PIRU CA,PIRU,2009-7-31,2019-05-29
67,7101.0 SANTA_PAULA AVE RINCON CA,RINCON,2020-5-11,2019-05-29
68,7101.0 SANTA_PAULA AVE RINCON CA,RINCON,2020-5-11,2019-05-29
69,7007.0 BAKERSFIELD AVE RINCON CA,RINCON,2015-8-20,2019-05-29
70,3098.0 SOLIMAR_BEACH DR RINCON CA,RINCON,2020-3-27,2019-05-29
71,141.0 MOUNTAIN_VIEW ST OJAI CA,OJAI,2013-5-2,2019-05-29
72,182.0 MOUNTAIN_VIEW ST OJAI CA,OJAI,2012-12-18,2019-05-29
73,129.0 APRICOT ST OJAI CA,OJAI,2013-3-21,2019-05-29
74,127.0 BUNDREN ST OJAI CA,OJAI,2018-1-23,2019-05-29
75,219.0 BUNDREN ST OJAI CA,OJAI,2011-10-5,2019-05-29
76,110.0 OAK_VIEW AVE OJAI CA,OJAI,2016-11-16,2019-05-29
77,8225.0 VENTURA AVE OJAI CA,OJAI,2012-3-20,2019-05-29
78,209.0 ASHBY CT OJAI CA,OJAI,2009-6-8,2019-05-29
79,6645.0 WHEELER_CANYON RD SANTA_PAULA CA,SANTA_PAULA,2016-2-24,2019-05-29
80,5017.0 CROOKED_PALM RD VENTURA CA,VENTURA,2019-12-19,2019-05-29
81,5017.0 CROOKED_PALM RD VENTURA CA,VENTURA,2019-12-19,2019-05-29
82,5408.0 FLORAL DR VENTURA CA,VENTURA,2019-7-2,2019-05-29
83,5154.0 NORWAY DR VENTURA CA,VENTURA,2012-6-18,2019-05-29
84,252.0 FRASER LN VENTURA CA,VENTURA,2007-5-9,2019-05-29
85,2619.0 VENTURA AVE VENTURA CA,VENTURA,2007-2-20,2019-05-29
86,2619.0 VENTURA AVE VENTURA CA,VENTURA,2007-2-20,2019-05-29
87,2055.0 VENTURA AVE VENTURA CA,VENTURA,2016-2-29,2019-05-29
88,132.0 JAMES DR VENTURA CA,VENTURA,2019-10-23,2019-05-29
89,205.0 FLINT ST VENTURA CA,VENTURA,2007-10-29,2019-05-29
90,315.0 BARRY DR VENTURA CA,VENTURA,2014-8-18,2019-05-29
91,365.0 COMSTOCK DR VENTURA CA,VENTURA,2011-10-14,2019-05-29
92,165.0 EL_MEDIO ST VENTURA CA,VENTURA,2019-9-23,2019-05-29
93,115.0 BARNETT ST VENTURA CA,VENTURA,2009-12-10,2019-05-29
94,7224.0 MESA CIR VENTURA CA,VENTURA,2013-11-14,2019-05-29
95,606.0 VENTURA AVE VENTURA CA,VENTURA,2019-8-9,2019-05-29
96,56.0 SIMPSON ST VENTURA CA,VENTURA,2020-3-12,2019-05-29
97,436.0 OLIVE ST VENTURA CA,VENTURA,2009-11-13,2019-05-29
98,828.0 KHYBER DR VENTURA CA,VENTURA,2015-8-8,2019-05-29
99,1445.0 BUENA_VISTA ST VENTURA CA,VENTURA,2017-3-13,2019-05-29
100,1943.0 TERRACE DR VENTURA CA,VENTURA,2015-4-20,2019-05-29
101,2010.0 TERRACE DR VENTURA CA,VENTURA,2005-2-14,2019-05-29
102,701.0 MAIN ST VENTURA CA,VENTURA,2015-4-10,2019-05-29
103,40.0 FIR ST VENTURA CA,VENTURA,2015-4-10,2019-05-29
104,1547.0 MAIN ST VENTURA CA,VENTURA,2017-1-9,2019-05-29
105,1105.0 META ST VENTURA CA,VENTURA,2018-5-16,2019-05-29
106,118.0 SANTA_ROSA ST VENTURA CA,VENTURA,2009-7-7,2019-05-29
107,2569.0 POLI ST VENTURA CA,VENTURA,2014-8-27,2019-05-29
108,167.0 EVERGREEN DR VENTURA CA,VENTURA,2019-6-25,2019-05-29
109,2555.0 MAIN ST VENTURA CA,VENTURA,2016-12-30,2019-05-29
110,437.0 CATALINA ST VENTURA CA,VENTURA,2008-11-7,2019-05-29
111,510.0 BORCHARD DR VENTURA CA,VENTURA,2017-5-11,2019-05-29
112,3454.0 FAIRMONT DR VENTURA CA,VENTURA,2013-1-30,2019-05-29
113,251.0 PALOMARES AVE VENTURA CA,VENTURA,2018-5-3,2019-05-29
114,246.0 ASHWOOD AVE VENTURA CA,VENTURA,2015-6-16,2019-05-29
115,4795.0 TEMPLETON ST VENTURA CA,VENTURA,2020-4-3,2019-05-29
116,910.0 PENINSULA ST VENTURA CA,VENTURA,2018-3-2,2019-05-29
117,1082.0 PITTSFIELD LN VENTURA CA,VENTURA,2016-3-20,2019-05-29
118,1215.0 KINGSTON LN VENTURA CA,VENTURA,2018-2-28,2019-05-29
119,1368.0 NATHAN LN VENTURA CA,VENTURA,2016-5-16,2019-05-29
120,38.0 TELOMA DR VENTURA CA,VENTURA,2016-5-9,2019-05-29
121,5601.0 LARKIN ST VENTURA CA,VENTURA,2008-2-26,2019-05-29
122,6745.0 SARGENT LN VENTURA CA,VENTURA,2007-7-11,2019-05-29
123,4991.0 DEKOVEN ST VENTURA CA,VENTURA,2013-2-14,2019-05-29
124,2500.0 KNOLL DR VENTURA CA,VENTURA,2006-11-21,2019-05-29
125,7344.0 JACKSON ST VENTURA CA,VENTURA,2011-10-7,2019-05-29
126,895.0 GREENSBORO RD VENTURA CA,VENTURA,2020-1-21,2019-05-29
127,8133.0 MEDFORD ST VENTURA CA,VENTURA,2016-12-20,2019-05-29
128,7398.0 EISENHOWER ST VENTURA CA,VENTURA,2007-11-21,2019-05-29
129,10244.0 DARLING RD VENTURA CA,VENTURA,2015-2-11,2019-05-29
130,11064.0 ASTER ST VENTURA CA,VENTURA,2008-2-8,2019-05-29
131,11175.0 ASTER ST VENTURA CA,VENTURA,2016-8-23,2019-05-29
132,11175.0 ASTER ST VENTURA CA,VENTURA,2016-8-23,2019-05-29
133,11295.0 AZAHAR ST VENTURA CA,VENTURA,2010-9-4,2019-05-29
134,11221.0 ROSAL LN VENTURA CA,VENTURA,2019-7-29,2019-05-29
135,11417.0 NARDO ST VENTURA CA,VENTURA,2016-6-1,2019-05-29
136,21.0 POINSETTIA_GARDENS DR VENTURA CA,VENTURA,2013-5-17,2019-05-29
137,320.0 FELKINS RD SANTA_PAULA CA,SANTA_PAULA,2019-12-6,2019-05-29
138,64.0 LINDSAY LN SANTA_PAULA CA,SANTA_PAULA,2012-10-31,2019-05-29
139,1148.0 MARIGOLD LN SANTA_PAULA CA,SANTA_PAULA,2017-5-2,2019-05-29
140,930.0 LA_VUELTA PL SANTA_PAULA CA,SANTA_PAULA,2011-5-10,2019-05-29
141,601.0 SANTA_PAULA ST SANTA_PAULA CA,SANTA_PAULA,2011-5-16,2019-05-29
142,590.0 DANA DR SANTA_PAULA CA,SANTA_PAULA,2007-4-24,2019-05-29
143,120.0 REDWOOD LN SANTA_PAULA CA,SANTA_PAULA,2012-9-7,2019-05-29
144,1107.0 OJAI RD SANTA_PAULA CA,SANTA_PAULA,2009-1-28,2019-05-29
145,1103.0 OJAI RD SANTA_PAULA CA,SANTA_PAULA,2009-1-28,2019-05-29
146,1335.0 SAY RD SANTA_PAULA CA,SANTA_PAULA,2016-9-19,2019-05-29
147,603.0 THIRTEENTH ST SANTA_PAULA CA,SANTA_PAULA,2017-2-27,2019-05-29
148,540.0 GUIBERSON ST SANTA_PAULA CA,SANTA_PAULA,2013-7-3,2019-05-29
149,1060.0 MAIN ST SANTA_PAULA CA,SANTA_PAULA,2014-3-21,2019-05-29
150,238.0 13TH ST SANTA_PAULA CA,SANTA_PAULA,2017-3-16,2019-05-29
151,650.0 VENUS AVE SANTA_PAULA CA,SANTA_PAULA,2008-9-10,2019-05-29
152,308.0 ATMORE DR SANTA_PAULA CA,SANTA_PAULA,2012-5-23,2019-05-29
153,326.0 ACACIA RD SANTA_PAULA CA,SANTA_PAULA,2009-1-28,2019-05-29
154,649.0 SANTA_CRUZ ST SANTA_PAULA CA,SANTA_PAULA,2017-6-9,2019-05-29
155,40.0 BAHIA CIR SANTA_PAULA CA,SANTA_PAULA,2011-1-5,2019-05-29
156,104.0 PALM AVE SANTA_PAULA CA,SANTA_PAULA,2009-7-13,2019-05-29
157,704.0 HARVARD BLVD SANTA_PAULA CA,SANTA_PAULA,2016-6-27,2019-05-29
158,336.0 OAK ST SANTA_PAULA CA,SANTA_PAULA,2010-7-26,2019-05-29
159,318.0 BLANCHARD AVE SANTA_PAULA CA,SANTA_PAULA,2016-4-26,2019-05-29
160,223.0 CRAIG DR SANTA_PAULA CA,SANTA_PAULA,2009-4-13,2019-05-29
161,118.0 VENTURA ST SANTA_PAULA CA,SANTA_PAULA,2010-4-10,2019-05-29
162,125.0 VENTURA ST SANTA_PAULA CA,SANTA_PAULA,2020-1-21,2019-05-29
163,125.0 VENTURA ST SANTA_PAULA CA,SANTA_PAULA,2020-1-21,2019-05-29
164,7991.0 BALCOM_CANYON RD MOORPARK CA,MOORPARK,2019-12-27,2019-05-29
165,8765.0 WATERS RD MOORPARK CA,MOORPARK,2017-1-7,2019-05-29
166,8500.0 WATERS RD MOORPARK CA,MOORPARK,2020-5-4,2019-05-29
167,10465.0 STOCKTON RD FILLMORE CA,FILLMORE,2018-9-4,2019-05-29
168,6868.0 COYOTE_CANYON RD CAMARILLO CA,CAMARILLO,2014-6-19,2019-05-29
169,971.0 CALLADO ST CAMARILLO CA,CAMARILLO,2013-9-26,2019-05-29
170,918.0 SUDARIO CT CAMARILLO CA,CAMARILLO,2013-7-30,2019-05-29
171,968.0 GARRIDO DR CAMARILLO CA,CAMARILLO,2019-4-12,2019-05-29
172,6612.0 OLD_BALCOM_CYN RD CAMARILLO CA,CAMARILLO,2017-11-6,2019-05-29
173,6426.0 LA_CUMBRE RD CAMARILLO CA,CAMARILLO,2019-3-18,2019-05-29
174,6082.0 HEATHERTON DR CAMARILLO CA,CAMARILLO,2014-1-6,2019-05-29
175,1153.0 BRYCE WAY VENTURA CA,VENTURA,2015-5-19,2019-05-29
176,1211.0 BRYCE WAY VENTURA CA,VENTURA,2015-5-21,2019-05-29
177,636.0 TIERNEY AVE VENTURA CA,VENTURA,2007-4-27,2019-05-29
178,1208.0 WELLS RD VENTURA CA,VENTURA,2018-8-25,2019-05-29
179,1289.0 ELSINOR AVE VENTURA CA,VENTURA,2020-1-3,2019-05-29
180,9970.0 LAKE_VISTA ST VENTURA CA,VENTURA,2020-1-21,2019-05-29
181,8566.0 TRUCKEE DR VENTURA CA,VENTURA,2019-8-12,2019-05-29
182,8657.0 CLEAR DR VENTURA CA,VENTURA,2020-4-13,2019-05-29
183,1833.0 MONTGOMERY AVE VENTURA CA,VENTURA,2016-10-18,2019-05-29
184,1383.0 OWENS AVE VENTURA CA,VENTURA,2010-7-21,2019-05-29
185,2115.0 KOALA WAY VENTURA CA,VENTURA,2018-1-2,2019-05-29
186,1605.0 BEAGLE CT VENTURA CA,VENTURA,2020-1-27,2019-05-29
187,3311.0 VENTURA RD OXNARD CA,OXNARD,2010-11-19,2019-05-29
188,678.0 PLATTE WAY OXNARD CA,OXNARD,2017-6-27,2019-05-29
189,6918.0 CROWLEY AVE VENTURA CA,VENTURA,2019-10-14,2019-05-29
190,6268.0 MONTALVO DR VENTURA CA,VENTURA,2010-8-30,2019-05-29
191,2383.0 SCOTER AVE VENTURA CA,VENTURA,2007-12-21,2019-05-29
192,2446.0 WOODPECKER AVE VENTURA CA,VENTURA,2020-5-7,2019-05-29
193,1955.0 TANAGER ST VENTURA CA,VENTURA,2009-10-14,2019-05-29
194,1417.0 ZION WAY VENTURA CA,VENTURA,2014-4-26,2019-05-29
195,1320.0 GARDENIA ST OXNARD CA,OXNARD,2014-6-3,2019-05-29
196,1230.0 HIBISCUS ST OXNARD CA,OXNARD,2007-8-1,2019-05-29
197,1121.0 BLUEBELL ST OXNARD CA,OXNARD,2016-11-9,2019-05-29
198,150.0 VINEYARD AVE OXNARD CA,OXNARD,2014-7-9,2019-05-29
199,2250.0 LANTANA ST OXNARD CA,OXNARD,2012-6-21,2019-05-29
200,1331.0 INDIGO PL OXNARD CA,OXNARD,2020-2-20,2019-05-29
201,2089.0 BLACKBERRY CIR OXNARD CA,OXNARD,2013-1-9,2019-05-29
202,106.0 PRINCETON AVE OXNARD CA,OXNARD,2016-4-7,2019-05-29
203,621.0 HERMOSA WAY OXNARD CA,OXNARD,2015-9-11,2019-05-29
204,2046.0 ENTRADA DR OXNARD CA,OXNARD,2012-4-29,2019-05-29
205,1955.0 JUNTO LN OXNARD CA,OXNARD,2015-6-29,2019-05-29
206,3496.0 RENE ST OXNARD CA,OXNARD,2010-10-5,2019-05-29
207,943.0 WILL AVE OXNARD CA,OXNARD,2020-3-30,2019-05-29
208,744.0 WILL AVE OXNARD CA,OXNARD,2018-5-23,2019-05-29
209,2586.0 CORTEZ ST OXNARD CA,OXNARD,2006-7-3,2019-05-29
210,343.0 CENTRAL AVE OXNARD CA,OXNARD,2020-2-7,2019-05-29
211,1337.0 DEL_NORTE RD CAMARILLO CA,CAMARILLO,2013-9-16,2019-05-29
212,3653.0 ALMOND DR OXNARD CA,OXNARD,2006-12-21,2019-05-29
213,3419.0 NYELAND AVE OXNARD CA,OXNARD,2017-9-12,2019-05-29
214,2622.0 CORTE_AMIGOS nan CAMARILLO CA,CAMARILLO,2005-10-6,2019-05-29
215,2235.0 KLAMATH DR CAMARILLO CA,CAMARILLO,2012-7-27,2019-05-29
216,489.0 AVOCADO PL CAMARILLO CA,CAMARILLO,2020-2-6,2019-05-29
217,210.0 HIGHLAND DR CAMARILLO CA,CAMARILLO,2016-2-23,2019-05-29
218,353.0 ESTANCIA PL CAMARILLO CA,CAMARILLO,2007-4-10,2019-05-29
219,5459.0 NORTH ST CAMARILLO CA,CAMARILLO,2020-1-29,2019-05-29
220,78.0 RAEMERE ST CAMARILLO CA,CAMARILLO,2009-9-30,2019-05-29
221,391.0 GRANDVIEW CIR CAMARILLO CA,CAMARILLO,2019-10-24,2019-05-29
222,2768.0 ACACIA ST CAMARILLO CA,CAMARILLO,2019-7-8,2019-05-29
223,52.0 ELM DR CAMARILLO CA,CAMARILLO,2015-6-8,2019-05-29
224,4562.0 PASEO_GIRASOL nan CAMARILLO CA,CAMARILLO,2009-5-26,2019-05-29
225,340.0 ROSEWOOD AVE CAMARILLO CA,CAMARILLO,2012-11-26,2019-05-29
226,1159.0 BEECHWOOD ST CAMARILLO CA,CAMARILLO,2019-12-17,2019-05-29
227,1848.0 KENDALL AVE CAMARILLO CA,CAMARILLO,2016-11-30,2019-05-29
228,2758.0 MCCULLOCH ST CAMARILLO CA,CAMARILLO,2020-1-7,2019-05-29
229,2259.0 MARCO DR CAMARILLO CA,CAMARILLO,2011-8-24,2019-05-29
230,3992.0 PARRON ST CAMARILLO CA,CAMARILLO,2012-2-6,2019-05-29
231,1322.0 GRACIA ST CAMARILLO CA,CAMARILLO,2008-2-15,2019-05-29
232,33105.0 VILLAGE_33 nan CAMARILLO CA,CAMARILLO,2010-3-29,2019-05-29
233,5564.0 HOLLY_RIDGE DR CAMARILLO CA,CAMARILLO,2005-4-6,2019-05-29
234,740.0 HUNT CIR CAMARILLO CA,CAMARILLO,2019-9-21,2019-05-29
235,6186.0 FREMONT CIR CAMARILLO CA,CAMARILLO,2006-4-4,2019-05-29
236,1898.0 HILLRIDGE DR CAMARILLO CA,CAMARILLO,2016-3-5,2019-05-29
237,5759.0 RECODO WAY CAMARILLO CA,CAMARILLO,2017-6-2,2019-05-29
238,6529.0 SANTA_ROSA RD CAMARILLO CA,CAMARILLO,2011-2-3,2019-05-29
239,6311.0 UPLAND RD CAMARILLO CA,CAMARILLO,2006-11-21,2019-05-29
240,5390.0 PLATA_ROSA CT CAMARILLO CA,CAMARILLO,2006-6-27,2019-05-29
241,5326.0 CALAROSA_RANCH RD CAMARILLO CA,CAMARILLO,2020-2-24,2019-05-29
242,2121.0 RHONDA ST OXNARD CA,OXNARD,2007-2-16,2019-05-29
243,2104.0 PATRICIA ST OXNARD CA,OXNARD,2009-10-19,2019-05-29
244,2630.0 BELLERIVE CT OXNARD CA,OXNARD,2011-9-27,2019-05-29
245,2280.0 OAKHILL CIR OXNARD CA,OXNARD,2019-12-17,2019-05-29
246,2022.0 KELTIC_LODGE DR OXNARD CA,OXNARD,2020-5-14,2019-05-29
247,3439.0 GLEN_ABBEY LN OXNARD CA,OXNARD,2015-3-11,2019-05-29
248,1700.0 DIEGO WAY OXNARD CA,OXNARD,2008-2-22,2019-05-29
249,1900.0 LENNOX CT OXNARD CA,OXNARD,2015-9-14,2019-05-29
250,1231.0 EBONY DR OXNARD CA,OXNARD,2015-10-24,2019-05-29
251,2731.0 VOLCANO CT OXNARD CA,OXNARD,2017-8-23,2019-05-29
252,1401.0 RIALTO ST OXNARD CA,OXNARD,2013-9-17,2019-05-29
253,1020.0 STERN LN OXNARD CA,OXNARD,2007-3-19,2019-05-29
254,2131.0 ORLOP PL OXNARD CA,OXNARD,2013-4-16,2019-05-29
255,1834.0 ADELAIDE CT OXNARD CA,OXNARD,2020-2-29,2019-05-29
256,3621.0 KETCH AVE OXNARD CA,OXNARD,2012-8-3,2019-05-29
257,2950.0 ISLE WAY OXNARD CA,OXNARD,2012-7-10,2019-05-29
258,3700.0 VIA_PACIFICA WK OXNARD CA,OXNARD,2010-6-26,2019-05-29
259,2504.0 MONACO DR OXNARD CA,OXNARD,2020-3-16,2019-05-29
260,2150.0 GREENCASTLE WAY OXNARD CA,OXNARD,2018-6-25,2019-05-29
261,2144.0 GREENCASTLE WAY OXNARD CA,OXNARD,2019-12-9,2019-05-29
262,4561.0 FALKIRK_BAY nan OXNARD CA,OXNARD,2012-1-3,2019-05-29
263,1723.0 EMERALD_ISLE WAY OXNARD CA,OXNARD,2012-9-25,2019-05-29
264,281.0 BAY BLVD PORT_HUENEME CA,PORT_HUENEME,2013-5-30,2019-05-29
265,109.0 CHANNEL_ISLANDS BLVD PORT_HUENEME CA,PORT_HUENEME,2020-1-10,2019-05-29
266,2563.0 TILLER AVE PORT_HUENEME CA,PORT_HUENEME,2007-7-5,2019-05-29
267,680.0 HEMLOCK ST PORT_HUENEME CA,PORT_HUENEME,2020-5-13,2019-05-29
268,2505.0 DOCKSON PL PORT_HUENEME CA,PORT_HUENEME,2006-11-28,2019-05-29
269,2494.0 MAC_DONALD LN PORT_HUENEME CA,PORT_HUENEME,2019-7-17,2019-05-29
270,492.0 CORVETTE ST PORT_HUENEME CA,PORT_HUENEME,2008-9-11,2019-05-29
271,5357.0 SURFRIDER WAY OXNARD CA,OXNARD,2006-12-22,2019-05-29
272,5221.0 SEABREEZE WAY OXNARD CA,OXNARD,2019-11-7,2019-05-29
273,4935.0 ISLAND_VIEW ST OXNARD CA,OXNARD,2017-8-25,2019-05-29
274,345.0 RODERICK AVE OXNARD CA,OXNARD,2017-1-17,2019-05-29
275,532.0 VENTURA RD OXNARD CA,OXNARD,2018-12-4,2019-05-29
276,622.0 DORIS AVE OXNARD CA,OXNARD,2015-12-18,2019-05-29
277,1340.0 EDGEWOOD WAY OXNARD CA,OXNARD,2017-5-3,2019-05-29
278,509.0 MC_KINLEY AVE OXNARD CA,OXNARD,2003-9-29,2019-05-29
279,503.0 MC_KINLEY AVE OXNARD CA,OXNARD,2007-9-19,2019-05-29
280,502.0 ANITA AVE OXNARD CA,OXNARD,2015-7-7,2019-05-29
281,401.0 HARRISON ST OXNARD CA,OXNARD,2019-12-4,2019-05-29
282,432.0 COLONIA RD OXNARD CA,OXNARD,2017-1-17,2019-05-29
283,320.0 ROOSEVELT AVE OXNARD CA,OXNARD,2010-9-2,2019-05-29
284,220.0 COOPER RD OXNARD CA,OXNARD,2010-7-22,2019-05-29
285,315.0 SECOND ST OXNARD CA,OXNARD,2016-8-23,2019-05-29
286,130.0 JUANITA AVE OXNARD CA,OXNARD,2020-2-3,2019-05-29
287,247.0 LUPITA ST OXNARD CA,OXNARD,2008-8-7,2019-05-29
288,223.0 NAVARRO ST OXNARD CA,OXNARD,2009-8-28,2019-05-29
289,217.0 SIXTH ST OXNARD CA,OXNARD,2020-1-27,2019-05-29
290,650.0 BUENA_VISTA AVE OXNARD CA,OXNARD,2020-4-22,2019-05-29
291,1421.0 MOUNTAIN_VIEW AVE OXNARD CA,OXNARD,2017-4-17,2019-05-29
292,1421.0 MOUNTAIN_VIEW AVE OXNARD CA,OXNARD,2017-4-17,2019-05-29
293,1535.0 CRAWFORD ST OXNARD CA,OXNARD,2017-5-11,2019-05-29
294,375.0 K ST OXNARD CA,OXNARD,2007-11-15,2019-05-29
295,615.0 FIRST ST OXNARD CA,OXNARD,2017-1-17,2019-05-29
296,128.0 C ST OXNARD CA,OXNARD,2017-1-17,2019-05-29
297,336.0 A ST OXNARD CA,OXNARD,2013-6-21,2019-05-29
298,610.0 G ST OXNARD CA,OXNARD,2019-1-17,2019-05-29
299,543.0 C ST OXNARD CA,OXNARD,2005-7-30,2019-05-29
300,637.0 C ST OXNARD CA,OXNARD,2017-4-24,2019-05-29
301,733.0 OXNARD BLVD OXNARD CA,OXNARD,2014-3-20,2019-05-29
302,737.0 OXNARD BLVD OXNARD CA,OXNARD,2014-3-20,2019-05-29
303,733.0 OXNARD BLVD OXNARD CA,OXNARD,2014-3-20,2019-05-29
304,730.0 SEVENTH ST OXNARD CA,OXNARD,2019-12-11,2019-05-29
305,1057.0 KING ST OXNARD CA,OXNARD,2013-10-25,2019-05-29
306,900.0 JURYMAST DR OXNARD CA,OXNARD,2017-11-13,2019-05-29
307,653.0 A ST OXNARD CA,OXNARD,2007-3-20,2019-05-29
308,1290.0 J ST OXNARD CA,OXNARD,2014-3-18,2019-05-29
309,942.0 WOOLEY RD OXNARD CA,OXNARD,2019-6-7,2019-05-29
310,1315.0 C ST OXNARD CA,OXNARD,2020-3-17,2019-05-29
311,1825.0 GUAVA CT OXNARD CA,OXNARD,2018-3-7,2019-05-29
312,1930.0 J ST OXNARD CA,OXNARD,2018-4-20,2019-05-29
313,434.0 JUNIPER ST OXNARD CA,OXNARD,2014-3-29,2019-05-29
314,1500.0 PINE ST OXNARD CA,OXNARD,2013-12-30,2019-05-29
315,1744.0 SAVIERS RD OXNARD CA,OXNARD,2019-10-15,2019-05-29
316,1265.0 COMMERCIAL AVE OXNARD CA,OXNARD,2015-9-17,2019-05-29
317,342.0 HEMLOCK ST OXNARD CA,OXNARD,2015-5-27,2019-05-29
318,307.0 IRIS ST OXNARD CA,OXNARD,2020-3-11,2019-05-29
319,216.0 POPLAR ST OXNARD CA,OXNARD,2012-9-18,2019-05-29
320,3128.0 G ST OXNARD CA,OXNARD,2013-6-6,2019-05-29
321,3042.0 G ST OXNARD CA,OXNARD,2015-6-29,2019-05-29
322,1234.0 CHANNEL_ISLANDS BLVD OXNARD CA,OXNARD,2020-1-17,2019-05-29
323,1765.0 KERN ST PORT_HUENEME CA,PORT_HUENEME,2010-4-15,2019-05-29
324,1523.0 EIGHTH ST PORT_HUENEME CA,PORT_HUENEME,2017-10-6,2019-05-29
325,1011.0 OLIVE ST OXNARD CA,OXNARD,2015-9-15,2019-05-29
326,419.0 PONOMA ST OXNARD CA,OXNARD,2020-4-13,2019-05-29
327,149.0 SANTA_MONICA AVE OXNARD CA,OXNARD,2019-10-14,2019-05-29
328,1313.0 OCEAN DR OXNARD CA,OXNARD,2010-12-1,2019-05-29
329,105.0 MALIBU AVE OXNARD CA,OXNARD,2020-5-29,2019-05-29
330,356.0 CAHUENGA DR OXNARD CA,OXNARD,2012-12-10,2019-05-29
331,341.0 HIGHLAND DR OXNARD CA,OXNARD,2010-5-14,2019-05-29
332,260.0 HIGHLAND DR OXNARD CA,OXNARD,2019-8-26,2019-05-29
333,425.0 BARD RD PORT_HUENEME CA,PORT_HUENEME,2013-2-13,2019-05-29
334,1124.0 SIXTH ST PORT_HUENEME CA,PORT_HUENEME,2014-7-29,2019-05-29
335,912.0 EVERGREEN LN PORT_HUENEME CA,PORT_HUENEME,2011-1-21,2019-05-29
336,769.0 FOREST_LOOP DR PORT_HUENEME CA,PORT_HUENEME,2010-2-3,2019-05-29
337,702.0 FOREST_LOOP DR PORT_HUENEME CA,PORT_HUENEME,2015-10-27,2019-05-29
338,590.0 PLEASANT_VLY RD PORT_HUENEME CA,PORT_HUENEME,2015-8-6,2019-05-29
339,582.0 JOYCE DR PORT_HUENEME CA,PORT_HUENEME,2006-5-23,2019-05-29
340,179.0 COURTYARD DR PORT_HUENEME CA,PORT_HUENEME,2006-3-13,2019-05-29
341,1403.0 SIXTH ST PORT_HUENEME CA,PORT_HUENEME,2008-9-2,2019-05-29
342,218.0 SURFSIDE DR PORT_HUENEME CA,PORT_HUENEME,2013-5-30,2019-05-29
343,187.0 SEASPRAY WAY PORT_HUENEME CA,PORT_HUENEME,2013-2-22,2019-05-29
344,4501.0 CHANNEL_ISLANDS BLVD OXNARD CA,OXNARD,2018-4-4,2019-05-29
345,4501.0 CHANNEL_ISLANDS BLVD OXNARD CA,OXNARD,2018-4-4,2019-05-29
346,2228.0 PAJARO ST OXNARD CA,OXNARD,2006-10-24,2019-05-29
347,623.0 ISELA ST OXNARD CA,OXNARD,2007-8-23,2019-05-29
348,1740.0 LICHO WAY OXNARD CA,OXNARD,2009-9-3,2019-05-29
349,1112.0 TORERO DR OXNARD CA,OXNARD,2016-3-1,2019-05-29
350,137.0 ALPINE ST OXNARD CA,OXNARD,2014-10-24,2019-05-29
351,200.0 ALPINE ST OXNARD CA,OXNARD,2008-7-30,2019-05-29
352,151.0 FEATHERSTONE ST OXNARD CA,OXNARD,2014-1-7,2019-05-29
353,2958.0 STURGIS RD OXNARD CA,OXNARD,2012-2-3,2019-05-29
354,2001.0 CABOT PL OXNARD CA,OXNARD,2020-2-26,2019-05-29
355,2000.0 CABOT PL OXNARD CA,OXNARD,2006-10-17,2019-05-29
356,3705.0 DUFAU RD OXNARD CA,OXNARD,2006-6-15,2019-05-29
357,120.0 FRANK AVE OXNARD CA,OXNARD,2007-11-20,2019-05-29
358,630.0 DE_ANZA WAY OXNARD CA,OXNARD,2014-9-19,2019-05-29
359,820.0 YUCCA ST OXNARD CA,OXNARD,2014-4-21,2019-05-29
360,3520.0 SAVIERS RD OXNARD CA,OXNARD,2015-7-30,2019-05-29
361,2311.0 STATHAM PKWY OXNARD CA,OXNARD,2018-4-24,2019-05-29
362,2021.0 O_NEILL PL OXNARD CA,OXNARD,2006-6-10,2019-05-29
363,1944.0 O_NEILL PL OXNARD CA,OXNARD,2015-3-31,2019-05-29
364,1944.0 SAN_BENITO ST OXNARD CA,OXNARD,2007-6-12,2019-05-29
365,1820.0 CARNEGIE CT OXNARD CA,OXNARD,2019-5-8,2019-05-29
366,1930.0 KEPLER DR OXNARD CA,OXNARD,2011-5-10,2019-05-29
367,1700.0 EMERSON AVE OXNARD CA,OXNARD,2017-3-24,2019-05-29
368,1024.0 DENVER PL OXNARD CA,OXNARD,2012-5-24,2019-05-29
369,300.0 CANTERBURY WAY OXNARD CA,OXNARD,2017-1-28,2019-05-29
370,233.0 SMITH ST OXNARD CA,OXNARD,2008-2-6,2019-05-29
371,4811.0 CLOVER DR OXNARD CA,OXNARD,2008-11-25,2019-05-29
372,4550.0 SAN_SIMEON DR OXNARD CA,OXNARD,2005-1-28,2019-05-29
373,4251.0 SAN_JUAN AVE OXNARD CA,OXNARD,2010-4-18,2019-05-29
374,4305.0 SAN_JUAN AVE OXNARD CA,OXNARD,2019-12-5,2019-05-29
375,5109.0 PERKINS RD OXNARD CA,OXNARD,2019-6-21,2019-05-29
376,5311.0 COLUMBUS PL OXNARD CA,OXNARD,2012-6-1,2019-05-29
377,1921.0 NASHVILLE PL OXNARD CA,OXNARD,2019-6-26,2019-05-29
378,3215.0 MENDOCINO PL OXNARD CA,OXNARD,2020-1-24,2019-05-29
379,3331.0 MODOC DR OXNARD CA,OXNARD,2019-10-17,2019-05-29
380,6120.0 PERKINS RD OXNARD CA,OXNARD,2019-4-9,2019-05-29
381,636.0 SUNFISH WAY PORT_HUENEME CA,PORT_HUENEME,2017-6-1,2019-05-29
382,661.0 BLUEWATER WAY PORT_HUENEME CA,PORT_HUENEME,2019-7-29,2019-05-29
383,751.0 REEF CIR PORT_HUENEME CA,PORT_HUENEME,2007-3-8,2019-05-29
384,537.0 MARTINIQUE PL THOUSAND_OAKS CA,THOUSAND_OAKS,2015-8-27,2019-05-29
385,573.0 LOS_VIENTOS DR THOUSAND_OAKS CA,THOUSAND_OAKS,2019-6-17,2019-05-29
386,8775.0 GRIMES_CANYON RD MOORPARK CA,MOORPARK,2009-2-20,2019-05-29
387,4890.0 MIRA_SOL DR MOORPARK CA,MOORPARK,2006-11-9,2019-05-29
388,12604.0 AMBERMEADOW ST MOORPARK CA,MOORPARK,2013-2-28,2019-05-29
389,13363.0 VISTA_LE_VANA DR MOORPARK CA,MOORPARK,2019-9-21,2019-05-29
390,12945.0 CAMDEN CT MOORPARK CA,MOORPARK,2006-11-4,2019-05-29
391,1051.0 WALNUT_CANYON RD MOORPARK CA,MOORPARK,2005-10-24,2019-05-29
392,650.0 SHASTA AVE MOORPARK CA,MOORPARK,2012-12-18,2019-05-29
393,312.0 WHITNEY AVE MOORPARK CA,MOORPARK,2008-3-18,2019-05-29
394,143.0 CHARLES ST MOORPARK CA,MOORPARK,2009-9-25,2019-05-29
395,311.0 CHARLES ST MOORPARK CA,MOORPARK,2012-2-27,2019-05-29
396,184.0 CHARLES ST MOORPARK CA,MOORPARK,2006-12-27,2019-05-29
397,284.0 CHARLES ST MOORPARK CA,MOORPARK,2014-6-24,2019-05-29
398,393.0 SUSAN AVE MOORPARK CA,MOORPARK,2013-7-18,2019-05-29
399,445.0 MILLARD ST MOORPARK CA,MOORPARK,2019-7-18,2019-05-29
400,14166.0 MAYA CIR MOORPARK CA,MOORPARK,2017-9-18,2019-05-29
401,13935.0 SOUTHFORK RD MOORPARK CA,MOORPARK,2016-4-21,2019-05-29
402,885.0 PATRIOT DR MOORPARK CA,MOORPARK,2016-8-12,2019-05-29
403,893.0 PATRIOT DR MOORPARK CA,MOORPARK,2019-11-21,2019-05-29
404,7095.0 BERGAMOT AVE MOORPARK CA,MOORPARK,2013-12-9,2019-05-29
405,15004.0 VARSITY_E ST MOORPARK CA,MOORPARK,2020-1-24,2019-05-29
406,11832.0 BARRANCA RD CAMARILLO CA,CAMARILLO,2016-11-28,2019-05-29
407,10680.0 CITRUS DR MOORPARK CA,MOORPARK,2012-6-22,2019-05-29
408,134.0 LUCERO ST THOUSAND_OAKS CA,THOUSAND_OAKS,2016-8-3,2019-05-29
409,12400.0 SAN_SEBASTIAN CT CAMARILLO CA,CAMARILLO,2015-6-8,2019-05-29
410,2025.0 JENNIFER PL CAMARILLO CA,CAMARILLO,2009-9-30,2019-05-29
411,205.0 BAINBRIDGE CT THOUSAND_OAKS CA,THOUSAND_OAKS,2019-11-1,2019-05-29
412,120.0 SIRIUS CIR THOUSAND_OAKS CA,THOUSAND_OAKS,2020-1-8,2019-05-29
413,2216.0 SIRIUS ST THOUSAND_OAKS CA,THOUSAND_OAKS,2011-1-14,2019-05-29
414,1653.0 FORDHAM AVE THOUSAND_OAKS CA,THOUSAND_OAKS,2010-7-21,2019-05-29
415,1858.0 MARLOWE ST THOUSAND_OAKS CA,THOUSAND_OAKS,2007-11-30,2019-05-29
416,74.0 DOONE ST THOUSAND_OAKS CA,THOUSAND_OAKS,2017-12-28,2019-05-29
417,690.0 TENNIS_CLUB LN THOUSAND_OAKS CA,THOUSAND_OAKS,2015-4-20,2019-05-29
418,2198.0 BARBARA DR CAMARILLO CA,CAMARILLO,2019-12-4,2019-05-29
419,366.0 RAINDANCE ST THOUSAND_OAKS CA,THOUSAND_OAKS,2015-6-8,2019-05-29
420,2872.0 CONEFLOWER ST THOUSAND_OAKS CA,THOUSAND_OAKS,2019-9-4,2019-05-29
421,751.0 WILDWOOD AVE THOUSAND_OAKS CA,THOUSAND_OAKS,2019-11-4,2019-05-29
422,692.0 FLAMING_STAR AVE THOUSAND_OAKS CA,THOUSAND_OAKS,2014-4-18,2019-05-29
423,2235.0 WILLOWPARK CT THOUSAND_OAKS CA,THOUSAND_OAKS,2007-8-29,2019-05-29
424,2283.0 NORTHPARK ST THOUSAND_OAKS CA,THOUSAND_OAKS,2007-1-25,2019-05-29
425,2278.0 SHADY_BROOK DR THOUSAND_OAKS CA,THOUSAND_OAKS,2009-8-11,2019-05-29
426,1950.0 ROSEWOOD CT THOUSAND_OAKS CA,THOUSAND_OAKS,2015-8-18,2019-05-29
427,1667.0 BURNING_TREE DR THOUSAND_OAKS CA,THOUSAND_OAKS,2015-8-31,2019-05-29
428,2707.0 BAYWATER PL THOUSAND_OAKS CA,THOUSAND_OAKS,2016-1-27,2019-05-29
429,365.0 JEREMIAH DR SIMI_VALLEY CA,SIMI_VALLEY,2019-4-24,2019-05-29
430,450.0 COUNTRY_CLUB DR SIMI_VALLEY CA,SIMI_VALLEY,2016-10-29,2019-05-29
431,629.0 CARTPATH PL SIMI_VALLEY CA,SIMI_VALLEY,2017-12-1,2019-05-29
432,16.0 PRIMPTON CT SIMI_VALLEY CA,SIMI_VALLEY,2013-8-8,2019-05-29
433,48.0 HIGH_KNOLL CT SIMI_VALLEY CA,SIMI_VALLEY,2016-6-2,2019-05-29
434,585.0 VINEYARD DR SIMI_VALLEY CA,SIMI_VALLEY,2017-6-30,2019-05-29
435,2880.0 WOODFLOWER ST THOUSAND_OAKS CA,THOUSAND_OAKS,2020-1-23,2019-05-29
436,2642.0 RESERVOIR DR SIMI_VALLEY CA,SIMI_VALLEY,2010-12-11,2019-05-29
437,2731.0 ERRINGER RD SIMI_VALLEY CA,SIMI_VALLEY,2017-7-28,2019-05-29
438,2320.0 VALLEY_TERRACE DR SIMI_VALLEY CA,SIMI_VALLEY,2020-1-29,2019-05-29
439,2553.0 MARISA PL SIMI_VALLEY CA,SIMI_VALLEY,2018-5-2,2019-05-29
440,2767.0 DALENHURST PL SIMI_VALLEY CA,SIMI_VALLEY,2015-9-29,2019-05-29
441,2035.0 BOOTH ST SIMI_VALLEY CA,SIMI_VALLEY,2012-1-24,2019-05-29
442,2461.0 PINEWOOD PL SIMI_VALLEY CA,SIMI_VALLEY,2007-5-11,2019-05-29
443,2466.0 SAINT_CLAIR AVE SIMI_VALLEY CA,SIMI_VALLEY,2020-2-23,2019-05-29
444,2564.0 NICHOLAS ST SIMI_VALLEY CA,SIMI_VALLEY,2017-3-27,2019-05-29
445,2649.0 NICHOLAS ST SIMI_VALLEY CA,SIMI_VALLEY,2006-4-10,2019-05-29
446,3189.0 PEORIA AVE SIMI_VALLEY CA,SIMI_VALLEY,2014-6-17,2019-05-29
447,3049.0 CICERO CT SIMI_VALLEY CA,SIMI_VALLEY,2015-5-2,2019-05-29
448,2026.0 BOLIVAR CT SIMI_VALLEY CA,SIMI_VALLEY,2019-11-25,2019-05-29
449,4129.0 VALLEY_FAIR ST SIMI_VALLEY CA,SIMI_VALLEY,2017-10-2,2019-05-29
450,4180.0 GERTRUDE ST SIMI_VALLEY CA,SIMI_VALLEY,2016-10-25,2019-05-29
451,4309.0 COPPERSTONE LN SIMI_VALLEY CA,SIMI_VALLEY,2006-8-30,2019-05-29
452,5558.0 MOONSHADOW ST SIMI_VALLEY CA,SIMI_VALLEY,2016-9-8,2019-05-29
453,3284.0 RUNNING_TRAILS AVE SIMI_VALLEY CA,SIMI_VALLEY,2008-1-25,2019-05-29
454,5021.0 BARNARD ST SIMI_VALLEY CA,SIMI_VALLEY,2019-11-6,2019-05-29
455,1575.0 SITKA AVE SIMI_VALLEY CA,SIMI_VALLEY,2006-5-11,2019-05-29
456,3031.0 JACINTO AVE SIMI_VALLEY CA,SIMI_VALLEY,2019-11-8,2019-05-29
457,2684.0 FALLEN_LEAF CT SIMI_VALLEY CA,SIMI_VALLEY,2019-7-18,2019-05-29
458,5994.0 SUNFLOWER ST SIMI_VALLEY CA,SIMI_VALLEY,2019-7-25,2019-05-29
459,1115.0 RAMBLING RD SIMI_VALLEY CA,SIMI_VALLEY,2016-3-26,2019-05-29
460,2237.0 ATHENS AVE SIMI_VALLEY CA,SIMI_VALLEY,2018-5-15,2019-05-29
461,184.0 ULYSSES ST SIMI_VALLEY CA,SIMI_VALLEY,2006-8-31,2019-05-29
462,1262.0 GRAHAM ST SIMI_VALLEY CA,SIMI_VALLEY,2012-10-18,2019-05-29
463,1354.0 AGNEW ST SIMI_VALLEY CA,SIMI_VALLEY,2019-8-28,2019-05-29
464,2295.0 CORDERO AVE SIMI_VALLEY CA,SIMI_VALLEY,2019-11-20,2019-05-29
465,1828.0 ACTON CT SIMI_VALLEY CA,SIMI_VALLEY,2015-12-18,2019-05-29
466,1403.0 BUCKSKIN AVE SIMI_VALLEY CA,SIMI_VALLEY,2011-11-30,2019-05-29
467,1690.0 HEYWOOD ST SIMI_VALLEY CA,SIMI_VALLEY,2018-4-2,2019-05-29
468,2908.0 FLETCHER ST SIMI_VALLEY CA,SIMI_VALLEY,2014-6-6,2019-05-29
469,616.0 APPLETON RD SIMI_VALLEY CA,SIMI_VALLEY,2009-6-22,2019-05-29
470,3341.0 HONEY_PINE CT SIMI_VALLEY CA,SIMI_VALLEY,2014-2-24,2019-05-29
471,1082.0 HACIENDA DR SIMI_VALLEY CA,SIMI_VALLEY,2009-11-9,2019-05-29
472,8.0 LA_PAZ CT SIMI_VALLEY CA,SIMI_VALLEY,2013-9-5,2019-05-29
473,159.0 PARROT LN SIMI_VALLEY CA,SIMI_VALLEY,2016-6-30,2019-05-29
474,1425.0 KATHERINE RD SIMI_VALLEY CA,SIMI_VALLEY,2019-2-11,2019-05-29
475,1762.0 BLAZEWOOD ST SIMI_VALLEY CA,SIMI_VALLEY,2019-1-2,2019-05-29
476,2633.0 PRATHER ST SIMI_VALLEY CA,SIMI_VALLEY,2006-9-26,2019-05-29
477,2228.0 ROSECRANS ST SIMI_VALLEY CA,SIMI_VALLEY,2020-2-21,2019-05-29
478,1120.0 ROYAL AVE SIMI_VALLEY CA,SIMI_VALLEY,2017-5-4,2019-05-29
479,1882.0 ROYAL AVE SIMI_VALLEY CA,SIMI_VALLEY,2019-8-16,2019-05-29
480,1831.0 KEARNEY AVE SIMI_VALLEY CA,SIMI_VALLEY,2020-1-31,2019-05-29
481,1155.0 BRYSON AVE SIMI_VALLEY CA,SIMI_VALLEY,2016-1-8,2019-05-29
482,2335.0 MADRONE ST SIMI_VALLEY CA,SIMI_VALLEY,2011-3-11,2019-05-29
483,2551.0 ANGELA ST SIMI_VALLEY CA,SIMI_VALLEY,2015-2-9,2019-05-29
484,2041.0 POTTER AVE SIMI_VALLEY CA,SIMI_VALLEY,2017-5-23,2019-05-29
485,1273.0 RINCON AVE SIMI_VALLEY CA,SIMI_VALLEY,2011-1-13,2019-05-29
486,1441.0 SEQUOIA AVE SIMI_VALLEY CA,SIMI_VALLEY,2019-7-24,2019-05-29
487,1579.0 MORENO DR SIMI_VALLEY CA,SIMI_VALLEY,2006-4-19,2019-05-29
488,1750.0 TAPO ST SIMI_VALLEY CA,SIMI_VALLEY,2020-3-16,2019-05-29
489,2339.0 WORKMAN AVE SIMI_VALLEY CA,SIMI_VALLEY,2010-2-26,2019-05-29
490,5906.0 OAK_KNOLLS RD SIMI_VALLEY CA,SIMI_VALLEY,2015-2-26,2019-05-29
491,6015.0 END ST SIMI_VALLEY CA,SIMI_VALLEY,2017-11-15,2019-05-29
492,6342.0 ALTA_VISTA_RIDGE RD SIMI_VALLEY CA,SIMI_VALLEY,2019-9-9,2019-05-29
493,1105.0 DEL_ROBLES PL SIMI_VALLEY CA,SIMI_VALLEY,2019-10-31,2019-05-29
494,1112.0 MESA DR SIMI_VALLEY CA,SIMI_VALLEY,2017-5-30,2019-05-29
495,7855.0 MESA DR SIMI_VALLEY CA,SIMI_VALLEY,2016-8-19,2019-05-29
496,7855.0 MESA DR SIMI_VALLEY CA,SIMI_VALLEY,2016-8-19,2019-05-29
497,512.0 BOX_CANYON RD SIMI_VALLEY CA,SIMI_VALLEY,2020-3-20,2019-05-29
498,2206.0 JONESBORO AVE SIMI_VALLEY CA,SIMI_VALLEY,2016-7-22,2019-05-29
499,6290.0 GOSHEN ST SIMI_VALLEY CA,SIMI_VALLEY,2007-3-15,2019-05-29
500,2125.0 YOSEMITE AVE SIMI_VALLEY CA,SIMI_VALLEY,2007-8-2,2019-05-29
501,5790.0 FEARING ST SIMI_VALLEY CA,SIMI_VALLEY,2014-3-27,2019-05-29
502,2276.0 ROHNER CT SIMI_VALLEY CA,SIMI_VALLEY,2019-10-8,2019-05-29
503,1714.0 DAMON ST SIMI_VALLEY CA,SIMI_VALLEY,2007-12-31,2019-05-29
504,2064.0 EMORY AVE SIMI_VALLEY CA,SIMI_VALLEY,2012-10-23,2019-05-29
505,2016.0 RIVERBIRCH DR SIMI_VALLEY CA,SIMI_VALLEY,2014-12-23,2019-05-29
506,1287.0 HIDDEN_RANCH DR SIMI_VALLEY CA,SIMI_VALLEY,2016-12-14,2019-05-29
507,1281.0 HIDDEN_RANCH RD SIMI_VALLEY CA,SIMI_VALLEY,2017-9-11,2019-05-29
508,502.0 WHITEGATE RD THOUSAND_OAKS CA,THOUSAND_OAKS,2014-10-2,2019-05-29
509,2267.0 ADRIAN ST THOUSAND_OAKS CA,THOUSAND_OAKS,2010-2-15,2019-05-29
510,1911.0 GALWAY LN THOUSAND_OAKS CA,THOUSAND_OAKS,2019-5-10,2019-05-29
511,1103.0 AMBERTON LN THOUSAND_OAKS CA,THOUSAND_OAKS,2004-10-7,2019-05-29
512,3557.0 HAWKEYE PL THOUSAND_OAKS CA,THOUSAND_OAKS,2019-8-23,2019-05-29
513,1986.0 FERNDALE PL THOUSAND_OAKS CA,THOUSAND_OAKS,2020-2-13,2019-05-29
514,3866.0 GREENWOOD ST THOUSAND_OAKS CA,THOUSAND_OAKS,2010-9-24,2019-05-29
515,4075.0 CHURCHILL DR THOUSAND_OAKS CA,THOUSAND_OAKS,2020-2-3,2019-05-29
516,589.0 CLEARWATER_CREEK DR THOUSAND_OAKS CA,THOUSAND_OAKS,2007-8-8,2019-05-29
517,21.0 DICKENSON AVE THOUSAND_OAKS CA,THOUSAND_OAKS,2017-9-21,2019-05-29
518,30.0 SANDRA CT THOUSAND_OAKS CA,THOUSAND_OAKS,2018-7-24,2019-05-29
519,3362.0 JESSICA ST THOUSAND_OAKS CA,THOUSAND_OAKS,2010-6-15,2019-05-29
520,45.0 DONALD AVE THOUSAND_OAKS CA,THOUSAND_OAKS,2019-12-19,2019-05-29
521,2956.0 WAUNETA ST THOUSAND_OAKS CA,THOUSAND_OAKS,2015-12-10,2019-05-29
522,2523.0 CALCITE CIR THOUSAND_OAKS CA,THOUSAND_OAKS,2020-4-23,2019-05-29
523,1575.0 APPLEFIELD ST THOUSAND_OAKS CA,THOUSAND_OAKS,2019-7-19,2019-05-29
524,1695.0 FOX_SPRINGS CIR THOUSAND_OAKS CA,THOUSAND_OAKS,2011-8-17,2019-05-29
525,625.0 LOIS AVE THOUSAND_OAKS CA,THOUSAND_OAKS,2017-2-10,2019-05-29
526,455.0 WILBUR CT THOUSAND_OAKS CA,THOUSAND_OAKS,2015-11-11,2019-05-29
527,2080.0 HILLCREST DR THOUSAND_OAKS CA,THOUSAND_OAKS,2011-12-1,2019-05-29
528,62.0 MAEGAN PL THOUSAND_OAKS CA,THOUSAND_OAKS,2009-12-2,2019-05-29
529,147.0 FAIRVIEW RD THOUSAND_OAKS CA,THOUSAND_OAKS,2019-11-13,2019-05-29
530,2390.0 PLEASANT_I WAY THOUSAND_OAKS CA,THOUSAND_OAKS,2018-1-19,2019-05-29
531,2402.0 PLEASANT_H WAY THOUSAND_OAKS CA,THOUSAND_OAKS,2015-3-9,2019-05-29
532,158.0 MIDBURY_HILL RD THOUSAND_OAKS CA,THOUSAND_OAKS,2015-7-7,2019-05-29
533,269.0 ELM RD THOUSAND_OAKS CA,THOUSAND_OAKS,2015-2-20,2019-05-29
534,989.0 WAVERLY_HEIGHTS DR THOUSAND_OAKS CA,THOUSAND_OAKS,2016-11-4,2019-05-29
535,890.0 DORCHESTER ST THOUSAND_OAKS CA,THOUSAND_OAKS,2019-9-24,2019-05-29
536,1218.0 BURTONWOOD AVE THOUSAND_OAKS CA,THOUSAND_OAKS,2012-4-23,2019-05-29
537,2021.0 ERBES RD THOUSAND_OAKS CA,THOUSAND_OAKS,2007-1-10,2019-05-29
538,1415.0 EL_MONTE DR THOUSAND_OAKS CA,THOUSAND_OAKS,2014-4-18,2019-05-29
539,1231.0 LA_BREA DR THOUSAND_OAKS CA,THOUSAND_OAKS,2019-8-29,2019-05-29
540,991.0 FALMOUTH ST THOUSAND_OAKS CA,THOUSAND_OAKS,2020-1-21,2019-05-29
541,2966.0 GREAT_SMOKEY CT WESTLAKE CA,WESTLAKE,2008-10-8,2019-05-29
542,3018.0 CUMBERLAND CT WESTLAKE CA,WESTLAKE,2012-4-4,2019-05-29
543,3089.0 SIERRA DR WESTLAKE CA,WESTLAKE,2012-9-27,2019-05-29
544,3107.0 BLACK_HILLS CT WESTLAKE CA,WESTLAKE,2018-2-7,2019-05-29
545,4787.0 WINDHAVEN DR WESTLAKE CA,WESTLAKE,2016-3-22,2019-05-29
546,488.0 OAKHAMPTON ST THOUSAND_OAKS CA,THOUSAND_OAKS,2019-10-3,2019-05-29
547,730.0 CYPRESS ST THOUSAND_OAKS CA,THOUSAND_OAKS,2010-2-1,2019-05-29
548,263.0 GREENMEADOW AVE THOUSAND_OAKS CA,THOUSAND_OAKS,2011-11-16,2019-05-29
549,821.0 CYPRESS ST THOUSAND_OAKS CA,THOUSAND_OAKS,2017-8-11,2019-05-29
550,1261.0 DUBONNET CT OAK_PARK CA,OAK_PARK,2011-7-25,2019-05-29
551,455.0 LORENZO DR OAK_PARK CA,OAK_PARK,2006-9-25,2019-05-29
552,4779.0 CASTELLO WAY OAK_PARK CA,OAK_PARK,2019-6-20,2019-05-29
553,4777.0 TARANTO WAY OAK_PARK CA,OAK_PARK,2016-8-9,2019-05-29
554,4815.0 PARMA DR OAK_PARK CA,OAK_PARK,2015-5-19,2019-05-29
555,4871.0 LA_VELLA DR OAK_PARK CA,OAK_PARK,2019-8-1,2019-05-29
556,1171.0 WESTCREEK LN WESTLAKE CA,WESTLAKE,2012-9-19,2019-05-29
557,1731.0 SCHOOLHOUSE CIR WESTLAKE CA,WESTLAKE,2017-3-13,2019-05-29
558,4539.0 VALLEY_SPRING DR WESTLAKE CA,WESTLAKE,2019-4-25,2019-05-29
559,4871.0 FLORESTA CT WESTLAKE CA,WESTLAKE,2009-5-11,2019-05-29
560,1196.0 LANDSBURN CIR WESTLAKE CA,WESTLAKE,2018-11-30,2019-05-29
561,2972.0 SHADOW_BROOK LN WESTLAKE CA,WESTLAKE,2019-7-24,2019-05-29
562,15555.0 YERBA_BUENA RD MALIBU CA,MALIBU,2017-7-20,2019-05-29
563,14617.0 YERBA_BUENA RD MALIBU CA,MALIBU,2007-9-17,2019-05-29
564,2275.0 THORSBY RD THOUSAND_OAKS CA,THOUSAND_OAKS,2014-3-14,2019-05-29
565,800.0 STAFFORD RD THOUSAND_OAKS CA,THOUSAND_OAKS,2019-3-8,2019-05-29
566,2702.0 LADBROOK WAY THOUSAND_OAKS CA,THOUSAND_OAKS,2020-3-6,2019-05-29
567,1152.0 STONESHEAD CT WESTLAKE CA,WESTLAKE,2019-11-6,2019-05-29
568,2862.0 LAKERIDGE LN WESTLAKE CA,WESTLAKE,2018-12-20,2019-05-29
569,9315.0 PACIFIC_COAST HWY MALIBU CA,MALIBU,2016-7-14,2019-05-29
570,11350.0 PACIFIC_COAST HWY MALIBU CA,MALIBU,2017-8-25,2019-05-29
571,11824.0 ELLICE ST MALIBU CA,MALIBU,2019-11-26,2019-05-29
572,185.0 SABRA AVE OAK_PARK CA,OAK_PARK,2015-6-26,2019-05-29
573,6561.0 SMOKE_TREE AVE OAK_PARK CA,OAK_PARK,2020-2-10,2019-05-29
574,430.0 VISTA_DORADO LN OAK_PARK CA,OAK_PARK,2019-8-29,2019-05-29
575,5473.0 SPANISH_OAK LN OAK_PARK CA,OAK_PARK,2013-6-24,2019-05-29
576,578.0 WATER_OAK LN OAK_PARK CA,OAK_PARK,2013-6-22,2019-05-29
577,6576.0 OAK_SPRINGS DR OAK_PARK CA,OAK_PARK,2013-2-6,2019-05-29
578,14.0 MORGAN RD BELL_CANYON CA,BELL_CANYON,2017-7-10,2019-05-29
579,343.0 BELL_CANYON RD BELL_CANYON CA,BELL_CANYON,2016-10-13,2019-05-29
580,220.0 BELL_CANYON RD BELL_CANYON CA,BELL_CANYON,2016-6-6,2019-05-29
581,26.0 BAYMARE RD BELL_CANYON CA,BELL_CANYON,2016-2-18,2019-05-29
582,130.0 DAPPLEGRAY RD BELL_CANYON CA,BELL_CANYON,2019-10-23,2019-05-29
583,15.0 STIRRUP LN BELL_CANYON CA,BELL_CANYON,2017-12-28,2019-05-29
