,address,County,City,Sold_date,Listed_date
0,8245 GREGORY CIR BUENA_PARK CA,ORG,BUENA_PARK,2020-1-16,2019-06-03
1,11402 FREDRICK DR GARDEN_GROVE CA,ORG,GARDEN_GROVE,2020-1-11,2019-06-03
2,8930 NEPTUNE CIR WESTMINSTER CA,ORG,WESTMINSTER,2010-11-9,2019-06-03
3,2827 ROME AVE ANAHEIM CA,ORG,ANAHEIM,2013-10-24,2019-06-03
4,8221 LA_MONTE RD ANAHEIM CA,ORG,ANAHEIM,2015-12-23,2019-06-03
5,9172 CARNATION DR WESTMINSTER CA,ORG,WESTMINSTER,2019-2-11,2019-06-03
6,16549 PINYON CIR FOUNTAIN_VALLEY CA,ORG,FOUNTAIN_VALLEY,2019-2-11,2019-06-03
7,16036 BASIL ST FOUNTAIN_VALLEY CA,ORG,FOUNTAIN_VALLEY,2012-3-31,2019-06-03
8,5731 EDITA AVE WESTMINSTER CA,ORG,WESTMINSTER,2019-6-10,2019-06-03
9,1419 BRYCE CIR PLACENTIA CA,ORG,PLACENTIA,2016-9-8,2019-06-03
10,5340 GRANBY DR YORBA_LINDA CA,ORG,YORBA_LINDA,2019-12-27,2019-06-03
11,1522 FLOWER ST SANTA_ANA CA,ORG,SANTA_ANA,2015-12-8,2019-06-03
