,address,County,City,Sold_date,Listed_date
0,1338 EL_DORADO AVE ONTARIO CA,SBD,ONTARIO,2019-9-16,2019-06-03
1,462 WILLOW AVE RIALTO CA,SBD,RIALTO,2013-5-31,2019-06-03
2,110 DATE AVE RIALTO CA,SBD,RIALTO,2018-2-13,2019-06-03
3,1016 OAKDALE AVE RIALTO CA,SBD,RIALTO,2019-12-19,2019-06-03
4,263 LOMA_VERDE nan COLTON CA,SBD,COLTON,2016-10-26,2019-06-03
5,253 MYRTLE ST REDLANDS CA,SBD,REDLANDS,2017-1-30,2019-06-03
6,247 MYRTLE ST REDLANDS CA,SBD,REDLANDS,2017-4-17,2019-06-03
7,257 MYRTLE ST REDLANDS CA,SBD,REDLANDS,2017-1-31,2019-06-03
8,502 SAN_JACINTO ST REDLANDS CA,SBD,REDLANDS,2010-11-30,2019-06-03
9,531 UNIVERSITY PL REDLANDS CA,SBD,REDLANDS,2019-8-29,2019-06-03
10,1688 SMILEY_HEIGHTS DR REDLANDS CA,SBD,REDLANDS,2019-3-22,2019-06-03
11,6850 CAMEO ST ALTA_LOMA CA,SBD,ALTA_LOMA,2017-12-13,2019-06-03
12,8212 BURGESS PL RANCHO_CUCAMONGA CA,SBD,RANCHO_CUCAMONGA,2010-8-5,2019-06-03
13,3515 NORTH_SHORE DR ONTARIO CA,SBD,ONTARIO,2017-12-11,2019-06-03
14,9700 SANDALWOOD AVE BLOOMINGTON CA,SBD,BLOOMINGTON,2020-4-3,2019-06-03
15,10853 LOCUST AVE BLOOMINGTON CA,SBD,BLOOMINGTON,2009-7-8,2019-06-03
16,17571 SANTA_ANA AVE BLOOMINGTON CA,SBD,BLOOMINGTON,2020-2-21,2019-06-03
17,19118 ASH ST BLOOMINGTON CA,SBD,BLOOMINGTON,2019-3-26,2019-06-03
18,11109 LARCH AVE BLOOMINGTON CA,SBD,BLOOMINGTON,2018-8-16,2019-06-03
19,5704 SYCAMORE AVE RIALTO CA,SBD,RIALTO,2019-11-18,2019-06-03
20,19670 KAURI AVE RIALTO CA,SBD,RIALTO,2018-7-10,2019-06-03
21,25625 SUN AVE LOMA_LINDA CA,SBD,LOMA_LINDA,2009-2-19,2019-06-03
22,11525 WELEBIR ST LOMA_LINDA CA,SBD,LOMA_LINDA,2010-5-19,2019-06-03
23,25425 MANDARIN CT LOMA_LINDA CA,SBD,LOMA_LINDA,2017-11-30,2019-06-03
24,3065 SHAUNA DR SAN_BERNARDINO CA,SBD,SAN_BERNARDINO,2018-7-27,2019-06-03
25,12273 OVERCREST DR YUCAIPA CA,SBD,YUCAIPA,2020-2-11,2019-06-03
26,7696 ELWOOD ST JOSHUA_TREE CA,SBD,JOSHUA_TREE,2015-7-17,2019-06-03
27,61837 ROSEMARY LN JOSHUA_TREE CA,SBD,JOSHUA_TREE,2016-10-12,2019-06-03
28,836 BEACH DR NEEDLES CA,SBD,NEEDLES,2017-3-20,2019-06-03
29,1839 LAKEWOOD AVE UPLAND CA,SBD,UPLAND,2019-3-20,2019-06-03
30,853 PRINCETON ST ONTARIO CA,SBD,ONTARIO,2011-7-18,2019-06-03
31,843 HARVARD PL ONTARIO CA,SBD,ONTARIO,2009-6-16,2019-06-03
32,4674 EVART ST MONTCLAIR CA,SBD,MONTCLAIR,2020-4-23,2019-06-03
33,1521 J ST ONTARIO CA,SBD,ONTARIO,2019-9-26,2019-06-03
34,12822 16TH ST CHINO CA,SBD,CHINO,2017-10-26,2019-06-03
35,4189 STONE_MOUNTAIN DR CHINO_HILLS CA,SBD,CHINO_HILLS,2019-12-7,2019-06-03
36,188 2ND AVE UPLAND CA,SBD,UPLAND,2015-10-1,2019-06-03
37,587 ARMSLEY SQ ONTARIO CA,SBD,ONTARIO,2019-7-22,2019-06-03
38,609 ROSEWOOD CT ONTARIO CA,SBD,ONTARIO,2016-7-29,2019-06-03
39,1169 HOLT BLVD ONTARIO CA,SBD,ONTARIO,2019-12-16,2019-06-03
40,5644 PERIDOT AVE ALTA_LOMA CA,SBD,ALTA_LOMA,2017-7-26,2019-06-03
41,9409 APRICOT AVE ALTA_LOMA CA,SBD,ALTA_LOMA,2020-3-24,2019-06-03
42,27160 NONA CT HIGHLAND CA,SBD,HIGHLAND,2018-7-17,2019-06-03
43,923 BARBRA LN REDLANDS CA,SBD,REDLANDS,2018-8-9,2019-06-03
44,13458 CUYAMACA RD APPLE_VALLEY CA,SBD,APPLE_VALLEY,2019-2-6,2019-06-03
45,13053 CORTON ST PINON_HILLS CA,SBD,PINON_HILLS,2020-3-1,2019-06-03
