,address,City,Sold date,Listed date
0,1016 OAKDALE AVE RIALTO CA,RIALTO,2019-12-19,2019-05-29
1,263 LOMA_VERDE nan COLTON CA,COLTON,2016-10-26,2019-05-29
2,673 SUNSET_DR_N nan REDLANDS CA,REDLANDS,2013-9-18,2019-05-29
3,9021 19TH ST ALTA_LOMA CA,ALTA_LOMA,2014-1-10,2019-05-29
4,10853 LOCUST AVE BLOOMINGTON CA,BLOOMINGTON,2009-7-8,2019-05-29
5,11109 LARCH AVE BLOOMINGTON CA,BLOOMINGTON,2018-8-16,2019-05-29
6,11525 WELEBIR ST LOMA_LINDA CA,LOMA_LINDA,2010-5-19,2019-05-29
7,12273 OVERCREST DR YUCAIPA CA,YUCAIPA,2020-2-11,2019-05-29
8,836 BEACH DR NEEDLES CA,NEEDLES,2017-3-20,2019-05-29
9,1839 LAKEWOOD AVE UPLAND CA,UPLAND,2019-3-20,2019-05-29
10,1410 4TH ST ONTARIO CA,ONTARIO,2017-7-18,2019-05-29
11,1652 CYPRESS AVE ONTARIO CA,ONTARIO,2016-10-8,2019-05-29
12,14872 ASH DR CHINO CA,CHINO,2017-8-11,2019-05-29
13,188 2ND AVE UPLAND CA,UPLAND,2015-10-1,2019-05-29
14,5644 PERIDOT AVE ALTA_LOMA CA,ALTA_LOMA,2017-7-26,2019-05-29
15,11832 BUNKER_HILL DR RANCHO_CUCAMONGA CA,RANCHO_CUCAMONGA,2014-3-28,2019-05-29
