,address,County,City,Sold_date,Listed_date
0,19222 ROSCOE BLVD LOS_ANGELES CA,LAX,LOS_ANGELES,2015-10-23,2019-06-03
1,8050 IRONDALE AVE LOS_ANGELES CA,LAX,LOS_ANGELES,2010-10-3,2019-06-03
2,7049 KEOKUK AVE LOS_ANGELES CA,LAX,LOS_ANGELES,2017-5-12,2019-06-03
3,17432 HART ST LOS_ANGELES CA,LAX,LOS_ANGELES,2020-3-10,2019-06-03
4,14243 VICTORY BLVD LOS_ANGELES CA,LAX,LOS_ANGELES,2020-3-16,2019-06-03
5,6558 WOODMAN AVE LOS_ANGELES CA,LAX,LOS_ANGELES,2019-7-17,2019-06-03
6,10724 LULL ST LOS_ANGELES CA,LAX,LOS_ANGELES,2020-1-6,2019-06-03
7,12911 BARTO DR LOS_ANGELES CA,LAX,LOS_ANGELES,2016-7-26,2019-06-03
8,16433 GLEDHILL ST LOS_ANGELES CA,LAX,LOS_ANGELES,2016-1-27,2019-06-03
9,21753 WAHOO TRL CHATSWORTH CA,LAX,CHATSWORTH,2020-3-20,2019-06-03
10,23205 FAISAN CT SANTA_CLARITA CA,LAX,SANTA_CLARITA,2019-12-24,2019-06-03
11,3710 119TH PL HAWTHORNE CA,LAX,HAWTHORNE,2017-1-23,2019-06-03
12,4573 162ND ST LAWNDALE CA,LAX,LAWNDALE,2020-4-13,2019-06-03
13,964 VAN_PELT AVE LOS_ANGELES CA,LAX,LOS_ANGELES,2012-6-13,2019-06-03
14,3929 CESAR_E_CHAVEZ AVE LOS_ANGELES CA,LAX,LOS_ANGELES,2009-9-9,2019-06-03
15,2333 COLLEGIAN AVE MONTEREY_PARK CA,LAX,MONTEREY_PARK,2011-8-2,2019-06-03
16,724 1ST ST MONTEBELLO CA,LAX,MONTEBELLO,2020-3-6,2019-06-03
17,790 WORCESTER AVE PASADENA CA,LAX,PASADENA,2020-5-14,2019-06-03
18,177 ALTADENA DR PASADENA CA,LAX,PASADENA,2010-7-22,2019-06-03
19,3131 ALAMEDA ST PASADENA CA,LAX,PASADENA,2012-11-12,2019-06-03
20,3329 VILLA_GROVE DR ALTADENA CA,LAX,ALTADENA,2020-2-25,2019-06-03
21,2270 STONYVALE RD TUJUNGA CA,LAX,TUJUNGA,2011-5-11,2019-06-03
22,1664 68TH ST LOS_ANGELES CA,LAX,LOS_ANGELES,2019-2-14,2019-06-03
23,845 84TH ST LOS_ANGELES CA,LAX,LOS_ANGELES,2019-9-11,2019-06-03
24,614 84TH ST LOS_ANGELES CA,LAX,LOS_ANGELES,2006-5-26,2019-06-03
25,617 82ND ST LOS_ANGELES CA,LAX,LOS_ANGELES,2018-10-4,2019-06-03
26,1225 103RD ST LOS_ANGELES CA,LAX,LOS_ANGELES,2019-10-17,2019-06-03
27,529 104TH PL LOS_ANGELES CA,LAX,LOS_ANGELES,2019-11-18,2019-06-03
28,11133 NEW_HAMPSHIRE AVE LOS_ANGELES CA,LAX,LOS_ANGELES,2019-9-20,2019-06-03
29,508 ALMOND ST COMPTON CA,LAX,COMPTON,2013-1-7,2019-06-03
30,8221 NADA ST DOWNEY CA,LAX,DOWNEY,2018-12-5,2019-06-03
31,12739 GLYNN AVE DOWNEY CA,LAX,DOWNEY,2018-12-28,2019-06-03
32,6201 SANTA_FE AVE HUNTINGTON_PARK CA,LAX,HUNTINGTON_PARK,2013-4-1,2019-06-03
33,3820 WALNUT AVE LONG_BEACH CA,LAX,LONG_BEACH,2016-2-12,2019-06-03
34,3336 FAIRMAN ST LAKEWOOD CA,LAX,LAKEWOOD,2019-12-4,2019-06-03
35,2315 243RD ST LOMITA CA,LAX,LOMITA,2018-11-21,2019-06-03
36,10662 DOWNEY_NORWALK RD NORWALK CA,LAX,NORWALK,2020-1-15,2019-06-03
37,12028 SUMMER AVE NORWALK CA,LAX,NORWALK,2012-8-24,2019-06-03
38,11940 NAVA ST NORWALK CA,LAX,NORWALK,2020-2-24,2019-06-03
39,8926 BRIGHT AVE WHITTIER CA,LAX,WHITTIER,2009-5-27,2019-06-03
40,2423 VISTA RD LA_HABRA_HEIGHTS CA,LAX,LA_HABRA_HEIGHTS,2016-6-16,2019-06-03
41,2434 VALHALLA ST POMONA CA,LAX,POMONA,2012-12-28,2019-06-03
42,2202 SAN_CARLOS ST POMONA CA,LAX,POMONA,2012-12-28,2019-06-03
43,1470 ARROYO AVE POMONA CA,LAX,POMONA,2018-6-7,2019-06-03
44,5034 BLEECKER ST BALDWIN_PARK CA,LAX,BALDWIN_PARK,2008-2-9,2019-06-03
45,12779 TORCH ST BALDWIN_PARK CA,LAX,BALDWIN_PARK,2008-11-17,2019-06-03
46,13444 TRACY ST BALDWIN_PARK CA,LAX,BALDWIN_PARK,2020-4-21,2019-06-03
47,18822 CITRUS_EDGE ST AZUSA CA,LAX,AZUSA,2019-8-27,2019-06-03
48,452 JANSU PL POMONA CA,LAX,POMONA,2020-5-7,2019-06-03
