,address,County,City,Sold_date,Listed_date
0,947 MCDONALD RD FALLBROOK CA,SDX,FALLBROOK,2009-5-21,2019-06-03
1,999 PACIFIC_ST_NORTH_#G302 nan OCEANSIDE CA,SDX,OCEANSIDE,2020-1-17,2019-06-03
2,1700 BITTERSWEET HL VISTA CA,SDX,VISTA,2019-9-5,2019-06-03
3,1835 MONTGOMERY DR VISTA CA,SDX,VISTA,2019-11-7,2019-06-03
4,1834 HANSON LN RAMONA CA,SDX,RAMONA,2020-5-12,2019-06-03
5,10986 WESTMORE CIR SAN_DIEGO CA,SDX,SAN_DIEGO,2015-3-20,2019-06-03
6,11130 POSTHILL RD LAKESIDE CA,SDX,LAKESIDE,2019-8-23,2019-06-03
7,1011 PEPPER DR EL_CAJON CA,SDX,EL_CAJON,2020-4-14,2019-06-03
8,2744 MEADOW_LARK DR SAN_DIEGO CA,SDX,SAN_DIEGO,2020-2-19,2019-06-03
9,2968 WASHINGTON ST LEMON_GROVE CA,SDX,LEMON_GROVE,2016-9-8,2019-06-03
10,725 HACIENDA DR EL_CAJON CA,SDX,EL_CAJON,2019-10-18,2019-06-03
11,1497 CLARKE DR EL_CAJON CA,SDX,EL_CAJON,2016-11-2,2019-06-03
12,5022 DEHESA RD EL_CAJON CA,SDX,EL_CAJON,2019-4-24,2019-06-03
13,1222 JAMACHA RD EL_CAJON CA,SDX,EL_CAJON,2015-11-25,2019-06-03
14,2735 L ST SAN_DIEGO CA,SDX,SAN_DIEGO,2020-4-2,2019-06-03
15,2047 29TH ST SAN_DIEGO CA,SDX,SAN_DIEGO,2020-5-19,2019-06-03
16,6101 ALDERLEY ST SAN_DIEGO CA,SDX,SAN_DIEGO,2019-6-17,2019-06-03
17,585 4TH AVE CHULA_VISTA CA,SDX,CHULA_VISTA,2015-12-9,2019-06-03
