ID,FIPS,CO3,APN,OWNERNAME,OWNER 1,OWNER 2,CAREOF,S_HSENO,S_HSESUB,S_DIR,STREET,S_SFX,UNIT,CITY,STATE,ZIP,S_ZIP4,M_HSENO,M_HSESUB,M_DIR,M_STREET,M_SFX,M_UNIT,M_CITY,M_STATE,M_ZIP,M_ZIP4,LANDVAL,IMPVALUE,OTHERVALUE,TOTALVALUE,EXEMPAMT,EXEMPT,RATIO,TTAX,STATUS,ZONING,COUNTYUSE,USETYPE,TRA,LEGAL,YRDELQ,LOTACRES,LOTSQFT,VESTING,OLDESTDELYR,DEFAULTAMT,DEFNUMBER,TAXUPDATED,DATE
5,6059,ORG,105-232-74,DANNY E BROWN,BROWN DANNY E JR,,,17292,,,HARDING CANYON,RD,,SILVERADO,CA,92676,9751,17292,,,HARDING CANYON,RD,,SILVERADO,CA,92676,9751,"$213,385","$10,931",,"$224,316",,N,4%,,,,1,RESID. SINGLE FAMILY,076-172,A TR MODJESKA HOME SHEET A BLK LOT 5,,0.161,"7,038",,2017,3865.48,18000985,11/24/19,Feb-20
6,6059,ORG,111-401-22,JOEY TSEUNG MING CHEUNG,CHEUNG JOEY TSEUNG MING,"WAH, LILLY PO TAK",,18722,,,STRATTON,LN,,HUNTINGTON BEACH,CA,92648,7006,18722,,,STRATTON,LN,,HUNTINGTON BEACH,CA,92648,7006,"$130,995","$339,788",,"$470,783",,N,72%,,,,1,RESID. SINGLE FAMILY,004-013,N TR 14980 BLK LOT 7,,0.082,"3,608",,2017,2998.26,18001072,11/24/19,Feb-20
12,6059,ORG,614-121-50,LYN M FERGUSON,FERGUSON LYN M,,,24731,,,GLENWOOD,DR,,LAKE FOREST,CA,92630,3109,24731,,,GLENWOOD,DR,,LAKE FOREST,CA,92630,3109,"$256,144","$186,815",,"$442,959",,N,42%,,,,1,RESID. SINGLE FAMILY,030-015,N TR 6349 BLK LOT 44 TR 6349 LOT 44 TOGETHER WITH AN UND 1/64 INT IN,,0.084,"3,666",,2017,5002.83,18003607,11/30/19,Feb-20
1,6059,ORG,003-161-10,STANLEY R & CHIYO POLCZYNSKI,POLCZYNSKI STANLEY R & CHIYO,,,2015,,,POINSETTIA,ST,,SANTA ANA,CA,92706,2921,2015,,N,POINSETTIA,ST,,SANTA ANA,CA,92706,2921,"$90,511","$117,803",,"$208,314","$7,000",Y,56%,,,,1,RESID. SINGLE FAMILY,011-003,A TR RESUB OF NOB HILL TR BLK D RESUB OF NOB HILL TR LOT BLK D N 56 FT S 191 FT,,0.199,"8,680",,2018,1414.85,19000022,11/21/19,Feb-20
2,6059,ORG,035-341-02,JUNE M MC BRIDE,MC BRIDE JUNE M,,,620,,N,EAST,ST,,ANAHEIM,CA,92805,2131,620,,N,EAST,ST,,ANAHEIM,CA,92805,2131,"$15,614","$19,188",,"$34,802",,N,55%,,,,1,RESID. SINGLE FAMILY,001-001,N TR 1648 BLK LOT 41,,0.144,"6,300",,2018,833.38,19000358,11/22/19,Feb-20
3,6059,ORG,071-264-07,MICHAEL KENNETH & JENNIFER AKEMI WILLEY,WILLEY MICHAEL KENNETH & JENNIFER AKEMI,,,2468,,W,GLENCREST,AVE,,ANAHEIM,CA,92801,3224,2468,,W,GLENCREST,AVE,,ANAHEIM,CA,92801,3224,"$390,363","$78,279",,"$468,642",,N,16%,,,,1,RESID. SINGLE FAMILY,001-029,N TR 2296 BLK LOT 34,,0.144,"6,300",,2018,5984.84,19000656,11/23/19,Feb-20
4,6059,ORG,086-113-07,JOHN N BOOTH,BOOTH JOHN N TR,,,12032,,,MONTECITO,RD,,LOS ALAMITOS,CA,90720,4511,12032,,,MONTECITO,RD,,LOS ALAMITOS,CA,90720,4511,"$33,455","$53,900",,"$87,355","$7,000",Y,61%,,,,1,RESID. SINGLE FAMILY,068-009,N TR 3129 BLK LOT 180,,0.194,"8,471",,2018,1685.4,19000760,11/23/19,Feb-20
7,6059,ORG,132-423-10,THANH G PHUNG,PHUNG THANH G,"NGUYEN, NGHIA",,9331,,,SKYLARK,BLVD,,GARDEN GROVE,CA,92841,2016,9331,,,SKYLARK,BLVD,,GARDEN GROVE,CA,92841,,"$707,929",,,"$707,929",,N,0%,,,,1,RESID. SINGLE FAMILY,018-103,N TR 2142 BLK LOT 9,,0.418,"18,228",,2018,5505.25,19001416,11/24/19,Feb-20
10,6059,ORG,440-114-04,PATRICIA JOY FRUZYNA,FRUZYNA PATRICIA JOY TR,P J FRUZYNA FAMILY 2014  TR,,2221,,,VISTA HOGAR,,,NEWPORT BEACH,CA,92660,4031,2221,,,VISTA HOGAR,,,NEWPORT BEACH,CA,92660,,"$458,167","$287,444",,"$745,611","$7,000",Y,38%,,,,1,RESID. SINGLE FAMILY,007-070,N TR 5798 BLK LOT 57 TR 5798 (L.L.84-245722) PAR 57,,0.034,"1,520",,2018,4403.18,19003535,11/29/19,Feb-20
11,6059,ORG,473-132-04,SHORERIDGE INVESTMENT,SHORERIDGE INVESTMENT LLC,,,26,,,SHORERIDGE,,,NEWPORT BEACH,CA,92657,1813,26,,,SHORERIDGE,,,NEWPORT COAST,CA,92657,,"$3,859,836","$2,668,164",,"$6,528,000",,N,40%,,,,1,RESID. SINGLE FAMILY,007-221,N TR 15604 BLK LOT 37,,0.397,"17,326",,2018,75964.96,19003737,11/29/19,Feb-20
13,6059,ORG,650-242-09,ARTS & ACTION CHARTER ACADEMY ACADEMICS,ACADEMICS ARTS & ACTION CHARTER ACADEMY,,,30041,,,SADDLERIDGE,DR,,SAN JUAN CAPISTRANO,CA,92675,1547,30041,,,SADDLERIDGE,DR,,SAN JUAN CAPISTRA,CA,92675,,"$973,829","$631,171",,"$1,605,000",,N,39%,,,,1,RESID. SINGLE FAMILY,023-065,N TR 6381 BLK LOT 125,,0.289,"12,610",,2018,18321.06,19004393,2012-01-19,Feb-20
14,6059,ORG,653-111-10,JILLA ALMOZAFAR,ALMOZAFAR JILLA,,,29561,,,VIA VALVERDE,,,LAGUNA NIGUEL,CA,92677,1869,29561,,,VIA VALVERDE,,,LAGUNA NIGUEL,CA,92677,,"$714,934","$90,866",,"$805,800",,N,11%,,,,1,RESID. SINGLE FAMILY,029-057,N TR 4910 BLK LOT 39,,0.25,"10,920",,2018,4278.24,19004412,2012-01-19,Feb-20
15,6059,ORG,673-331-06,THOMAS JAY,JAY THOMAS TR THE T JAY,TR,,24361,,,PHILEMON,DR,,DANA POINT,CA,92629,1076,31103,,,RANCHO VIEJO,RD,D2-174,SAN JUAN CAPISTRA,CA,92675,,"$581,400",,,"$581,400",,N,0%,,,,1,RESID. SINGLE FAMILY,028-073,N TR 9406 BLK LOT 27,,0.53,"23,092",,2018,3202.09,19004587,2012-01-19,Feb-20
