ID,FIPS,CO3,APN,OWNERNAME,OWNER 1,OWNER 2,CAREOF,S_HSENO,S_HSESUB,S_DIR,STREET,S_SFX,UNIT,ADDRESS,CITY,STATE,ZIP,ZIP4,M_HSENO,M_HSESUB,M_DIR,M_STREET,M_SFX,M_UNIT,M_CITY,M_STATE,M_ZIP,M_ZIP4,LANDVAL,IMPVALUE,OTHERVALUE,TOTALVALUE,EXEMPAMT,EXEMPT,RATIO,TTAX,STATUS,ZONING,COUNTYUSE,USETYPE,TRA,LEGAL,YRDELQ,LOTACRES,LOTSQFT,VESTING,OLDESTDELYR,DEFAULTAMT,DEFNUMBER,TAXUPDATED,DATE
11,6065,RIV,226-243-011,CHRISTINA URICH,URICH CHRISTINA,,,6736,,,CATALINA,DR,,6736  CATALINA DR,RIVERSIDE,CA,92504,1815,,,,PO BOX 70346,,,RIVERSIDE,CA,92513,,"$82,416","$175,822",,"$258,238",,N,68%,,ACTIVE,R1065,R1,RESID. SINGLE FAMILY,009-000,LOT 6 MB 030/087 FLORY TR,,0.17,"7,405",,2013,17925.58,2.01E+12,1/16/20,2020
14,6065,RIV,307-340-014,JOHN EDWARD DUDROW,DUDROW JOHN EDWARD JR,OWENS JAMES R,,29951,,,13TH,ST,,29951  13TH ST,NUEVO,CA,92567,9402,,,,P O BOX 71401,,,FAIRBANKS,AK,99707,,"$22,046","$57,238",,"$79,284",,N,72%,,ACTIVE,,R1,RESID. SINGLE FAMILY,083-038,1.81 ACRES NET IN PAR 3 PM 102/018 PM 17884,,1.81,"78,843",,2013,8069.2,2.01E+12,1/16/20,2020
25,6065,RIV,531-210-003,SARAJANE BARTHOLOMAE,BARTHOLOMAE SARAJANE,,,8219,,,SING,RD,,8219  SING RD,BANNING,CA,92220,1590,1657,,,BAYSIDE,DR,,CORONA DEL MAR,CA,92625,,"$227,329","$241,107",,"$468,436",,N,51%,,ACTIVE,,R1,RESID. SINGLE FAMILY,055-008,4.65 ACRES NET IN PAR 1 PM 146/047 PM 17766,,4.65,"202,554",,2013,45305.27,2.01E+12,1/16/20,2020
32,6065,RIV,675-174-012,WILFREDO RODRIGUEZ,RODRIGUEZ WILFREDO,,,28503,,,AVENIDA MARQUESA,,,28503  AVENIDA MARQUESA ,CATHEDRAL CITY,CA,92234,,28503,,,AVENIDA MARQUESA,,,CATHEDRAL CITY,CA,92234,,"$66,081","$198,263",,"$264,344","$7,000",Y,75%,,ACTIVE,,R1,RESID. SINGLE FAMILY,019-167,LOT 425 MB 043/040 TR 2232,,0.16,"6,969",,2013,32969.83,2.01E+12,1/16/20,2020
17,6065,RIV,339-153-010,1999 VLAANDEREN FAMILY TRUST,1999 VLAANDEREN FAMILY TRUST,SCHNIEDERS ROBERT,,25573,,,SERPENS,CT,,25573  SERPENS CT,MENIFEE,CA,92586,3800,25573,,,SERPENS,CT,,SUN CITY,CA,92586,,"$18,647","$56,842",,"$75,489","$7,000",Y,75%,,ACTIVE,,R1,RESID. SINGLE FAMILY,026-056,.17 ACRES IN LOT 17 MB 154/085 TR 19738,,0.17,"7,405",,2014,5972.82,2.01E+12,1/16/20,2020
26,6065,RIV,541-300-006,SAUL MARTINEZ,MARTINEZ SAUL,GONZALEZ RAMON,,770,,S,SAN GORGONIO,AVE,,770 S SAN GORGONIO AVE,BANNING,CA,92220,6008,770,,S,SAN GORGONIO,AVE,,BANNING,CA,92220,,"$20,168","$120,370",,"$140,538",,N,85%,,ACTIVE,RA,R1,RESID. SINGLE FAMILY,001-020,POR LOT 1 MB 001/055 SD SAN JOSE TR,,0.72,"31,363",,2015,7240,2.02E+12,1/16/20,2020
27,6065,RIV,625-400-014,ANTHONY G KAHMANN,KAHMANN ANTHONY G,,,44032,,,ERIE,CT,,44032  ERIE CT,INDIAN WELLS,CA,92210,7200,,,,PO BOX 2351,,,WESTPORT,WA,98595,,"$67,336","$378,816",,"$446,152",,N,84%,,ACTIVE,,R1,RESID. SINGLE FAMILY,016-001,LOT 14 MB 106/053 TR 12533,,0.11,"4,791",,2015,25891.7,2.02E+12,1/16/20,2020
28,6065,RIV,625-400-019,ANTHONY G KAHMANN,KAHMANN ANTHONY G,,,44037,,,ERIE,CT,,44037  ERIE CT,INDIAN WELLS,CA,92210,7200,,,,PO BOX 2351,,,WESTPORT,WA,98595,,"$127,445","$318,633",,"$446,078",,N,71%,,ACTIVE,,R1,RESID. SINGLE FAMILY,016-001,LOT 19 MB 106/053 TR 12533,,0.2,"8,712",,2015,25582.6,2.02E+12,1/16/20,2020
29,6065,RIV,626-080-013,HIDEKO KOBATA,KOBATA HIDEKO,,,75901,,,PEMBE,LN,,75901  PEMBE LN,PALM DESERT,CA,92211,7072,,,,PO BOX 13203,,,PALM DESERT,CA,92255,,"$197,895","$519,903",,"$717,798","$7,000",Y,72%,,ACTIVE,,R1,RESID. SINGLE FAMILY,018-220,LOT 57 MB 098/010 TR 6685-1,,0.41,"17,859",,2015,14493.82,2.02E+12,1/16/20,2020
2,6065,RIV,129-121-006,TERESA ALFARO,ALFARO TERESA,,,2626,,,CORYDON,AVE,,2626  CORYDON AVE,NORCO,CA,92860,2209,,,,P O BOX 7251,,,NORCO,CA,92860,,"$84,311","$189,714",,"$274,025","$7,000",Y,69%,,ACTIVE,,R1,RESID. SINGLE FAMILY,015-002,LOT 51 MB 076/067 TR 4561,,0.47,"20,473",,2016,8468.41,2.02E+12,1/16/20,2020
6,6065,RIV,165-130-003,EMILIO RODRIGUEZ,RODRIGUEZ EMILIO,,,6091,,,HUDSON,ST,,6091  HUDSON ST,RIVERSIDE,CA,92509,5036,6091,,,HUDSON,ST,,RIVERSIDE,CA,92509,,"$55,193","$45,705",,"$100,898",,N,45%,,ACTIVE,R1,R1,RESID. SINGLE FAMILY,028-033,.42 ACRES M/L IN POR LOT 21 MB 006/002 FAIRHAVEN FARMS,,0.42,"18,295",,2016,284.52,2.02E+12,1/16/20,2020
7,6065,RIV,167-121-023,LAWRENCE M BRUIN,BRUIN LAWRENCE M,BRUIN LINDA,,4895,,,NEWCASTLE,ST,,4895  NEWCASTLE ST,RIVERSIDE,CA,92509,3568,9660,,,52ND,ST,,RIVERSIDE,CA,92509,,"$42,878","$69,001",,"$111,879","$7,000",Y,61%,,ACTIVE,,R1,RESID. SINGLE FAMILY,028-115,LOT 90 MB 023/096 KNOWLES SUB,,0.27,"11,761",,2016,4307.5,2.02E+12,1/16/20,2020
22,6065,RIV,448-190-015,GREG BELK,BELK GREG,,,,,,,,,   ,HEMET,CA,92545,,548,,,LOUISVILLE,ST,,HEMET,CA,92545,,"$46,172","$138,522",,"$184,694",,N,75%,,ACTIVE,,R1,RESID. SINGLE FAMILY,006-109,.14 ACRES M/L IN LOT 28 MB 278/026 TR 22189-4,,0.14,"6,098",,2016,6244.85,2.02E+12,1/16/20,2020
24,6065,RIV,479-441-004,STEPHEN R LAPHAM,LAPHAM STEPHEN R,,,13675,,,DAIMLER,ST,,13675  DAIMLER ST,MORENO VALLEY,CA,92553,4840,13675,,,DAIMLER,ST,,MORENO VALLEY,CA,92553,,"$41,616","$218,484",,"$260,100",,N,84%,,ACTIVE,,R1,RESID. SINGLE FAMILY,021-173,.17 ACRES IN LOT 56 MB 142/090 TR 13585,,0.17,"7,405",,2016,13534.74,2.02E+12,1/16/20,2020
3,6065,RIV,149-340-032,ADAM VERSKA,VERSKA ADAM,VERSKA ANNA,,5349,,,NORWOOD,AVE,,5349  NORWOOD AVE,RIVERSIDE,CA,92505,1332,5349,,,NORWOOD,,,RIVERSIDE,CA,92505,,"$53,146","$98,721",,"$151,867","$7,000",Y,65%,,ACTIVE,,R1,RESID. SINGLE FAMILY,009-175,.37 ACRES M/L IN POR LOT 21 MB 011/096 GLEN ARDEN TR,,0.37,"16,117",,2017,2440.14,2.02E+12,1/16/20,2020
10,6065,RIV,223-160-007,SALVATORE GIULIANO,GIULIANO SALVATORE,GIULIANO PATRICIA S,,2920,,,PINKERTON,PL,,2920  PINKERTON PL,RIVERSIDE,CA,92506,3318,,,,P O BOX 21134,,,RIVERSIDE,CA,92516,,"$198,698","$408,442",,"$607,140",,N,67%,,ACTIVE,R1080,R1,RESID. SINGLE FAMILY,009-002,.82 ACRES M/L IN POR LOTS 1 & 2 MB 035/038 IRON MOUNTAIN ESTATES AND POR LOT 6 MB 004/092 VICTORIA HEIGHTS AND POR SW 1/4 OF SEC 35 T2S R5W FOR TOTAL DESCRIPTION SEE ASSESSORS MAPS,,0.82,"35,719",,2017,17412.03,2.02E+12,1/16/20,2020
12,6065,RIV,260-312-004,TOM ARONOLD GONZALES,GONZALES TOM ARONOLD,LINARES MARLENE,,10089,,,THORNBIRD,CT,,10089  THORNBIRD CT,MORENO VALLEY,CA,92557,2854,10089,,,THORNBIRD,CT,,MORENO VALLEY,CA,92557,,"$72,828","$260,100",,"$332,928",,N,78%,,ACTIVE,,R1,RESID. SINGLE FAMILY,021-293,LOT 84 MB 181/089 TR 21460-2,,0.13,"5,662",,2017,9862.61,2.02E+12,1/16/20,2020
16,6065,RIV,327-300-059,GILBERTO TINOCO HERNANDEZ,HERNANDEZ GILBERTO TINOCO,TINOCO HILDA C,,29491,,,WATSON,RD,,29491  WATSON RD,MENIFEE,CA,92585,9140,127,,,FRANKLIN,ST,#1,REDWOOD CITY,CA,94061,,"$60,775","$141,822",,"$202,597",,N,70%,,ACTIVE,,R1,RESID. SINGLE FAMILY,026-193,1.38 ACRES M/L IN PARS 3 & 4 PM 060/034 PM 12041,,1.38,"60,112",,2017,5642.87,2.02E+12,1/16/20,2020
20,6065,RIV,426-106-007,MARY J LOPEZ,LOPEZ MARY J,LOPEZ GUADALUPE,,19730,,,CITRUS,AVE,,19730  CITRUS AVE,NUEVO,CA,92567,9149,,,,P O BOX 85,,,NUEVO,CA,92567,,"$6,177","$42,173",,"$48,350",,N,87%,,ACTIVE,,R1,RESID. SINGLE FAMILY,083-005,.23 ACRES M/L IN LOT 1 BLK 8 MB 001/018 LAKEVIEW TOWNSITE,,0.23,"10,018",,2017,1539.31,2.02E+12,1/16/20,2020
21,6065,RIV,432-170-014,ALFRED GORDON VALENCIA,VALENCIA ALFRED GORDON,VALENCIA LELA A,,23920,,,CALIFORNIA,AVE,,23920  CALIFORNIA AVE,HEMET,CA,92545,2102,,,,P O BOX 665,,,HEMET,CA,92546,,"$48,267","$39,606",,"$87,873",,N,45%,,ACTIVE,,R1,RESID. SINGLE FAMILY,071-315,4.92 ACRES M/L IN POR SW 1/4 OF SEC 36 T4S R2W FOR TOTAL DESCRIPTION SEE ASSESSORS MAPS,,4.92,"214,315",,2017,1442.57,2.02E+12,1/16/20,2020
30,6065,RIV,626-272-023,MORGAN ALEXIS TENNANT,TENNANT MORGAN ALEXIS,,,76819,,,LANCELOT,CT,,76819  LANCELOT CT,PALM DESERT,CA,92211,7103,76819,,,LANCELOT,CT,,PALM DESERT,CA,92211,,"$94,324","$282,973",,"$377,297",,N,75%,,ACTIVE,CBOOK,R1,RESID. SINGLE FAMILY,018-222,LOT 45 MB 188/097 TR 21651,,0.28,"12,196",,2017,9390.86,7487454,1/16/20,2020
31,6065,RIV,635-340-035,JOHN SWARTZ,SWARTZ JOHN,,,60145,,,WATERWELL,LN,,60145  WATERWELL LN,MOUNTAIN CENTER,CA,92561,3831,60145,,,WATERWELL,,,MOUNTAIN CENTER,CA,92561,,"$33,108","$182,137",,"$215,245","$7,000",Y,84%,,ACTIVE,,R1,RESID. SINGLE FAMILY,061-166,2.50 ACRES M/L IN PAR 6 RS 025/090,,2.5,"108,900",,2017,4932.16,2.02E+12,1/16/20,2020
1,6065,RIV,102-602-022,BROWNSYN JOANNE BRAUD,BRAUD BROWNSYN JOANNE,,,1171,,,VISTA LOMAS,LN,,1171  VISTA LOMAS LN,CORONA,CA,92882,3632,1171,,,VISTA LOMAS,LN,,CORONA,CA,92882,,"$115,432","$347,661",,"$463,093","$7,000",Y,75%,,ACTIVE,,R1,RESID. SINGLE FAMILY,004-047,LOT 38 MB 188/001 TR 22634,,0.12,"5,227",,2018,3466.51,2.02E+12,1/16/20,2020
5,6065,RIV,161-032-013,WILLIAM L RENNO,RENNO WILLIAM L,RENNO HANNELORE,,10538,,,54TH,ST,,10538  54TH ST,JURUPA VALLEY,CA,91752,2331,,,,P O BOX 3,,,MIRA LOMA,CA,91752,,"$119,415","$182,168",,"$301,583","$7,000",Y,60%,,ACTIVE,,R1,RESID. SINGLE FAMILY,028-110,2.34 ACRES M/L IN POR LOT 2 MB 012/014 JURUPA VALLEY FARMS,,2.34,"101,930",,2018,3969.86,2.02E+12,1/16/20,2020
8,6065,RIV,179-252-012,PAMALENE BORNHOLDT JOHNSON,JOHNSON PAMALENE BORNHOLDT,,,5375,,,37TH,ST,,5375  37TH ST,RIVERSIDE,CA,92509,4604,,,,PO BOX 65,,,JOSHUA TREE,CA,92252,,"$67,626","$85,312",,"$152,938",,N,55%,,ACTIVE,C1CP,R1,RESID. SINGLE FAMILY,028-054,LOT 88 MB 013/027 RUBIDOUX VISTA TR,,0.16,"6,969",,2018,2179.86,2.02E+12,1/16/20,2020
9,6065,RIV,209-212-019,MARJORIE E SPARGUR,SPARGUR MARJORIE E,,,3003,,,LEMON,ST,,3003  LEMON ST,RIVERSIDE,CA,92501,2509,,,,P O BOX 1119,,,RIVERSIDE,CA,92502,,"$11,981","$33,993",,"$45,974",,N,73%,,ACTIVE,,R1,RESID. SINGLE FAMILY,009-061,LOT 19 MB 007/003 HEWITT PLACE,,0.17,"7,405",,2018,429.38,2.02E+12,1/16/20,2020
13,6065,RIV,307-020-038,WEST COAST CAPITAL INV GROUP INC,WEST COAST CAPITAL INV GROUP INC,,,3094,,,AVALON,PKWY,,3094  AVALON PKWY,PERRIS,CA,92571,7006,1820,,,MENTONE,BLVD,,MENTONE,CA,92359,,"$162,284","$240,565",,"$402,849",,N,59%,,ACTIVE,,R1,RESID. SINGLE FAMILY,008-054,4.77 ACRES M/L IN POR BLKS 1 & 2 MB 016/050 FAIR VIEW FARMS WALNUT ADD 1,,4.77,"207,781",,2018,2761.58,2.02E+12,1/16/20,2020
15,6065,RIV,308-612-055,JEANETTE LYNN BALTZ,BALTZ JEANETTE LYNN,,,26311,,,IRIS,AVE,D,26311  IRIS AVE,MORENO VALLEY,CA,92555,2984,26311,,,IRIS,AVE,#D,MORENO VALLEY,CA,92551,,"$25,500","$188,700",,"$214,200",,N,88%,,ACTIVE,,RC,RESID. CONDOMINIUM,021-388,UNIT 91 CM 171/048 INT COMM LOT 6 TR 32144 MB 388/016,,0.025,"1,110",,2018,3723.04,2.02E+12,1/16/20,2020
18,6065,RIV,410-111-018,ARLENE F COLEMAN,COLEMAN ARLENE F,,,916,,,STEARNS,ST,,916  STEARNS ST,CALIMESA,CA,92320,1319,622,,,ESTHER,WAY,,REDLANDS,CA,92373,,"$27,353","$74,065",,"$101,418","$7,000",Y,73%,,ACTIVE,,R1,RESID. SINGLE FAMILY,022-031,LOT 4 MB 025/051 CALIMESA SUB,,0.43,"18,730",,2018,771.45,2.02E+12,1/16/20,2020
19,6065,RIV,410-221-016,ARDITH B SLEFKIN,SLEFKIN ARDITH B,,,345,,,CANYON VIEW,DR,,345  CANYON VIEW DR,CALIMESA,CA,92320,1637,345,,,CANYON VIEW,,,CALIMESA,CA,92320,,"$137,772","$75,148",,"$212,920","$7,000",Y,35%,,ACTIVE,,R1,RESID. SINGLE FAMILY,022-026,LOT 58 MB 047/001 TR 2356,,0.9,"39,204",,2018,3079.06,2.02E+12,1/16/20,2020
23,6065,RIV,478-100-028,DAVID J SLAWSON,SLAWSON DAVID J,,,28652,,,MALTBY,AVE,,28652  MALTBY AVE,MORENO VALLEY,CA,92555,6917,,,,P O BOX 458,,,MORENO VALLEY,CA,92554,,"$32,113","$119,591",,"$151,704",,N,78%,,ACTIVE,,R1,RESID. SINGLE FAMILY,021-011,.53 ACRES NET IN PAR 2 PM 124/062 PM 19686,,0.53,"23,086",,2018,1151.5,2.02E+12,1/16/20,2020
33,6065,RIV,916-372-002,S & Y RENTALS INC,S & Y RENTALS INC,,,40119,,,STOWE,RD,,40119  STOWE RD,TEMECULA,CA,92591,5585,4050,,,BARRANCE,PKWY,#240,IRVINE,CA,92604,,"$114,702","$290,846",,"$405,548",,N,71%,,ACTIVE,,R1,RESID. SINGLE FAMILY,013-018,.08 ACRES M/L IN LOT 30 MB 323/081 TR 29929-1,,0.08,"3,484",,2018,3546.16,2.02E+12,1/16/20,2020
34,6065,RIV,966-021-010,EUSTAQUIO C AGBULOS,AGBULOS EUSTAQUIO C,AGBULOS BEVENCIA V,,33588,,,SPRING BROOK,CIR,,33588  SPRING BROOK CIR,TEMECULA,CA,92592,8015,33588,,,SPRING BROOK,CIR,,TEMECULA,CA,92592,,"$123,760","$455,520",,"$579,280","$7,000",Y,78%,,ACTIVE,,R1,RESID. SINGLE FAMILY,094-197,.27 ACRES M/L IN LOT 77 MB 348/047 TR 29031,,0.27,"11,761",,2018,10129.76,2.02E+12,1/16/20,2020
