,address,City
0,nan nan nan CHATSWORTH CA,CHATSWORTH
1,nan nan nan CHATSWORTH CA,CHATSWORTH
2,nan nan nan CHATSWORTH CA,CHATSWORTH
3,nan nan nan CHATSWORTH CA,CHATSWORTH
4,nan nan nan CHATSWORTH CA,CHATSWORTH
5,nan nan nan CHATSWORTH CA,CHATSWORTH
6,nan nan nan CHATSWORTH CA,CHATSWORTH
7,nan nan nan nan nan,nan
8,nan nan nan CANOGA_PARK CA,CANOGA_PARK
9,7025.0 GLADE AVE LOS_ANGELES CA,LOS_ANGELES
10,5523.0 SHOUP AVE LOS_ANGELES CA,LOS_ANGELES
11,nan nan nan AGOURA_HILLS CA,AGOURA_HILLS
12,30200.0 AGOURA RD AGOURA_HILLS CA,AGOURA_HILLS
13,nan nan nan AGOURA_HILLS CA,AGOURA_HILLS
14,nan nan nan AGOURA_HILLS CA,AGOURA_HILLS
15,nan nan nan AGOURA_HILLS CA,AGOURA_HILLS
16,nan nan nan CALABASAS CA,CALABASAS
17,nan nan nan CALABASAS CA,CALABASAS
18,23501.0 PARK_SORRENTO nan CALABASAS CA,CALABASAS
19,23501.0 PARK_SORRENTO nan CALABASAS CA,CALABASAS
20,23100.0 PARK_SORRENTO nan CALABASAS CA,CALABASAS
21,4652.0 PARK_GRANADA nan CALABASAS CA,CALABASAS
22,20134.0 LEADWELL ST LOS_ANGELES CA,LOS_ANGELES
23,18340.0 KESWICK ST RESEDA CA,RESEDA
24,19216.0 HAMLIN ST LOS_ANGELES CA,LOS_ANGELES
25,19125.0 HAYNES ST LOS_ANGELES CA,LOS_ANGELES
26,6566.0 VANALDEN AVE LOS_ANGELES CA,LOS_ANGELES
27,20164.0 ARCHWOOD ST LOS_ANGELES CA,LOS_ANGELES
28,21720.0 HART ST LOS_ANGELES CA,LOS_ANGELES
29,nan nan nan WOODLAND_HILLS CA,WOODLAND_HILLS
30,nan nan nan ENCINO CA,ENCINO
31,nan nan nan WOODLAND_HILLS CA,WOODLAND_HILLS
32,8154.0 NATICK AVE LOS_ANGELES CA,LOS_ANGELES
33,14819.0 SHERMAN WAY LOS_ANGELES CA,LOS_ANGELES
34,7254.0 FORBES AVE LOS_ANGELES CA,LOS_ANGELES
35,17615.0 RAMCO WAY LOS_ANGELES CA,LOS_ANGELES
36,4455.0 HAZELTINE AVE LOS_ANGELES CA,LOS_ANGELES
37,14144.0 DICKENS ST LOS_ANGELES CA,LOS_ANGELES
38,12328.0 RUNNYMEDE ST LOS_ANGELES CA,LOS_ANGELES
39,12350.0 RUNNYMEDE ST LOS_ANGELES CA,LOS_ANGELES
40,nan nan nan VAN_NUYS CA,VAN_NUYS
41,11531.0 RIVERSIDE DR LOS_ANGELES CA,LOS_ANGELES
42,4730.0 BEN AVE LOS_ANGELES CA,LOS_ANGELES
43,4744.0 BEN AVE LOS_ANGELES CA,LOS_ANGELES
44,4211.0 ARCH DR STUDIO_CITY CA,STUDIO_CITY
45,nan nan nan STUDIO_CITY CA,STUDIO_CITY
46,nan nan nan SUN_VALLEY CA,SUN_VALLEY
47,7516.0 BLOOMINGTON AVE LOS_ANGELES CA,LOS_ANGELES
48,nan nan nan NORTH_HOLLYWOOD CA,NORTH_HOLLYWOOD
49,3174.0 OAKSHIRE DR LOS_ANGELES CA,LOS_ANGELES
50,nan nan nan BURBANK CA,BURBANK
51,6.0 BURBANK BLVD BURBANK CA,BURBANK
52,2644.0 LAMER ST BURBANK CA,BURBANK
53,13131.0 PHILLIPPI AVE LOS_ANGELES CA,LOS_ANGELES
54,14831.0 RYAN ST LOS_ANGELES CA,LOS_ANGELES
55,14538.0 LYLE ST LOS_ANGELES CA,LOS_ANGELES
56,13825.0 BEAVER ST LOS_ANGELES CA,LOS_ANGELES
57,1934.0 LUCAS ST SAN_FERNANDO CA,SAN_FERNANDO
58,1945.0 GLENOAKS BLVD SAN_FERNANDO CA,SAN_FERNANDO
59,605.0 FOX ST SAN_FERNANDO CA,SAN_FERNANDO
60,11717.0 BORDEN AVE LOS_ANGELES CA,LOS_ANGELES
61,13146.0 EUSTACE ST LOS_ANGELES CA,LOS_ANGELES
62,nan nan nan SYLMAR CA,SYLMAR
63,nan nan nan SYLMAR CA,SYLMAR
64,nan nan nan SYLMAR CA,SYLMAR
65,nan nan nan PACOIMA CA,PACOIMA
66,11348.0 KELOWNA ST LOS_ANGELES CA,LOS_ANGELES
67,12330.0 OSBORNE ST LOS_ANGELES CA,LOS_ANGELES
68,10560.0 ART ST LOS_ANGELES CA,LOS_ANGELES
69,10145.0 LA_TUNA_CANYON RD LOS_ANGELES CA,LOS_ANGELES
70,nan nan nan TUJUNGA CA,TUJUNGA
71,nan nan nan TUJUNGA CA,TUJUNGA
72,nan nan nan TUJUNGA CA,TUJUNGA
73,7115.0 SHADYGROVE ST LOS_ANGELES CA,LOS_ANGELES
74,6808.0 SAINT_ESTABAN ST LOS_ANGELES CA,LOS_ANGELES
75,nan nan nan TUJUNGA CA,TUJUNGA
76,nan nan nan TUJUNGA CA,TUJUNGA
77,nan nan nan TUJUNGA CA,TUJUNGA
78,nan nan nan TUJUNGA CA,TUJUNGA
79,nan nan nan LAKEVIEW_TERRACE CA,LAKEVIEW_TERRACE
80,13830.0 GAVINA AVE LOS_ANGELES CA,LOS_ANGELES
81,nan nan nan SYLMAR CA,SYLMAR
82,14709.0 HUBBARD ST LOS_ANGELES CA,LOS_ANGELES
83,13535.0 PINNEY ST LOS_ANGELES CA,LOS_ANGELES
84,13401.0 OTTOMAN ST LOS_ANGELES CA,LOS_ANGELES
85,14420.0 TERRA_BELLA ST LOS_ANGELES CA,LOS_ANGELES
86,14265.0 TERRA_BELLA ST LOS_ANGELES CA,LOS_ANGELES
87,9336.0 VAN_NUYS BLVD LOS_ANGELES CA,LOS_ANGELES
88,8834.0 WILLIS AVE LOS_ANGELES CA,LOS_ANGELES
89,10780.0 WOODLEY AVE LOS_ANGELES CA,LOS_ANGELES
90,10020.0 DEBRA AVE LOS_ANGELES CA,LOS_ANGELES
91,10455.0 WILLOWBRAE AVE LOS_ANGELES CA,LOS_ANGELES
92,22218.0 GERMAIN ST LOS_ANGELES CA,LOS_ANGELES
93,20249.0 LASSEN ST LOS_ANGELES CA,LOS_ANGELES
94,10125.0 DE_SOTO AVE LOS_ANGELES CA,LOS_ANGELES
95,8801.0 INDEPENDENCE AVE LOS_ANGELES CA,LOS_ANGELES
96,22038.0 ALAMOGORDO RD SANTA_CLARITA CA,SANTA_CLARITA
97,nan nan nan SANTA_CLARITA CA,SANTA_CLARITA
98,nan nan nan SANTA_CLARITA CA,SANTA_CLARITA
99,nan nan nan nan nan,nan
100,nan nan nan nan nan,nan
101,nan nan nan nan nan,nan
102,nan nan nan nan nan,nan
103,nan nan nan nan nan,nan
104,nan nan nan nan nan,nan
105,nan nan nan nan nan,nan
106,nan nan nan SANTA_CLARITA CA,SANTA_CLARITA
107,nan nan nan SANTA_CLARITA CA,SANTA_CLARITA
108,nan nan nan nan nan,nan
109,nan nan nan nan nan,nan
110,19837.0 VIA_OTT nan SANTA_CLARITA CA,SANTA_CLARITA
111,nan nan nan SANTA_CLARITA CA,SANTA_CLARITA
112,nan nan nan SANTA_CLARITA CA,SANTA_CLARITA
113,nan nan nan SANTA_CLARITA CA,SANTA_CLARITA
114,28025.0 SARABANDE LN SANTA_CLARITA CA,SANTA_CLARITA
115,12452.0 TRAIL_07 nan SYLMAR CA,SYLMAR
116,nan nan nan SYLMAR CA,SYLMAR
117,23508.0 VIA_CASTANET nan SANTA_CLARITA CA,SANTA_CLARITA
118,24101.0 DEL_MONTE DR SANTA_CLARITA CA,SANTA_CLARITA
119,nan nan nan CASTAIC CA,CASTAIC
120,40739.0 VIA_SUN nan PALMDALE CA,PALMDALE
121,39942.0 TESORO LN PALMDALE CA,PALMDALE
122,nan VIC_10TH_STW/AVE_O nan PALMDALE CA,PALMDALE
123,1716.0 AVENUE_N4 nan PALMDALE CA,PALMDALE
124,nan LA_QUINTA_LANE nan PALMDALE CA,PALMDALE
125,nan SIERRA_HWY/VIC_AVE_P2 nan PALMDALE CA,PALMDALE
126,508.0 AVENUE_P14 nan PALMDALE CA,PALMDALE
127,38726.0 2ND_ST_E nan PALMDALE CA,PALMDALE
128,906.0 AVENUE_Q nan PALMDALE CA,PALMDALE
129,432.0 AVENUE_R12 nan PALMDALE CA,PALMDALE
130,1711.0 AVENUE_R3 nan PALMDALE CA,PALMDALE
131,1700.0 AVENUE_Q14 nan PALMDALE CA,PALMDALE
132,38716.0 21ST_ST_E nan PALMDALE CA,PALMDALE
133,2320.0 AVENUE_Q4 nan PALMDALE CA,PALMDALE
134,nan 26TH_STE/VIC_AVE_R6 nan PALMDALE CA,PALMDALE
135,nan COR_AVE_R10/28TH_STE nan PALMDALE CA,PALMDALE
136,37603.0 36TH_ST_E nan PALMDALE CA,PALMDALE
137,38526.0 LILACVIEW AVE PALMDALE CA,PALMDALE
138,38518.0 30TH_ST_E nan PALMDALE CA,PALMDALE
139,1049.0 AVENUE_P4 nan PALMDALE CA,PALMDALE
140,nan 50TH_STE/VIC_AVE_S nan PEARLAND CA,PEARLAND
141,5361.0 AVENUE_R12 nan PALMDALE CA,PALMDALE
142,nan 105TH_STE(NOG)/VIC_PALMD nan SUN_VILLAGE CA,SUN_VILLAGE
143,nan COR_PALMDALE_BL(PAV)/105 nan SUN_VILLAGE CA,SUN_VILLAGE
144,nan COR_160TH_STE/ALSTON_AVE nan LAKE_LOS_ANGELES CA,LAKE_LOS_ANGELES
145,nan VIC_AVE_04/152_STE nan ALPINE_BUTTE CA,ALPINE_BUTTE
146,nan AVE_P8/VIC_144_STE nan ALPINE_BUTTE CA,ALPINE_BUTTE
147,nan PALMDALE_BLVD/VIC_140_ST nan BLACK_BUTTE CA,BLACK_BUTTE
148,nan VIC_AVE_Q4/140_STE nan BLACK_BUTTE CA,BLACK_BUTTE
149,nan AVE_Q1/VIC_152ND_STE nan LAKE_LOS_ANGELES CA,LAKE_LOS_ANGELES
150,15618.0 AVENUE_Q7 nan LAKE_LOS_ANGELES CA,LAKE_LOS_ANGELES
151,nan AVE_Q/VIC_148_STE nan BLACK_BUTTE CA,BLACK_BUTTE
152,nan VIC_AVE_R8/200_STE nan BLACK_BUTTE CA,BLACK_BUTTE
153,nan PALMDALE_BLVD(PAV)/VIC_1 DV BLACK_BUTTE CA,BLACK_BUTTE
154,nan PALMDALE_BLVD(PAV)/VIC_1 CRK BLACK_BUTTE CA,BLACK_BUTTE
155,nan AVE_DUNLIN(P10E)/197_STE nan BLACK_BUTTE CA,BLACK_BUTTE
156,nan 197_STE/VIC_AVE_P12 nan BLACK_BUTTE CA,BLACK_BUTTE
157,nan CARMER(P12E)/196_STE nan BLACK_BUTTE CA,BLACK_BUTTE
158,nan DUNLIN(P10E)/VIC_197_STE nan BLACK_BUTTE CA,BLACK_BUTTE
159,nan VIC_AVE_H4/242_STE nan BLACK_BUTTE CA,BLACK_BUTTE
160,nan AVE_U/VIC_253_STE nan BLACK_BUTTE CA,BLACK_BUTTE
161,nan VIC_AVE_S4/220_STE nan BLACK_BUTTE CA,BLACK_BUTTE
162,nan VIC_AVE_S8/220_STE nan BLACK_BUTTE CA,BLACK_BUTTE
163,nan VIC_218_STE/AVE_S8 nan BLACK_BUTTE CA,BLACK_BUTTE
164,nan VIC_208_STE/AVE_T12 nan BLACK_BUTTE CA,BLACK_BUTTE
165,nan VIC_AVE_T15/222_STE nan BLACK_BUTTE CA,BLACK_BUTTE
166,nan VIC_AVE_V12/170_STE nan BLACK_BUTTE CA,BLACK_BUTTE
167,nan AVE_V6/VIC_133_STE nan PEARBLOSSOM CA,PEARBLOSSOM
168,nan COR_AVE_W8/133_STE nan PEARBLOSSOM CA,PEARBLOSSOM
169,13245.0 AVENUE_W11 nan PEARBLOSSOM CA,PEARBLOSSOM
170,nan AVE_V14(PAV)/VIC_121_STE nan PEARBLOSSOM CA,PEARBLOSSOM
171,nan AVE_W(DRT)/126_STE nan PEARBLOSSOM CA,PEARBLOSSOM
172,nan COR_126_STE(PAV)/AVE_W(D nan PEARBLOSSOM CA,PEARBLOSSOM
173,12233.0 AVENUE_V12 nan PEARBLOSSOM CA,PEARBLOSSOM
174,nan 123_STE(DRT)/VIC_AVE_W10 nan PEARBLOSSOM CA,PEARBLOSSOM
175,nan COR_AVE_S4(NOG)/133RD_ST nan SUN_VILLAGE CA,SUN_VILLAGE
176,nan AVE_S/VIC_AVE_122ND_STE nan SUN_VILLAGE CA,SUN_VILLAGE
177,nan AVE_S/VIC_123RD_STE nan SUN_VILLAGE CA,SUN_VILLAGE
178,nan COR_AVE_S6/121ST_STE nan SUN_VILLAGE CA,SUN_VILLAGE
179,nan COR_AVE_S9/121ST_STE nan SUN_VILLAGE CA,SUN_VILLAGE
180,nan AVE_S12/VIC_124TH_STE nan SUN_VILLAGE CA,SUN_VILLAGE
181,nan AVE_S7/VIC_119TH_STE nan SUN_VILLAGE CA,SUN_VILLAGE
182,36661.0 117TH_ST_E nan PEARBLOSSOM CA,PEARBLOSSOM
183,nan VIC_AVE_T8/120TH_STE nan SUN_VILLAGE CA,SUN_VILLAGE
184,13705.0 AVENUE_U nan PEARBLOSSOM CA,PEARBLOSSOM
185,nan AVE_R/VIC_130TH_STE nan SUN_VILLAGE CA,SUN_VILLAGE
186,nan AVE_R8/VIC_LONGVIEW_RD nan SUN_VILLAGE CA,SUN_VILLAGE
187,nan COR_AVE_R6/LONGVIEW_RD nan SUN_VILLAGE CA,SUN_VILLAGE
188,nan COR_AVE_R8/LONGVIEW_RD nan SUN_VILLAGE CA,SUN_VILLAGE
189,nan AVE_R14/VIC_137TH_STE nan SUN_VILLAGE CA,SUN_VILLAGE
190,nan AVE_R14/VIC_137TH_STE nan SUN_VILLAGE CA,SUN_VILLAGE
191,nan AVE_R14/VIC_140TH_STE nan SUN_VILLAGE CA,SUN_VILLAGE
192,nan COR_137TH_STE/AVE_R8 nan SUN_VILLAGE CA,SUN_VILLAGE
193,nan AVE_R8/VIC_137TH_STE nan SUN_VILLAGE CA,SUN_VILLAGE
194,nan COR_AVE_R6/142ND_STE nan SUN_VILLAGE CA,SUN_VILLAGE
195,nan AVE_R6/VIC_142ND_STE nan SUN_VILLAGE CA,SUN_VILLAGE
196,nan AVE_R2/VIC_142ND_STE nan SUN_VILLAGE CA,SUN_VILLAGE
197,nan AVE_R6/VIC_147TH_STE nan SUN_VILLAGE CA,SUN_VILLAGE
198,nan AVE_R6/VIC_145TH_STE nan SUN_VILLAGE CA,SUN_VILLAGE
199,nan COR_AVE_R6/145TH_STE nan SUN_VILLAGE CA,SUN_VILLAGE
200,nan COR_AVE_R8/145TH_STE nan SUN_VILLAGE CA,SUN_VILLAGE
201,10016.0 AVENUE_R10 nan LITTLEROCK CA,LITTLEROCK
202,nan AVE_R10/VIC_145TH_STE nan SUN_VILLAGE CA,SUN_VILLAGE
203,nan AVE_R10/VIC_145TH_STE nan SUN_VILLAGE CA,SUN_VILLAGE
204,nan AVE_R8/VIC_147TH_STE nan SUN_VILLAGE CA,SUN_VILLAGE
205,nan COR_AVE_R2/147TH_STE nan SUN_VILLAGE CA,SUN_VILLAGE
206,10042.0 AVENUE_R8 nan LITTLEROCK CA,LITTLEROCK
207,10019.0 AVENUE_R6 nan LITTLEROCK CA,LITTLEROCK
208,nan AVE_R29(DRT)/VIC_101ST_S nan SUN_VILLAGE CA,SUN_VILLAGE
209,nan (PVT)_AVE_R2/VIC_120TH_E nan SUN_VILLAGE CA,SUN_VILLAGE
210,nan (PVT)112TH_E/COR_AVE_R2 nan SUN_VILLAGE CA,SUN_VILLAGE
211,nan AVE_S(DRT)/VIC_87_STE_(D nan LITTLEROCK CA,LITTLEROCK
212,nan AVE_S2/VIC_98TH_STE nan SUN_VILLAGE CA,SUN_VILLAGE
213,10008.0 AVENUE_S2 nan LITTLEROCK CA,LITTLEROCK
214,10040.0 AVENUE_S2 nan LITTLEROCK CA,LITTLEROCK
215,10519.0 AVENUE_S4 nan LITTLEROCK CA,LITTLEROCK
216,nan VIC_AVE_T/96TH_STE nan LITTLEROCK CA,LITTLEROCK
217,nan AVE_T10/96TH_STE nan LITTLEROCK CA,LITTLEROCK
218,nan nan nan LITTLEROCK CA,LITTLEROCK
219,nan AVE_V12(DRT)/VIC_113TH_S nan PEARBLOSSOM CA,PEARBLOSSOM
220,nan VACVIC_108TH_STE/AVE_V10 nan PEARBLOSSOM CA,PEARBLOSSOM
221,nan BARREL_SPR(PAV)/VIC_PALM nan FOOTHILL CA,FOOTHILL
222,nan VIC_47TH_STE/AVE_V4 nan FOOTHILL CA,FOOTHILL
223,nan VIC_MT_EMMA/AVE_V10 nan FOOTHILL CA,FOOTHILL
224,36235.0 82ND_ST_E nan LITTLEROCK CA,LITTLEROCK
225,35921.0 82ND_ST_E nan LITTLEROCK CA,LITTLEROCK
226,nan 75TH_STE(DRT)/VIC_PEARBL nan LITTLEROCK CA,LITTLEROCK
227,nan nan nan LITTLEROCK CA,LITTLEROCK
228,nan VIC_AVE_T12/VIC_51ST_STE nan PALMDALE CA,PALMDALE
229,nan VIC_48TH_STE/CA_AQUEDUCT nan PALMDALE CA,PALMDALE
230,3805.0 AVENUE_T4 nan PALMDALE CA,PALMDALE
231,36004.0 42ND_ST_E nan PALMDALE CA,PALMDALE
232,nan nan nan PALMDALE CA,PALMDALE
233,nan HAROLD_GARNER/VIC_HAROLD nan PALMDALE CA,PALMDALE
234,nan COR_HAROLD_2ND/HAROLD_DA nan PALMDALE CA,PALMDALE
235,nan nan nan PALMDALE CA,PALMDALE
236,37159.0 28TH_ST_E nan PALMDALE CA,PALMDALE
237,nan COR_AVENUE_S/GEIGER_AVE nan PALMDALE CA,PALMDALE
238,741.0 FORESTON DR PALMDALE CA,PALMDALE
239,nan VIC_ANGELES_HWY/CARSON_M nan ACTON CA,ACTON
240,nan VIC_RICHTER_LN/ANGLELES nan ACTON CA,ACTON
241,nan VIC_SOLEDAD_PASS/ORACLE nan ACTON CA,ACTON
242,nan VIC_SOLEDAD_PASS/HILLSID nan ACTON CA,ACTON
243,nan CARSON_MESA_RD/VIC_ANGEL nan ACTON CA,ACTON
244,34631.0 PEACEFUL_VALLEY RD PALMDALE CA,PALMDALE
245,nan HOADLEY_AVE/VIC_1_MI_E_S nan ACTON CA,ACTON
246,nan VIC_AVE_Y4/96_STE nan JUNIPER_HILLS CA,JUNIPER_HILLS
247,nan VIC_AVENUE_Z4/92ND_STE nan JUNIPER_HILLS CA,JUNIPER_HILLS
248,nan VIC_AVE_212/126_STE nan JUNIPER_HILLS CA,JUNIPER_HILLS
249,nan VIC_143_STE/DEVILS_PUNC nan JUNIPER_HILLS CA,JUNIPER_HILLS
250,nan LONGVIEW_RD/VIC_TUMBLEWE nan JUNIPER_HILLS CA,JUNIPER_HILLS
251,nan VIC_LONGVIEW_RD/JUNIPER nan JUNIPER_HILLS CA,JUNIPER_HILLS
252,nan VIC_138_STE/MURPHYS_LN nan JUNIPER_HILLS CA,JUNIPER_HILLS
253,nan VIC_JUNIPER_HILLS_RD/136 nan JUNIPER_HILLS CA,JUNIPER_HILLS
254,nan BIG_PINES_HWY/170_STE nan MOUNT_WATERMAN CA,MOUNT_WATERMAN
255,nan BIG_PINES_HWY/170_STE nan MOUNT_WATERMAN CA,MOUNT_WATERMAN
256,nan VIC_180_STE/AVE_Y8 nan MOUNT_WATERMAN CA,MOUNT_WATERMAN
257,nan VIC_HOLCOMB_RDG/190_STE nan MOUNT_WATERMAN CA,MOUNT_WATERMAN
258,nan VIC_205_STE/CAMINO_RD nan MOUNT_WATERMAN CA,MOUNT_WATERMAN
259,nan VIC_AVE_Z/LARGO_VISTA(20 BLVD MOUNT_WATERMAN CA,MOUNT_WATERMAN
260,nan VIC_AVE_Z/LARGO_VISTA(20 BLVD MOUNT_WATERMAN CA,MOUNT_WATERMAN
261,nan LARGO_VISTA/VIC_AVE_Z nan MOUNT_WATERMAN CA,MOUNT_WATERMAN
262,nan VIC_LARGO_VISTA/AVE_Z nan MOUNT_WATERMAN CA,MOUNT_WATERMAN
263,nan LARGO_VISTA/VIC_AVE_Z nan MOUNT_WATERMAN CA,MOUNT_WATERMAN
264,nan VIC_LARGO_VISTA/CAMINO_R nan MOUNT_WATERMAN CA,MOUNT_WATERMAN
265,nan VIC_LARGO_VISTA/CAMINO_R nan MOUNT_WATERMAN CA,MOUNT_WATERMAN
266,nan LARGO_VISTA/VIC_CAMINO_R nan MOUNT_WATERMAN CA,MOUNT_WATERMAN
267,nan LARGO_VISTA/VIC_CAMINO_R nan MOUNT_WATERMAN CA,MOUNT_WATERMAN
268,nan VIC_200_STE/CAMINO_RD nan MOUNT_WATERMAN CA,MOUNT_WATERMAN
269,nan VIC_200_STE/CAMINO_RD nan MOUNT_WATERMAN CA,MOUNT_WATERMAN
270,nan VIC_197_STE/CAMINO_RD nan MOUNT_WATERMAN CA,MOUNT_WATERMAN
271,nan VIC_197_STE/CAMINO_RD nan MOUNT_WATERMAN CA,MOUNT_WATERMAN
272,nan VIC_197_STE/CAMINO_RD nan MOUNT_WATERMAN CA,MOUNT_WATERMAN
273,nan COR_CALLE_RHEA(203E)/AVE nan MOUNT_WATERMAN CA,MOUNT_WATERMAN
274,30738.0 235TH_ST_E nan LLANO CA,LLANO
275,nan VIC_AVE_Y8/213_STE nan MOUNT_WATERMAN CA,MOUNT_WATERMAN
276,nan VIC_AVE_Z/241_STE nan MOUNT_WATERMAN CA,MOUNT_WATERMAN
277,nan VIC_AVE_Z14/250_STE nan MOUNT_WATERMAN CA,MOUNT_WATERMAN
278,nan VIC_AVE_Z14/243_STE nan MOUNT_WATERMAN CA,MOUNT_WATERMAN
279,nan VIC_BIG_PINES/261_STE nan MOUNT_WATERMAN CA,MOUNT_WATERMAN
280,nan COR_AVE_Y4(DRT)/227_STE( nan MOUNT_WATERMAN CA,MOUNT_WATERMAN
281,nan VIC_AVE_Y8/260_STE nan MOUNT_WATERMAN CA,MOUNT_WATERMAN
282,nan VIC_AVE_Y14/260_STE nan MOUNT_WATERMAN CA,MOUNT_WATERMAN
283,nan AVE_Z(DRT)/VIC_260_STE nan MOUNT_WATERMAN CA,MOUNT_WATERMAN
284,nan ANGELES_HWY/TUJUNGA_CYN nan MOUNT_WATERMAN CA,MOUNT_WATERMAN
285,nan ANGELES_HWY/TUJUNGA_CYN nan MOUNT_WATERMAN CA,MOUNT_WATERMAN
286,23070.0 ANGELES_FOREST HWY PALMDALE CA,PALMDALE
287,nan nan nan LANCASTER CA,LANCASTER
288,nan nan nan LANCASTER CA,LANCASTER
289,nan nan nan LANCASTER CA,LANCASTER
290,nan nan nan LANCASTER CA,LANCASTER
291,40649.0 178TH_ST_E nan LAKE_LOS_ANGELES CA,LAKE_LOS_ANGELES
292,40574.0 176TH_ST_E nan LAKE_LOS_ANGELES CA,LAKE_LOS_ANGELES
293,40032.0 174TH_ST_E nan PALMDALE CA,PALMDALE
294,40227.0 177TH_ST_E nan PALMDALE CA,PALMDALE
295,40239.0 179TH_ST_E nan PALMDALE CA,PALMDALE
296,nan nan nan PALMDALE CA,PALMDALE
297,nan nan nan PALMDALE CA,PALMDALE
298,nan AVE_P/VIC_164TH_STE nan LAKE_LOS_ANGELES CA,LAKE_LOS_ANGELES
299,nan 167TH_STE/VIC_RAWHIDE_AV nan LAKE_LOS_ANGELES CA,LAKE_LOS_ANGELES
300,nan 173_STE/VIC_AVE_Q14 nan BLACK_BUTTE CA,BLACK_BUTTE
301,nan 170_STE/VIC_AVE_Q10 nan BLACK_BUTTE CA,BLACK_BUTTE
302,nan 181_STE/AVE_N8 nan BLACK_BUTTE CA,BLACK_BUTTE
303,nan VIC_190_STE/AVE_N4 nan BLACK_BUTTE CA,BLACK_BUTTE
304,nan AVE_O(PAV)/VIC_197_STE nan BLACK_BUTTE CA,BLACK_BUTTE
305,nan 110_STE/VIC_AVE_N10 nan ALPINE_BUTTE CA,ALPINE_BUTTE
306,nan VIC_AVE_N4/129_STE nan ALPINE_BUTTE CA,ALPINE_BUTTE
307,nan VIC_AVE_N2/126_STE nan ALPINE_BUTTE CA,ALPINE_BUTTE
308,nan VIC_AVE_N4/132_STE nan ALPINE_BUTTE CA,ALPINE_BUTTE
309,nan 138_STE/VIC_AVE_N6 nan ALPINE_BUTTE CA,ALPINE_BUTTE
310,nan VIC_AVE_N12/124_STE nan ALPINE_BUTTE CA,ALPINE_BUTTE
311,nan VIC_AVE_N8/119_STE nan ALPINE_BUTTE CA,ALPINE_BUTTE
312,nan VIC_AVE_04/112_STE nan ALPINE_BUTTE CA,ALPINE_BUTTE
313,nan VIC_AVE_08/138_STE nan ALPINE_BUTTE CA,ALPINE_BUTTE
314,nan VIC_AVE_012/139_STE nan ALPINE_BUTTE CA,ALPINE_BUTTE
315,nan COR_AVE_08/123_STE nan ALPINE_BUTTE CA,ALPINE_BUTTE
316,nan VIC_AVE_P6/137_STE nan ALPINE_BUTTE CA,ALPINE_BUTTE
317,nan VIC_AVE_P12/123_STE nan ALPINE_BUTTE CA,ALPINE_BUTTE
318,nan AVE_Q(NOG)/VIC_138TH_STE nan SUN_VILLAGE CA,SUN_VILLAGE
319,nan VIC_148TH_STE/PALMDALE_B nan SUN_VILLAGE CA,SUN_VILLAGE
320,nan 123RD_STE(NOG)/VIC_AVE_Q BRNCH SUN_VILLAGE CA,SUN_VILLAGE
321,nan 165_STE/VIC_AVE_S2 nan BLACK_BUTTE CA,BLACK_BUTTE
322,nan VIC_155_STE/AVE_S13 nan BLACK_BUTTE CA,BLACK_BUTTE
323,nan VIC_156_STE/AVE_U12 nan BLACK_BUTTE CA,BLACK_BUTTE
324,nan VIC_161_STE/AVE_U8 nan BLACK_BUTTE CA,BLACK_BUTTE
325,nan nan nan LLANO CA,LLANO
326,nan AVE_S/VIC_188_STE nan BLACK_BUTTE CA,BLACK_BUTTE
327,nan VIC_188_STE/AVE_S4 nan BLACK_BUTTE CA,BLACK_BUTTE
328,nan VIC_190_STE/AVE_S8 nan BLACK_BUTTE CA,BLACK_BUTTE
329,nan COR_AVE_T/200_STE nan BLACK_BUTTE CA,BLACK_BUTTE
330,nan 200_STE/VIC_AVE_T8 nan BLACK_BUTTE CA,BLACK_BUTTE
331,nan VIC_AVE_T8/(205)LARGO_VI nan BLACK_BUTTE CA,BLACK_BUTTE
332,nan 195_STE/VIC_AVE_T4 nan BLACK_BUTTE CA,BLACK_BUTTE
333,nan AVE_T/VIC_175_STE nan BLACK_BUTTE CA,BLACK_BUTTE
334,nan 187_STE/VIC_AVE_U nan BLACK_BUTTE CA,BLACK_BUTTE
335,nan COR_200_STE/VIC_AVE_U8 nan BLACK_BUTTE CA,BLACK_BUTTE
336,nan AVE_O/VIC_202_STE nan BLACK_BUTTE CA,BLACK_BUTTE
337,nan VIC_200_STE/AVE_010 nan BLACK_BUTTE CA,BLACK_BUTTE
338,nan VIC_AVE_O8/205_STE nan BLACK_BUTTE CA,BLACK_BUTTE
339,nan VIC_225_STE/AVE_04 nan BLACK_BUTTE CA,BLACK_BUTTE
340,nan COR_AVE_P/221_STE nan BLACK_BUTTE CA,BLACK_BUTTE
341,nan COR_AVE_P4/223_STE nan BLACK_BUTTE CA,BLACK_BUTTE
342,nan COR_222_STE/VIC_AVE_P8 nan BLACK_BUTTE CA,BLACK_BUTTE
343,nan VIC_AVE_Q/225_STE nan BLACK_BUTTE CA,BLACK_BUTTE
344,nan VIC_AVE_P4/220_STE nan BLACK_BUTTE CA,BLACK_BUTTE
345,nan (AVE_P4)JACUMBA_AVE/VIC VWS BLACK_BUTTE CA,BLACK_BUTTE
346,nan VIC_AVE_V/190_STE nan BLACK_BUTTE CA,BLACK_BUTTE
347,nan VIC_190_STE/AVE_V4 nan BLACK_BUTTE CA,BLACK_BUTTE
348,nan VIC_195_STE/AVE_W2 nan BLACK_BUTTE CA,BLACK_BUTTE
349,nan VIC_AVE_W6/185_STE nan BLACK_BUTTE CA,BLACK_BUTTE
350,nan VIC_AVE_W6/176_STE nan BLACK_BUTTE CA,BLACK_BUTTE
351,nan VIC_AVE_W6/177_STE nan BLACK_BUTTE CA,BLACK_BUTTE
352,nan VIC_182_STE/AVE_W8 nan BLACK_BUTTE CA,BLACK_BUTTE
353,nan VIC_210_STE/AVE_Q4 nan BLACK_BUTTE CA,BLACK_BUTTE
354,nan VIC_AVE_R2/203_STE nan BLACK_BUTTE CA,BLACK_BUTTE
355,nan VIC_AVE_R4/203_STE nan BLACK_BUTTE CA,BLACK_BUTTE
356,nan VIC_FORT_TEJON/180_STE nan MOUNT_WATERMAN CA,MOUNT_WATERMAN
357,nan VIC_FORT_TEJON/191_STE nan MOUNT_WATERMAN CA,MOUNT_WATERMAN
358,nan FORT_TEJON(DRT)/VIC_189 nan MOUNT_WATERMAN CA,MOUNT_WATERMAN
359,33235.0 LARGO_VISTA RD LLANO CA,LLANO
360,nan VIC_AVE_X8/195_STE(FORT nan MOUNT_WATERMAN CA,MOUNT_WATERMAN
361,nan AVE_W11(LARGO_VISTA)/VIC VWS MOUNT_WATERMAN CA,MOUNT_WATERMAN
362,nan 217_STE/VIC_AVE_W13 nan MOUNT_WATERMAN CA,MOUNT_WATERMAN
363,nan COR_AVE_X12(DRT)/232_STE nan MOUNT_WATERMAN CA,MOUNT_WATERMAN
364,nan VIC_250_STE/AVE_W14 nan MOUNT_WATERMAN CA,MOUNT_WATERMAN
365,nan VIC_AVE_X8/256_STE nan MOUNT_WATERMAN CA,MOUNT_WATERMAN
366,nan PEARBLOSSOM_HWY/242_STE nan BLACK_BUTTE CA,BLACK_BUTTE
367,nan VIC_AVE_V/249_STE nan BLACK_BUTTE CA,BLACK_BUTTE
368,nan VIC_AVE_V8/263_STE nan BLACK_BUTTE CA,BLACK_BUTTE
369,nan AVE_O/VIC_255_STE nan BLACK_BUTTE CA,BLACK_BUTTE
370,nan 235_STE/VIC_AVE_Q14 nan BLACK_BUTTE CA,BLACK_BUTTE
371,nan AVE_G14/47TH_STW nan LANCASTER CA,LANCASTER
372,nan AVE_H/VIC_40TH_STW nan LANCASTER CA,LANCASTER
373,nan VIC_35ST_STW/AVE_F4 nan LANCASTER CA,LANCASTER
374,nan VIC_AVE_G6/30TH_STW nan LANCASTER CA,LANCASTER
375,nan AVE_M/VIC_27TH_ST_W_(DRT nan PALMDALE CA,PALMDALE
376,nan VIC_AVE_B4/42_STW nan CALICHE CA,CALICHE
377,nan 48_STW/VIC_AVE_C14 nan CALICHE CA,CALICHE
378,nan AVE_C6/VIC_43_STW nan CALICHE CA,CALICHE
379,nan VIC_AVE_C11/40_STW nan CALICHE CA,CALICHE
380,nan VIC_AVE_C12/43_STW nan CALICHE CA,CALICHE
381,nan ANTELOPE_FRWY/VIC_AVE_F6 nan LANCASTER CA,LANCASTER
382,nan VIC_AVE_D12/15_STW nan CALICHE CA,CALICHE
383,nan VIC_25TH_STW/AVE_D8 nan LANCASTER CA,LANCASTER
384,nan COR_25TH_STW/AVE_D8 nan LANCASTER CA,LANCASTER
385,nan 22ND_STW/VIC_AVE_D8 nan LANCASTER CA,LANCASTER
386,nan COR_22ND_STW/AVE_D8 nan LANCASTER CA,LANCASTER
387,nan AVE_E4/VIC_28TH_STW nan LANCASTER CA,LANCASTER
388,1108.0 AVENUE_H5 nan LANCASTER CA,LANCASTER
389,1141.0 PILLSBURY ST LANCASTER CA,LANCASTER
390,42809.0 15TH_ST_W nan LANCASTER CA,LANCASTER
391,nan 7_STE/VIC_AVE_K8 nan LANCASTER CA,LANCASTER
392,43342.0 6TH_ST_E nan LANCASTER CA,LANCASTER
393,836.0 AVENUE_J12 nan LANCASTER CA,LANCASTER
394,47407.0 5TH_ST_W nan LANCASTER CA,LANCASTER
395,nan VIC_5_STW/AVE_F4 nan ROSEVELT CA,ROSEVELT
396,nan COR_REDWOOD_AVE/JACKMAN nan LANCASTER CA,LANCASTER
397,44277.0 RAYSACK AVE LANCASTER CA,LANCASTER
398,44020.0 3RD_ST_E nan LANCASTER CA,LANCASTER
399,nan VIC_AVE_E7/42_STE nan REDMAN CA,REDMAN
400,nan VIC_AVE_E8/22_STE nan REDMAN CA,REDMAN
401,nan VIC_AVE_D/42_STE nan REDMAN CA,REDMAN
402,nan AVE_E/VIC_45_STE nan REDMAN CA,REDMAN
403,nan COR_AVE_F(PAV)/5_STE(NO6 nan REDMAN CA,REDMAN
404,nan 28_STE/VIC_AVE_F nan REDMAN CA,REDMAN
405,nan COR_28_STE(NOG)/AVE_F(NO nan REDMAN CA,REDMAN
406,nan VIC_AVE_E/10_STE nan REDMAN CA,REDMAN
407,1611.0 AVENUE_J nan LANCASTER CA,LANCASTER
408,nan COR_CHALLENGER_WY/AVE_J8 nan LANCASTER CA,LANCASTER
409,nan COR_LANCASTER_BLVD/20TH nan LANCASTER CA,LANCASTER
410,nan LANGHORN_ST/VIC_LANDAU_A nan LANCASTER CA,LANCASTER
411,2541.0 AVENUE_J2 nan LANCASTER CA,LANCASTER
412,44431.0 AVENIDA_DEL_RIO nan LANCASTER CA,LANCASTER
413,43718.0 32ND_ST_E nan LANCASTER CA,LANCASTER
414,nan VAC_VIC_AVE_F8/42_STE nan ROSEVELT CA,ROSEVELT
415,nan VIC_AVE_T2/21_STE nan ROSEVELT CA,ROSEVELT
416,nan VIC_AVE_G2/28_STE nan ROSEVELT CA,ROSEVELT
417,4525.0 LANCASTER BLVD LANCASTER CA,LANCASTER
418,nan 43RD_STW/VIC_NEWGROVE_ST nan LANCASTER CA,LANCASTER
419,44029.0 CHAPARRAL DR LANCASTER CA,LANCASTER
420,3318.0 AVENUE_J10 nan LANCASTER CA,LANCASTER
421,3626.0 AVENUE_H nan LANCASTER CA,LANCASTER
422,nan VAV/VIC_AVE_K12/190_STE nan BUTTE_VALLEY CA,BUTTE_VALLEY
423,nan VIC_AVE_K12/197_STE nan BUTTE_VALLEY CA,BUTTE_VALLEY
424,nan AVE_L/VIC_170_STE nan BUTTE_VALLEY CA,BUTTE_VALLEY
425,nan 174_STE/VIC_AVE_M14 nan BUTTE_VALLEY CA,BUTTE_VALLEY
426,nan VIC_AVE_M14/192_STE nan BUTTE_VALLEY CA,BUTTE_VALLEY
427,nan AVE_M/VIC_172_STE nan BUTTE_VALLEY CA,BUTTE_VALLEY
428,nan VIC_AVE_L12/185_STE nan BUTTE_VALLEY CA,BUTTE_VALLEY
429,43103.0 33RD_ST_E nan LANCASTER CA,LANCASTER
430,nan 17_STE/VIC_AVE_F10 nan ROSEVELT CA,ROSEVELT
431,nan COR_AVE_F12/18_STE nan ROSEVELT CA,ROSEVELT
432,nan 5TH_STE/VIC_AVE_G8 nan ROSEVELT CA,ROSEVELT
433,nan VIC_5_STE/AVE_G10 nan ROSEVELT CA,ROSEVELT
434,45416.0 BURGESS_WY nan LANCASTER CA,LANCASTER
435,nan VIC_AVE_D4/55_STW nan CALICHE CA,CALICHE
436,nan VIC_AVE_E8/50TH_STW nan LANCASTER CA,LANCASTER
437,nan nan nan QUARTZ_HILL CA,QUARTZ_HILL
438,43453.0 62ND_ST_W nan LANCASTER CA,LANCASTER
439,nan VIC_AVE_M2/92_STW nan ANAVERDE CA,ANAVERDE
440,nan VIC_AVE_M/95_STW nan ANAVERDE CA,ANAVERDE
441,38570.0 BOUQUET_CANYON RD LEONA_VALLEY CA,LEONA_VALLEY
442,nan nan nan PALMDALE CA,PALMDALE
443,nan INDIANA_ST/VIC_SACRAMENT nan ACTON CA,ACTON
444,nan 1_MI_N_SOLEDAD_CYN_RD/2 ST MOUNT_GLEASON CA,MOUNT_GLEASON
445,nan VIC_PACIFIC_CREST_TR/SOL nan MOUNT_GLEASON CA,MOUNT_GLEASON
446,nan VIC_ARRASTRE_CYN_RD/1/2 nan MOUNT_GLEASON CA,MOUNT_GLEASON
447,nan 1_MI_N_SOLEDAD_CYN_RD/2 ST MOUNT_GLEASON CA,MOUNT_GLEASON
448,nan VIC_WILLOW_LN/_WOOLSOX_R nan AGUA_DULCE CA,AGUA_DULCE
449,nan DALE_RD/VIC_AGUA_DULCE_C nan AGUA_DULCE CA,AGUA_DULCE
450,nan VIC_SIERRA_HWY/THE_LEN_R nan AGUA_DULCE CA,AGUA_DULCE
451,10263.0 LEONA AVE LEONA_VALLEY CA,LEONA_VALLEY
452,10263.0 LEONA AVE LEONA_VALLEY CA,LEONA_VALLEY
453,nan ROBOJO_DR/VIC_ANDY_AVE nan LEONA_VALLEY CA,LEONA_VALLEY
454,nan ROBOJO_DR/VIC_GIAMILLO_D nan LEONA_VALLEY CA,LEONA_VALLEY
455,nan ROBOJO_DR/VIC_GIAMILLO_D nan LEONA_VALLEY CA,LEONA_VALLEY
456,nan GIAMILLO_DR/VIC_ROBOJO_D nan LEONA_VALLEY CA,LEONA_VALLEY
457,nan ROBOJO_DR/ELIZABETH_LAKE nan LEONA_VALLEY CA,LEONA_VALLEY
458,nan ROBOJO_DR/ELIZABETH_LAKE nan LEONA_VALLEY CA,LEONA_VALLEY
459,nan ROBOJO_DR/ELIZABETH_LAKE nan LEONA_VALLEY CA,LEONA_VALLEY
460,nan ROBOJO_DR/ELIZABETH_LAKE nan LEONA_VALLEY CA,LEONA_VALLEY
461,nan ROBOJO_DR/ELIZABETH_LAKE nan LEONA_VALLEY CA,LEONA_VALLEY
462,nan ROBOJO_DR/ELIZABETH_LAKE nan LEONA_VALLEY CA,LEONA_VALLEY
463,nan ROBOJO_DR/ELIZABETH_LAKE nan LEONA_VALLEY CA,LEONA_VALLEY
464,nan ROBOJO_DR/VIC_ANDY_AVE nan LEONA_VALLEY CA,LEONA_VALLEY
465,nan 2_MI_N_AV_FRWY/VIC_SHANN nan ACTON CA,ACTON
466,nan 2_MI_N_AV_FRWY/VIC_SHANN nan ACTON CA,ACTON
467,nan AVE_I15/VIC_97_STW nan DEL_SUR CA,DEL_SUR
468,nan AVE_I/VIC_97_STW nan DEL_SUR CA,DEL_SUR
469,nan AVE_I15/VIC_98_PLW nan DEL_SUR CA,DEL_SUR
470,nan COR_98_PLW/AVE_I15 nan DEL_SUR CA,DEL_SUR
471,nan COR_96_STW/AVE_I11 nan DEL_SUR CA,DEL_SUR
472,nan COR_AVE_I12/96_STW nan DEL_SUR CA,DEL_SUR
473,nan AVE_I10/VIC_96_STW nan DEL_SUR CA,DEL_SUR
474,nan AVE_I9/VIC_97_STW nan DEL_SUR CA,DEL_SUR
475,nan COR_99_STW/AVE_I9 nan DEL_SUR CA,DEL_SUR
476,nan AVE_I9/VIC_100_STW nan DEL_SUR CA,DEL_SUR
477,nan AVE_I10/VIC_99_STW nan DEL_SUR CA,DEL_SUR
478,nan AVE_F/VIC_80_STW nan ANTELOPE_ACRES CA,ANTELOPE_ACRES
479,nan VIC_AVE_F2/80_STW nan ANTELOPE_ACRES CA,ANTELOPE_ACRES
480,nan VIC_AVE_E6/77_STW nan ANTELOPE_ACRES CA,ANTELOPE_ACRES
481,8745.0 WOOD AVE LANCASTER CA,LANCASTER
482,nan COR_AVE_D2/85_STW nan ANTELOPE_ACRES CA,ANTELOPE_ACRES
483,nan AVE_D2/VIC_84_STW nan ANTELOPE_ACRES CA,ANTELOPE_ACRES
484,nan WALKATOP_RD/VIC_LITTLEBO nan ELIZABETH_LAKE CA,ELIZABETH_LAKE
485,nan JOHNSON_RD/VIC_LEADHILL nan ELIZABETH_LAKE CA,ELIZABETH_LAKE
486,nan AVE_J8/VIC_MUNZ_RCH_RD nan LEONA_VALLEY CA,LEONA_VALLEY
487,nan DATETREE_DR/VIC_ELMTREE nan ELIZABETH_LAKE CA,ELIZABETH_LAKE
488,nan GUMTREE_DR/VIC_HARDTREE nan ELIZABETH_LAKE CA,ELIZABETH_LAKE
489,nan KIPTREE_DR/VIC_JOSHUA_TR nan ELIZABETH_LAKE CA,ELIZABETH_LAKE
490,nan ELIZABETH_LAKE/VIC_FIRTR nan ELIZABETH_LAKE CA,ELIZABETH_LAKE
491,nan RANCH_CLUB_RD/VIC_KIPTRE nan ELIZABETH_LAKE CA,ELIZABETH_LAKE
492,nan COR_RANCH_CLUB_RD/KIPTRE nan ELIZABETH_LAKE CA,ELIZABETH_LAKE
493,nan KIPTREE_DR/VIC_RANCH_CLU nan ELIZABETH_LAKE CA,ELIZABETH_LAKE
494,nan KIPTREE_DR/VIC_RANCH_CLU nan ELIZABETH_LAKE CA,ELIZABETH_LAKE
495,nan CALLE_ROSALITO/MONTANA nan GREEN_VALLEY CA,GREEN_VALLEY
496,39820.0 CALLE_EL_CLAVELITO nan SANTA_CLARITA CA,SANTA_CLARITA
497,nan EL_CLAVELITO/VIC_EL_MONT nan GREEN_VALLEY CA,GREEN_VALLEY
498,nan EL_CHAVELITO/VIC_EL_MONT nan GREEN_VALLEY CA,GREEN_VALLEY
499,nan CALLE_CABANAS/VIC_CASCAR nan GREEN_VALLEY CA,GREEN_VALLEY
500,nan CALLE_SONRISO/VIC_ESSENC nan GREEN_VALLEY CA,GREEN_VALLEY
501,nan COR_SN_LUIS_POTOSI/DESCO nan GREEN_VALLEY CA,GREEN_VALLEY
502,nan CALLE_NARANJO/VIC_VERDAD nan GREEN_VALLEY CA,GREEN_VALLEY
503,nan PRIMAVERA/VIC_DEL_NORTE nan GREEN_VALLEY CA,GREEN_VALLEY
504,nan ENSENADA_RD/VIC_POZO_VER nan GREEN_VALLEY CA,GREEN_VALLEY
505,nan ENSENADA(DRT)/VIC_ESSENC nan GREEN_VALLEY CA,GREEN_VALLEY
506,nan AVE_A10/VIC_86_STW nan ANTELOPE_ACRES CA,ANTELOPE_ACRES
507,nan COR_85_STW/VIC_AVE_A2 nan ANTELOPE_ACRES CA,ANTELOPE_ACRES
508,nan nan nan CANYON_COUNTRY CA,CANYON_COUNTRY
509,nan VIC_AVE_B2/84_STW nan ANTELOPE_ACRES CA,ANTELOPE_ACRES
510,nan 80_STW/VIC_AVE_B4 nan ANTELOPE_ACRES CA,ANTELOPE_ACRES
511,nan VIC_AVE_B8/81_STW nan ANTELOPE_ACRES CA,ANTELOPE_ACRES
512,nan AVE_B8/VIC_85_STW nan ANTELOPE_ACRES CA,ANTELOPE_ACRES
513,nan COR_AVE_B10/77_STW nan ANTELOPE_ACRES CA,ANTELOPE_ACRES
514,nan 71_STW/VIC_AVE_C6 nan ANTELOPE_ACRES CA,ANTELOPE_ACRES
515,nan AVE_C12/VIC_89_STW nan ANTELOPE_ACRES CA,ANTELOPE_ACRES
516,nan VIC_SAN_FRANCISQITO_CYN nan GREEN_VALLEY CA,GREEN_VALLEY
517,nan VIC_SAN_FRANCISQUITO_CYN nan GREEN_VALLEY CA,GREEN_VALLEY
518,nan VIC_SAN_FRANCISQUITO_CYN nan GREEN_VALLEY CA,GREEN_VALLEY
519,nan VIC_SAN_FRANCISQUITO_CYN nan GREEN_VALLEY CA,GREEN_VALLEY
520,nan SAN_FRANCISQUITO_CYN_RD nan GREEN_VALLEY CA,GREEN_VALLEY
521,nan VIC_SAN_FRANCISQUITO_CYN nan GREEN_VALLEY CA,GREEN_VALLEY
522,nan SAN_FRANCISQUITO/VIC_CHI nan GREEN_VALLEY CA,GREEN_VALLEY
523,nan BARCROFT_DR/VIC_CHIPPEWA nan ELIZABETH_LAKE CA,ELIZABETH_LAKE
524,nan BLUFFTON_DR/VIC_COOLCRES nan ELIZABETH_LAKE CA,ELIZABETH_LAKE
525,nan PENSACOLA_DR/VIC_MOHICAN nan ELIZABETH_LAKE CA,ELIZABETH_LAKE
526,nan PENSACOLA_DR/VIC_LESINA nan ELIZABETH_LAKE CA,ELIZABETH_LAKE
527,nan VIC_AVE_G6/145_STW nan FAIRMONT CA,FAIRMONT
528,nan VIC_AVE_H2/160_STW nan FAIRMONT CA,FAIRMONT
529,nan COR_AVE_D8/159_STW nan FAIRMONT CA,FAIRMONT
530,nan VIC_AVE_D_2/VIC_187_STW nan FAIRMONT CA,FAIRMONT
531,nan VIC_AVE_D2/VIC_187_STW nan FAIRMONT CA,FAIRMONT
532,18910.0 AVENUE_E8 nan FAIRMONT CA,FAIRMONT
533,nan COR_AVE_E15(PAV)/193_STW nan FAIRMONT CA,FAIRMONT
534,nan VIC_AVE_H/190_STW nan DEL_SUR CA,DEL_SUR
535,nan VIC_190_STW/AVE_H nan DEL_SUR CA,DEL_SUR
536,17556.0 LONE_PINE_TRAIL nan LAKE_HUGHES CA,LAKE_HUGHES
537,nan LONE_PINE_TR/SUNSET_TR nan LAKE_HUGHES CA,LAKE_HUGHES
538,nan LONE_PINE_TR/SUNSET_TR nan LAKE_HUGHES CA,LAKE_HUGHES
539,nan LONE_PINE_TR/SUNSET_TR nan LAKE_HUGHES CA,LAKE_HUGHES
540,nan AUSTIN_WAY/VIC_NEWVIEW_D nan LAKE_HUGHES CA,LAKE_HUGHES
541,nan TRAIL_B/VIC_HUGHES_LAKE nan LAKE_HUGHES CA,LAKE_HUGHES
542,nan PINE_CYN(PAV)/VIC_TWEEDY nan SAWMILL_MOUNTAIN CA,SAWMILL_MOUNTAIN
543,nan nan nan CASTAIC CA,CASTAIC
544,nan VIC_AVE_K8/101_STW nan DEL_SUR CA,DEL_SUR
545,nan COR_ROMANO_DR(B2)/FUT_ST nan FAIRMONT CA,FAIRMONT
546,nan AVE_C/VIC_210TH_STW nan FAIRMONT CA,FAIRMONT
547,nan COR_190_STW(DRT)/AVE_A6( nan FAIRMONT CA,FAIRMONT
548,nan AVE_A8/VIC_186_STW nan FAIRMONT CA,FAIRMONT
549,nan COR_AVE_A8/FUT_ST(184W) nan FAIRMONT CA,FAIRMONT
550,nan COR_AVE_C(TRL)_157_STE(N nan FAIRMONT CA,FAIRMONT
551,nan COR_147&148_STW/(C11)FUT nan FAIRMONT CA,FAIRMONT
552,nan AVE_C14/VIC_149_STW nan FAIRMONT CA,FAIRMONT
553,nan COR_AVE_A/62_STW nan CALICHE CA,CALICHE
554,nan COR_62_STW/AVE_A2 nan CALICHE CA,CALICHE
555,nan COR_AVE_A12/65_STW nan CALICHE CA,CALICHE
556,nan 70_STW/VIC_AVE_C4 nan CALICHE CA,CALICHE
557,nan AVE_A/VIC_124_STW nan ANTELOPE_ACRES CA,ANTELOPE_ACRES
558,nan AVE_C/VIC_122_STW nan ANTELOPE_ACRES CA,ANTELOPE_ACRES
559,nan AVE_C/VIC_121_STW nan ANTELOPE_ACRES CA,ANTELOPE_ACRES
560,nan COR_AVE_C/130TH_STW nan ANTELOPE_ACRES CA,ANTELOPE_ACRES
561,nan VIC_AVE_A12/114_STW nan ANTELOPE_ACRES CA,ANTELOPE_ACRES
562,nan COR_115_STW/AVE_C nan ANTELOPE_ACRES CA,ANTELOPE_ACRES
563,10455.0 AVENUE_B nan LANCASTER CA,LANCASTER
564,nan AVE_B8/VIC_107_STW nan ANTELOPE_ACRES CA,ANTELOPE_ACRES
565,nan VIC_AVE_C4/101_STW nan ANTELOPE_ACRES CA,ANTELOPE_ACRES
566,nan VIC_AVE_C8/108_STW nan ANTELOPE_ACRES CA,ANTELOPE_ACRES
567,nan 105_STW/VIC_AVE_C11 nan ANTELOPE_ACRES CA,ANTELOPE_ACRES
568,nan VIC_AVE_C8/107_STW nan ANTELOPE_ACRES CA,ANTELOPE_ACRES
569,nan AVE_D/VIC_135_STW nan ANTELOPE_ACRES CA,ANTELOPE_ACRES
570,nan VIC_AVE_D4/135_STW nan ANTELOPE_ACRES CA,ANTELOPE_ACRES
571,nan VIC_AVE_D2/135_STW nan ANTELOPE_ACRES CA,ANTELOPE_ACRES
572,nan VIC_130_STW/AVE_D12 nan ANTELOPE_ACRES CA,ANTELOPE_ACRES
573,nan COR_AVE_E6/112_STW nan ANTELOPE_ACRES CA,ANTELOPE_ACRES
574,nan VIC_AVE_E14/140_STW nan ANTELOPE_ACRES CA,ANTELOPE_ACRES
575,nan VIC_AVE_E10/135_STW nan ANTELOPE_ACRES CA,ANTELOPE_ACRES
576,nan VIC_AVE_E2/135_STW nan ANTELOPE_ACRES CA,ANTELOPE_ACRES
577,nan VIC_AVE_E/135_STW nan ANTELOPE_ACRES CA,ANTELOPE_ACRES
578,nan VIC_AVE_D4/135_STW nan ANTELOPE_ACRES CA,ANTELOPE_ACRES
579,nan VIC_AVE_D14/105_STW nan ANTELOPE_ACRES CA,ANTELOPE_ACRES
580,nan COR_95_STW/AVE_D4 nan ANTELOPE_ACRES CA,ANTELOPE_ACRES
581,48059.0 93RD_ST_W nan LANCASTER CA,LANCASTER
582,nan AVE_F(DRT)/VIC_100TH_STW nan ANTELOPE_ACRES CA,ANTELOPE_ACRES
583,nan 101_STW/VIC_AVE_E4 nan ANTELOPE_ACRES CA,ANTELOPE_ACRES
584,nan VIC_AVE_F10/120_STW nan ANTELOPE_ACRES CA,ANTELOPE_ACRES
585,nan VIC_AVE_G6/120_STW nan ANTELOPE_ACRES CA,ANTELOPE_ACRES
586,nan VIC_AVE_G4/120_STW nan ANTELOPE_ACRES CA,ANTELOPE_ACRES
587,nan VIC_AVE_H/115_STW nan ANTELOPE_ACRES CA,ANTELOPE_ACRES
588,nan VIC_AVE_H4/115_STW nan DEL_SUR CA,DEL_SUR
589,nan VIC_AVE_H10/118_STW nan DEL_SUR CA,DEL_SUR
590,nan VIC_AVE_H10/108_STW nan DEL_SUR CA,DEL_SUR
591,nan VIC_AVE_H14/105_STW nan DEL_SUR CA,DEL_SUR
592,nan VIC_AVE_F4/125_STW nan ANTELOPE_ACRES CA,ANTELOPE_ACRES
593,nan VIC_AVE_F12/125_STW nan ANTELOPE_ACRES CA,ANTELOPE_ACRES
594,nan VIC_AVE_G4/120_STW nan ANTELOPE_ACRES CA,ANTELOPE_ACRES
595,nan COR_AVE_G12/130_STW nan ANTELOPE_ACRES CA,ANTELOPE_ACRES
596,nan 134_STW/VIC_AVE_H11 nan DEL_SUR CA,DEL_SUR
597,nan COR_LANC_RD/BELLBIRD(125 nan DEL_SUR CA,DEL_SUR
598,nan EBY(H11)/VIC_120_STW nan DEL_SUR CA,DEL_SUR
599,nan COR_AVE_G10/MYRICK_CANYO nan ANTELOPE_ACRES CA,ANTELOPE_ACRES
600,nan VIC_AVE_J/115TH_STW nan DEL_SUR CA,DEL_SUR
601,nan COPPERMILL(J12)/VIC_122 nan DEL_SUR CA,DEL_SUR
602,nan FEATHER_RVR(J14)/VIC_124 nan DEL_SUR CA,DEL_SUR
603,nan BERIOZ(126W)/VIC_AVE_I4 nan DEL_SUR CA,DEL_SUR
604,nan COR_124_STW/AVE_J8 nan DEL_SUR CA,DEL_SUR
605,nan 70_STW/VIC_AVE_F12 nan ANTELOPE_ACRES CA,ANTELOPE_ACRES
606,nan AVE_H/VIC_80_STW nan ANTELOPE_ACRES CA,ANTELOPE_ACRES
607,nan VIC_AVE_G10/80_STW nan ANTELOPE_ACRES CA,ANTELOPE_ACRES
608,nan 70_STW/VIC_AVE_G10 nan ANTELOPE_ACRES CA,ANTELOPE_ACRES
609,nan AVE_H12/VIC_54_STW nan DEL_SUR CA,DEL_SUR
610,nan nan nan VAL_VERDE CA,VAL_VERDE
611,nan nan nan VAL_VERDE CA,VAL_VERDE
612,nan nan nan VAL_VERDE CA,VAL_VERDE
613,nan nan nan nan nan,nan
614,nan nan nan VAL_VERDE CA,VAL_VERDE
615,nan nan nan VAL_VERDE CA,VAL_VERDE
616,nan nan nan CASTAIC CA,CASTAIC
617,nan nan nan VAL_VERDE CA,VAL_VERDE
618,nan nan nan VAL_VERDE CA,VAL_VERDE
619,nan nan nan VAL_VERDE CA,VAL_VERDE
620,nan nan nan VAL_VERDE CA,VAL_VERDE
621,nan nan nan VAL_VERDE CA,VAL_VERDE
622,nan nan nan VAL_VERDE CA,VAL_VERDE
623,nan nan nan nan nan,nan
624,nan nan nan nan nan,nan
625,nan nan nan nan nan,nan
626,nan nan nan nan nan,nan
627,nan nan nan nan nan,nan
628,nan nan nan nan nan,nan
629,nan nan nan nan nan,nan
630,nan nan nan nan nan,nan
631,nan nan nan nan nan,nan
632,nan nan nan nan nan,nan
633,nan nan nan nan nan,nan
634,nan nan nan VAL_VERDE CA,VAL_VERDE
635,nan nan nan nan nan,nan
636,nan nan nan nan nan,nan
637,nan nan nan nan nan,nan
638,nan nan nan nan nan,nan
639,nan COR_235_STW(PAV)/AVE_B2( nan FAIRMONT CA,FAIRMONT
640,nan COR_AVE_B2(DRT)/243_STW( nan FAIRMONT CA,FAIRMONT
641,nan AVE_B2(DRT)/VIC_244_STW nan FAIRMONT CA,FAIRMONT
642,nan COR_AVE_B11(DRT)/246_STW nan FAIRMONT CA,FAIRMONT
643,nan COR_AVE_B12(DRT)/245_STW nan FAIRMONT CA,FAIRMONT
644,nan HIGHROCK(DRT)/VIC_AVE_B1 RD FAIRMONT CA,FAIRMONT
645,nan COR_HIGHROCK(DRT)/240_ST nan FAIRMONT CA,FAIRMONT
646,nan 240_STW(DRT)/VIC_AVE_B9 nan FAIRMONT CA,FAIRMONT
647,nan COR_240_STW(DRT)/AVE_B8( nan FAIRMONT CA,FAIRMONT
648,nan COR_AVE_B8(DRT)/DESERT_E nan FAIRMONT CA,FAIRMONT
649,nan DESERT_EDGE(DRT)/VIC_AVE nan FAIRMONT CA,FAIRMONT
650,nan DESERT_EDGE(DRT)/VIC_AVE nan FAIRMONT CA,FAIRMONT
651,nan COR_240_STW(DRT)/HIGHROC nan FAIRMONT CA,FAIRMONT
652,nan HIGHROCK(DRT)/VIC_240_ST nan FAIRMONT CA,FAIRMONT
653,nan 225TH_STW(DRT)/VIC_AVE_B CT FAIRMONT CA,FAIRMONT
654,nan VIC_250TH_STW/AVE_C8 nan FAIRMONT CA,FAIRMONT
655,nan VIC_250TH_STW/AVE_C8 nan FAIRMONT CA,FAIRMONT
656,nan AVE_D4(DRT)/VIC_240TH_ST nan FAIRMONT CA,FAIRMONT
657,nan AVE_D8(DRT)/VIC_229TH_ST nan FAIRMONT CA,FAIRMONT
658,nan AVE_D12(DRT)/VIC_235TH_S nan FAIRMONT CA,FAIRMONT
659,nan VIC_AVE_D4/255_STW nan SAWMILL_MOUNTAIN CA,SAWMILL_MOUNTAIN
660,nan VIC_AVE_F8/229TH_STW nan SAWMILL_MOUNTAIN CA,SAWMILL_MOUNTAIN
661,nan VIC_AVE_F8/229TH_STW nan SAWMILL_MOUNTAIN CA,SAWMILL_MOUNTAIN
662,nan VIC_AVE_F8/224TH_STW nan SAWMILL_MOUNTAIN CA,SAWMILL_MOUNTAIN
663,nan VIC_AVE_F8/229TH_STW nan SAWMILL_MOUNTAIN CA,SAWMILL_MOUNTAIN
664,nan VIC_AVE_F8/229TH_STW nan SAWMILL_MOUNTAIN CA,SAWMILL_MOUNTAIN
665,nan VIC_AVE_D8/VIC_51_STE nan REDMAN CA,REDMAN
666,nan VIC_AVE_E12/55_STE nan REDMAN CA,REDMAN
667,nan AVE_F8/59_STE nan REDMAN CA,REDMAN
668,nan AVE_G/VIC_54_STE nan REDMAN CA,REDMAN
669,nan AVE_D-8/VIC_93_STE nan REDMAN CA,REDMAN
670,nan 93_STE/VIC_AVE_D-10 nan REDMAN CA,REDMAN
671,nan AVE_E/VIC_91_STE nan REDMAN CA,REDMAN
672,nan AVE_E-2/VIC_91_STE nan REDMAN CA,REDMAN
673,nan AVE_E-2/VIC_91_STE nan REDMAN CA,REDMAN
674,nan AVE_E-2/VIC_91_STE nan REDMAN CA,REDMAN
675,nan AVE_E-2/91_STE nan REDMAN CA,REDMAN
676,nan COR_AVE_E3(NOG)/91_STE(N nan REDMAN CA,REDMAN
677,nan AVE_E3/VIC_91_STE nan REDMAN CA,REDMAN
678,nan AVE_E3/VIC_91_STE nan REDMAN CA,REDMAN
679,nan AVE_E3/VIC_91_STE nan REDMAN CA,REDMAN
680,nan AVE_E4/VIC_91_STE nan REDMAN CA,REDMAN
681,nan AVE_E4/VIC_91_STE nan REDMAN CA,REDMAN
682,nan AVE_E4/VIC_91_STE nan REDMAN CA,REDMAN
683,nan COR_AVE_E4(NOG)/91_STE(N nan REDMAN CA,REDMAN
684,nan COR_90_STE(PAV)/AVE_E4(N nan REDMAN CA,REDMAN
685,nan VIC_AVE_E5/98_STE nan REDMAN CA,REDMAN
686,nan AVE_E/VIC_105_STE nan REDMAN CA,REDMAN
687,nan VIC_95_STE/AVE_F4 nan REDMAN CA,REDMAN
688,nan VIC_AVE_F14/97_STE nan REDMAN CA,REDMAN
689,8611.0 AVENUE_F8 nan LANCASTER CA,LANCASTER
690,nan AVE_F8/VIC_87_STE nan REDMAN CA,REDMAN
691,nan VIC_AVE_D8/122_STE nan REDMAN CA,REDMAN
692,nan AVE_E/VIC_123_STE nan REDMAN CA,REDMAN
693,nan AVE_E/VIC_133_STE nan REDMAN CA,REDMAN
694,nan VIC_130_STE/AVE_D2 nan REDMAN CA,REDMAN
695,nan 117_STE/VIC_AVE_E3 nan REDMAN CA,REDMAN
696,nan VIC_118_STE/AVE_F8 nan REDMAN CA,REDMAN
697,nan AVE_F6/VIC_117_STE nan REDMAN CA,REDMAN
698,nan VIC_AVE_F14/130_STE nan REDMAN CA,REDMAN
699,nan 133_STE/VIC_AVE_E14 nan REDMAN CA,REDMAN
700,nan VIC_153_STE/AVE_E2 nan REDMAN CA,REDMAN
701,nan COR_140_STE(PAV)/AVE_F10 nan REDMAN CA,REDMAN
702,nan COR_140_STE(PAV)AVE_F14( nan REDMAN CA,REDMAN
703,nan VIC_AVE_E8/140_STE nan REDMAN CA,REDMAN
704,nan VIC_AVE_F/160_STE nan REDMAN CA,REDMAN
705,nan VIC_160_STE/AVE_F8 nan REDMAN CA,REDMAN
706,nan VIC_AVE_F8/155_STE nan REDMAN CA,REDMAN
707,nan VIC_160_STE/AVE_F8 nan REDMAN CA,REDMAN
708,nan VIC_AVE_E6/170_STE nan HI_VISTA CA,HI_VISTA
709,nan AVE_E4/VIC_185TH_STE nan LANCASTER CA,LANCASTER
710,nan AVE_E8/VIC_183_STE nan HI_VISTA CA,HI_VISTA
711,nan COR_190_STE/AVE_F nan HI_VISTA CA,HI_VISTA
712,nan VIC_AVE_F6/194_STE nan HI_VISTA CA,HI_VISTA
713,nan VIC_AVE_F6/195_STE nan HI_VISTA CA,HI_VISTA
714,nan AVE_F15/VIC_197_STE nan HI_VISTA CA,HI_VISTA
715,nan AVE_F15/VIC_197_STE nan HI_VISTA CA,HI_VISTA
716,nan VIC_AVE_F/185_STE nan HI_VISTA CA,HI_VISTA
717,nan VIC_AVE_A8/210_STE nan HI_VISTA CA,HI_VISTA
718,nan VIC_AVE_A10/215_STE nan HI_VISTA CA,HI_VISTA
719,nan VIC_AVE_A10/215_STE nan HI_VISTA CA,HI_VISTA
720,nan VIC_AVE_B/210_STE nan HI_VISTA CA,HI_VISTA
721,nan VIC_AVE_B/215_STE nan HI_VISTA CA,HI_VISTA
722,nan 227_STE(DRT)/VIC_AVE_C nan HI_VISTA CA,HI_VISTA
723,nan VIC_AVE_B8/215_STE nan HI_VISTA CA,HI_VISTA
724,nan VIC_AVE_C4/225_STE nan HI_VISTA CA,HI_VISTA
725,nan VIC_AVE_C4/220_STE nan HI_VISTA CA,HI_VISTA
726,nan VIC_AVE_D8/210_STE nan HI_VISTA CA,HI_VISTA
727,nan 230_STE(PAV)/VIC_AVE_8 nan HI_VISTA CA,HI_VISTA
728,nan VIC_AVE_E4/225_STE nan HI_VISTA CA,HI_VISTA
729,nan VIC_AVE_F/VIC_215_STE nan HI_VISTA CA,HI_VISTA
730,nan (228)BIG_SANDY_ST/VIC_AV nan HI_VISTA CA,HI_VISTA
731,nan COR_225_STE/AVE_D14 nan HI_VISTA CA,HI_VISTA
732,nan COR_AVE_D14/225_STE nan HI_VISTA CA,HI_VISTA
733,nan VIC_AVE_A10/245_STE nan HI_VISTA CA,HI_VISTA
734,nan VIC_AVE_B8/250_STE nan HI_VISTA CA,HI_VISTA
735,nan VIC_240_STE/AVE_B10 nan HI_VISTA CA,HI_VISTA
736,nan VIC_AVE_B4/237_STE nan HI_VISTA CA,HI_VISTA
737,nan AVE_C/VIC_240_STE nan HI_VISTA CA,HI_VISTA
738,nan VIC_AVE_C12/250_STE nan HI_VISTA CA,HI_VISTA
739,nan VIC_AVE_C10/243_STE nan HI_VISTA CA,HI_VISTA
740,nan VIC_AVE_C6/252_STE nan HI_VISTA CA,HI_VISTA
741,nan VIC_AVE_C12/255_STE nan HI_VISTA CA,HI_VISTA
742,nan VIC_AVE_D8/240_STE nan HI_VISTA CA,HI_VISTA
743,nan VIC_AVE_D12/237_STE nan HI_VISTA CA,HI_VISTA
744,nan VIC_AVE_E12/236_STE nan HI_VISTA CA,HI_VISTA
745,nan VIC_AVE_E10/VIC_240_STE nan HI_VISTA CA,HI_VISTA
746,nan VIC_255_STE/AVE_F10 nan HI_VISTA CA,HI_VISTA
747,nan AVE_F2/VIC_230_STE nan HI_VISTA CA,HI_VISTA
748,nan AVE_F4/VIC_230_STE nan HI_VISTA CA,HI_VISTA
749,nan 231_STE/VIC_AVE_F10 nan HI_VISTA CA,HI_VISTA
750,nan 231_STE/VIC_AVE_F10 nan HI_VISTA CA,HI_VISTA
751,nan 231_STE/VIC_AVE_F10 nan HI_VISTA CA,HI_VISTA
752,nan AVE_C(DRT)/VIC_240_STE nan HI_VISTA CA,HI_VISTA
753,nan VIC_AVE_A8/250_STE nan HI_VISTA CA,HI_VISTA
754,nan 230_STE(PAV)/VIC_AVE_G nan HI_VISTA CA,HI_VISTA
755,nan COR_AVE_G(PAV)/230_STE(P nan HI_VISTA CA,HI_VISTA
756,nan 235_STE/VIC_AVE_G2 nan HI_VISTA CA,HI_VISTA
757,nan VIC_AVE_H4/235_STE nan HI_VISTA CA,HI_VISTA
758,nan AVE_I/VIC_240_STE nan BUTTE_VALLEY CA,BUTTE_VALLEY
759,nan AVE_I/VIC_240_STE nan BUTTE_VALLEY CA,BUTTE_VALLEY
760,nan VIC_AVE_I/240_STE nan BUTTE_VALLEY CA,BUTTE_VALLEY
761,nan VIC_AVE_I/240_STE nan BUTTE_VALLEY CA,BUTTE_VALLEY
762,nan VIC_AVE_I/240_STE nan BUTTE_VALLEY CA,BUTTE_VALLEY
763,nan COR_AVE_J/250_STE nan BUTTE_VALLEY CA,BUTTE_VALLEY
764,nan VIC_AVE_I8/260_STE nan BUTTE_VALLEY CA,BUTTE_VALLEY
765,nan COR_AVE_H/237_STE nan HI_VISTA CA,HI_VISTA
766,nan AVE_J/VIC_251ST_STE nan LANCASTER CA,LANCASTER
767,nan VIC_AVE_J8/260_STE nan BUTTE_VALLEY CA,BUTTE_VALLEY
768,nan VIC_AVE_K4/260_STE nan BUTTE_VALLEY CA,BUTTE_VALLEY
769,nan AVE_K8/VIC_250_STE nan BUTTE_VALLEY CA,BUTTE_VALLEY
770,nan AVE_K8/250_STE nan BUTTE_VALLEY CA,BUTTE_VALLEY
771,nan AVE_K/245_STE nan BUTTE_VALLEY CA,BUTTE_VALLEY
772,nan 250_STE/AVE_L6 nan BUTTE_VALLEY CA,BUTTE_VALLEY
773,nan 250_STE_/VIC_AVE_M6 nan BUTTE_VALLEY CA,BUTTE_VALLEY
774,nan COR_AVE_M/250_STE nan BUTTE_VALLEY CA,BUTTE_VALLEY
775,nan 242_STE/VIC_AVE_N10 nan BLACK_BUTTE CA,BLACK_BUTTE
776,nan VIC_255_STE/AVE_N4 nan BLACK_BUTTE CA,BLACK_BUTTE
777,nan 260_STE/VIC_AVE_N4 nan BLACK_BUTTE CA,BLACK_BUTTE
778,nan VIC_AVE_0/255_STE nan BLACK_BUTTE CA,BLACK_BUTTE
779,nan AVE_H/VIC_202_STE nan HI_VISTA CA,HI_VISTA
780,nan VIC_AVE_G2/202_STE nan HI_VISTA CA,HI_VISTA
781,nan VIC_AVE_G8/205_STE nan HI_VISTA CA,HI_VISTA
782,nan VIC_AVE_G2/205_STE nan HI_VISTA CA,HI_VISTA
783,nan VIC_AVE_G12/217_STE nan HI_VISTA CA,HI_VISTA
784,nan VIC_AVE_G12/218_STE nan HI_VISTA CA,HI_VISTA
785,nan 205_STE/VIC_AVE_H14 nan BUTTE_VALLEY CA,BUTTE_VALLEY
786,nan COR_201_STE/AVE_H2 nan HI_VISTA CA,HI_VISTA
787,nan 210_STE/VIC_AVE_I8 nan BUTTE_VALLEY CA,BUTTE_VALLEY
788,nan VIC_NUGENT(I12)/221_STE nan BUTTE_VALLEY CA,BUTTE_VALLEY
789,nan VIC_AVE_H6/213_STE nan HI_VISTA CA,HI_VISTA
790,nan VIC_AVE_J12/202ND_STE nan LANCASTER CA,LANCASTER
791,nan VIC_AVE_J10/213_STE nan BUTTE_VALLEY CA,BUTTE_VALLEY
792,nan VIC_AVE_J12/213_STE nan BUTTE_VALLEY CA,BUTTE_VALLEY
793,nan 205_STE/VIC_AVE_K6 nan BUTTE_VALLEY CA,BUTTE_VALLEY
794,nan VIC_AVE_M12/225_STE nan BUTTE_VALLEY CA,BUTTE_VALLEY
795,nan COR_AVE_N4(DRT)/205_STE( nan BLACK_BUTTE CA,BLACK_BUTTE
796,nan VIC_175_STE/AVE_G10 nan HI_VISTA CA,HI_VISTA
797,nan AVE_G/VIC_191_STE nan HI_VISTA CA,HI_VISTA
798,nan VIC_198_STE/AVE_G6 nan HI_VISTA CA,HI_VISTA
799,nan 188_STE/VIC_AVE_H10 nan HI_VISTA CA,HI_VISTA
800,45306.0 183RD_ST_E nan LANCASTER CA,LANCASTER
801,nan VIC_AVE_H/170_STE nan HI_VISTA CA,HI_VISTA
802,nan VIC_AVE_H/171_STE nan HI_VISTA CA,HI_VISTA
803,nan VIC_AVE_H/172_STE nan HI_VISTA CA,HI_VISTA
804,nan VIC_AVE_I8/180_STE nan BUTTE_VALLEY CA,BUTTE_VALLEY
805,nan 190_STE/VIC_AVE_I8 nan BUTTE_VALLEY CA,BUTTE_VALLEY
806,nan VIC_AVE_G8/145_STE nan ROSEVELT CA,ROSEVELT
807,nan VIC_AVE_G8/145_STE nan ROSEVELT CA,ROSEVELT
808,nan CORCAPLETON(DRT)/150_STE nan ROSEVELT CA,ROSEVELT
809,nan VIC_AVE_G8/155_STE nan ROSEVELT CA,ROSEVELT
810,15520.0 AVENUE_G nan LANCASTER CA,LANCASTER
811,nan VIC_AVE_G8/165_STE nan ROSEVELT CA,ROSEVELT
812,nan VIC_AVE_H4/157_STE nan ROSEVELT CA,ROSEVELT
813,nan VIC_AVE_H6/157_STE nan ROSEVELT CA,ROSEVELT
814,nan VIC_AVE_I10/155_STE nan ROSEVELT CA,ROSEVELT
815,nan VIC_AVE_H4/140_STE nan ROSEVELT CA,ROSEVELT
816,nan 154_STE/VIC_AVE_J6 nan ROSEVELT CA,ROSEVELT
817,nan COR_AVE_J8/VIC_154_STE nan ROSEVELT CA,ROSEVELT
818,nan 155_STE/VIC_AVE_J6 nan ROSEVELT CA,ROSEVELT
819,nan 156_STE/VIC_AVE_J11 nan ROSEVELT CA,ROSEVELT
820,nan COR_AVE_J4/VIC_162_STE nan ROSEVELT CA,ROSEVELT
821,nan COR_AVE_K12/VIC_153_STE nan ROSEVELT CA,ROSEVELT
822,nan COR_AVE_K6/VIC_167_STE nan ROSEVELT CA,ROSEVELT
823,nan AVE_K8/VIC_166_STE nan ROSEVELT CA,ROSEVELT
824,nan VIC_AVE_L6/147_STE nan ROSEVELT CA,ROSEVELT
825,nan 163RD_ST_E(DRT)/VIC_AVE nan LAKE_LOS_ANGELES CA,LAKE_LOS_ANGELES
826,nan 161ST_STE(DRT)/VIC_AVE_M CT LANCASTER CA,LANCASTER
827,nan VIC_AVE_M12/146_STE nan ALPINE_BUTTE CA,ALPINE_BUTTE
828,nan VIC_AVE_N/143_STE nan ALPINE_BUTTE CA,ALPINE_BUTTE
829,nan VIC_AVE_G12/117_STE nan ROSEVELT CA,ROSEVELT
830,nan 125_STE/VIC_AVE_G2 nan ROSEVELT CA,ROSEVELT
831,nan 121_STE/VIC_AVE_G2 nan ROSEVELT CA,ROSEVELT
832,nan COR_123_STE/AVE_G4 nan ROSEVELT CA,ROSEVELT
833,nan 125_STE/VIC_AVE_G4 nan ROSEVELT CA,ROSEVELT
834,nan 130_STE/VIC_AVE_H8 nan ROSEVELT CA,ROSEVELT
835,nan COR_127_STE/AVE_H12 nan ROSEVELT CA,ROSEVELT
836,nan NUGENT(I12)/122_STE nan ROSEVELT CA,ROSEVELT
837,nan COR_137_STE/AVE_I2 nan ROSEVELT CA,ROSEVELT
838,nan COR_AVE_I/138_STE(NOG) nan ROSEVELT CA,ROSEVELT
839,nan COR_133_STE/AVE_J4 nan ROSEVELT CA,ROSEVELT
840,nan 131_STE/VIC_AVE_J6 nan ROSEVELT CA,ROSEVELT
841,nan COR_132_STE/AVE_J10 nan ROSEVELT CA,ROSEVELT
842,nan 114_STE/VIC_AVE_J16 nan ROSEVELT CA,ROSEVELT
843,nan COR_AVE_K2/130_STE nan ROSEVELT CA,ROSEVELT
844,nan COR_111_STE/AVE_L4 nan ROSEVELT CA,ROSEVELT
845,nan AVE_L13(DRT)/VIC_112_STE nan ALPINE_BUTTE CA,ALPINE_BUTTE
846,nan VIC_AVE_L/137_STE nan ROSEVELT CA,ROSEVELT
847,nan VIC_85_STE/AVE_G2 nan ROSEVELT CA,ROSEVELT
848,nan 90_STE/VIC_AVE_G2 nan ROSEVELT CA,ROSEVELT
849,nan VIC_AVE_H12/96_STE nan ROSEVELT CA,ROSEVELT
850,nan COR_82_STE/AVE_G14 nan ROSEVELT CA,ROSEVELT
851,nan COR_AVE_H(PAV)/82_STE(NO nan ROSEVELT CA,ROSEVELT
852,nan COR_AVE_J(PAV)/92_STE(PV nan ROSEVELT CA,ROSEVELT
853,nan VIC_AVE_I2/106_STE nan ROSEVELT CA,ROSEVELT
854,8018.0 AVENUE_J nan LANCASTER CA,LANCASTER
855,nan COR_AVE_K(PAV)/80_STE(NO nan ROSEVELT CA,ROSEVELT
856,nan COR_97_STE/VIC_K12 nan ROSEVELT CA,ROSEVELT
857,nan 108_STE(DRT)/VIC_AVE_L10 nan ALPINE_BUTTE CA,ALPINE_BUTTE
858,nan COR_98_STE/AVE_L8 nan ROSEVELT CA,ROSEVELT
859,nan AVE_M(PAV)/98_STE(DRT) nan ALPINE_BUTTE CA,ALPINE_BUTTE
860,nan 91_STE/VIC_AVE_L6 nan ROSEVELT CA,ROSEVELT
861,nan VIC_AVE_L4/83_STE nan ROSEVELT CA,ROSEVELT
862,nan 108_STE(DRT)/VIC_AVE_M2 nan ALPINE_BUTTE CA,ALPINE_BUTTE
863,nan VIC_AVE_G4/55_STE nan ROSEVELT CA,ROSEVELT
864,nan AVE_G/VIC_62_STE nan ROSEVELT CA,ROSEVELT
865,nan VIC_AVE_G10/64_STE nan ROSEVELT CA,ROSEVELT
866,nan VIC_AVE_G12/75_STE nan ROSEVELT CA,ROSEVELT
867,nan 75_STE/VIC_AVE_H9 nan ROSEVELT CA,ROSEVELT
868,nan 70_STE/VIC_AVE_I7 nan ROSEVELT CA,ROSEVELT
869,nan VIC_AVE_I6/72_STE nan ROSEVELT CA,ROSEVELT
870,nan VIC_AVE_J4/78_STE nan ROSEVELT CA,ROSEVELT
871,nan VIC_AVE_J13/77_STE nan ROSEVELT CA,ROSEVELT
872,nan 67_STE/VIC_AVE_K8 nan ROSEVELT CA,ROSEVELT
873,nan VIC_65_STE/AVE_K10 nan ROSEVELT CA,ROSEVELT
874,nan AVE_L(DRT)/VIC_78TH_ST_E nan ROSEVELT CA,ROSEVELT
875,nan AVE_L8/VIC_73RD_STE nan PALMDALE CA,PALMDALE
876,nan VIC_65TH_ST_E/AVE_L6 nan ROSEVELT CA,ROSEVELT
877,6511.0 6TH AVE LOS_ANGELES CA,LOS_ANGELES
878,3023.0 73RD ST LOS_ANGELES CA,LOS_ANGELES
879,500.0 EVERGREEN ST INGLEWOOD CA,INGLEWOOD
880,805.0 INDUSTRIAL AVE INGLEWOOD CA,INGLEWOOD
881,432.0 SPRUCE AVE INGLEWOOD CA,INGLEWOOD
882,620.0 99TH ST INGLEWOOD CA,INGLEWOOD
883,10608.0 5TH AVE INGLEWOOD CA,INGLEWOOD
884,3227.0 109TH ST INGLEWOOD CA,INGLEWOOD
885,3919.0 106TH ST INGLEWOOD CA,INGLEWOOD
886,13724.0 CORDARY AVE HAWTHORNE CA,HAWTHORNE
887,nan nan nan HAWTHORNE CA,HAWTHORNE
888,15619.0 SAINT_ANDREWS PL GARDENA CA,GARDENA
889,4010.0 184TH ST TORRANCE CA,TORRANCE
890,18428.0 GLENBURN AVE TORRANCE CA,TORRANCE
891,16612.0 ERMANITA AVE TORRANCE CA,TORRANCE
892,7401.0 MANCHESTER AVE LOS_ANGELES CA,LOS_ANGELES
893,8156.0 MANITOBA ST LOS_ANGELES CA,LOS_ANGELES
894,8650.0 GULANA AVE LOS_ANGELES CA,LOS_ANGELES
895,6315.0 GREEN_VALLEY CIR CULVER_CITY CA,CULVER_CITY
896,4350.0 GLENCOE AVE LOS_ANGELES CA,LOS_ANGELES
897,13600.0 MARINA_POINTE DR VENICE CA,VENICE
898,1126.0 5TH AVE LOS_ANGELES CA,LOS_ANGELES
899,1068.0 NOWITA PL LOS_ANGELES CA,LOS_ANGELES
900,13065.0 VENICE BLVD LOS_ANGELES CA,LOS_ANGELES
901,10792.0 NATIONAL BLVD LOS_ANGELES CA,LOS_ANGELES
902,2731.0 GRANVILLE AVE LOS_ANGELES CA,LOS_ANGELES
903,836.0 BUNDY DR LOS_ANGELES CA,LOS_ANGELES
904,2633.0 KANSAS AVE SANTA_MONICA CA,SANTA_MONICA
905,1843.0 9TH ST SANTA_MONICA CA,SANTA_MONICA
906,311.0 BORA_BORA WAY LOS_ANGELES CA,LOS_ANGELES
907,1844.0 MIDVALE AVE LOS_ANGELES CA,LOS_ANGELES
908,10660.0 WILSHIRE BLVD LOS_ANGELES CA,LOS_ANGELES
909,10555.0 ASHTON AVE LOS_ANGELES CA,LOS_ANGELES
910,10350.0 WILSHIRE BLVD LOS_ANGELES CA,LOS_ANGELES
911,837.0 WEST_KNOLL DR WEST_HOLLYWOOD CA,WEST_HOLLYWOOD
912,960.0 LARRABEE ST WEST_HOLLYWOOD CA,WEST_HOLLYWOOD
913,nan nan nan BEVERLY_HILLS CA,BEVERLY_HILLS
914,nan nan nan BEVERLY_HILLS CA,BEVERLY_HILLS
915,10787.0 WILSHIRE BLVD LOS_ANGELES CA,LOS_ANGELES
916,nan nan nan LOS_ANGELES CA,LOS_ANGELES
917,nan nan nan nan nan,nan
918,nan nan nan nan nan,nan
919,nan nan nan nan nan,nan
920,nan nan nan nan nan,nan
921,nan nan nan nan nan,nan
922,nan nan nan nan nan,nan
923,2385.0 ROSCOMARE RD LOS_ANGELES CA,LOS_ANGELES
924,nan nan nan LOS_ANGELES CA,LOS_ANGELES
925,nan nan nan LOS_ANGELES CA,LOS_ANGELES
926,nan nan nan LOS_ANGELES CA,LOS_ANGELES
927,nan nan nan nan nan,nan
928,nan nan nan nan nan,nan
929,nan nan nan LOS_ANGELES CA,LOS_ANGELES
930,nan nan nan LOS_ANGELES CA,LOS_ANGELES
931,nan nan nan nan nan,nan
932,nan nan nan nan nan,nan
933,nan nan nan PACIFIC_PALISADES CA,PACIFIC_PALISADES
934,654.0 PALISADES DR LOS_ANGELES CA,LOS_ANGELES
935,nan nan nan TOPANGA CA,TOPANGA
936,nan nan nan TOPANGA CA,TOPANGA
937,nan nan nan TOPANGA CA,TOPANGA
938,nan nan nan TOPANGA CA,TOPANGA
939,nan nan nan TOPANGA CA,TOPANGA
940,nan nan nan TOPANGA CA,TOPANGA
941,nan nan nan TOPANGA CA,TOPANGA
942,nan nan nan nan nan,nan
943,nan nan nan nan nan,nan
944,nan nan nan nan nan,nan
945,nan nan nan nan nan,nan
946,nan nan nan nan nan,nan
947,nan nan nan nan nan,nan
948,19918.0 OBSERVATION DR TOPANGA CA,TOPANGA
949,nan nan nan TOPANGA CA,TOPANGA
950,nan nan nan MALIBU CA,MALIBU
951,nan nan nan CALABASAS CA,CALABASAS
952,nan nan nan MALIBU CA,MALIBU
953,nan nan nan nan nan,nan
954,nan nan nan nan nan,nan
955,nan nan nan nan nan,nan
956,nan nan nan nan nan,nan
957,nan nan nan nan nan,nan
958,nan nan nan nan nan,nan
959,nan nan nan MALIBU CA,MALIBU
960,nan nan nan AGOURA_HILLS CA,AGOURA_HILLS
961,nan nan nan MALIBU CA,MALIBU
962,nan nan nan MALIBU CA,MALIBU
963,nan nan nan MALIBU CA,MALIBU
964,nan nan nan MALIBU CA,MALIBU
965,nan nan nan MALIBU CA,MALIBU
966,nan nan nan nan nan,nan
967,nan nan nan nan nan,nan
968,nan nan nan nan nan,nan
969,nan nan nan nan nan,nan
970,nan nan nan nan nan,nan
971,nan nan nan nan nan,nan
972,nan nan nan MALIBU CA,MALIBU
973,nan nan nan MALIBU CA,MALIBU
974,nan nan nan MALIBU CA,MALIBU
975,nan nan nan MALIBU CA,MALIBU
976,nan nan nan MALIBU CA,MALIBU
977,nan nan nan MALIBU CA,MALIBU
978,nan nan nan MALIBU CA,MALIBU
979,nan nan nan MALIBU CA,MALIBU
980,nan nan nan MALIBU CA,MALIBU
981,nan nan nan MALIBU CA,MALIBU
982,nan nan nan MALIBU CA,MALIBU
983,nan nan nan LOS_ANGELES CA,LOS_ANGELES
984,5439.0 VICTORIA AVE LOS_ANGELES CA,LOS_ANGELES
985,3739.0 NORTHLAND DR LOS_ANGELES CA,LOS_ANGELES
986,4815.0 2ND AVE LOS_ANGELES CA,LOS_ANGELES
987,nan nan nan LOS_ANGELES CA,LOS_ANGELES
988,5186.0 VILLAGE GRN LOS_ANGELES CA,LOS_ANGELES
989,4431.0 DON_RICARDO DR LOS_ANGELES CA,LOS_ANGELES
990,1650.0 38TH PL LOS_ANGELES CA,LOS_ANGELES
991,1774.0 37TH PL LOS_ANGELES CA,LOS_ANGELES
992,nan nan nan LOS_ANGELES CA,LOS_ANGELES
993,2238.0 26TH PL LOS_ANGELES CA,LOS_ANGELES
994,2814.0 HARVARD BLVD LOS_ANGELES CA,LOS_ANGELES
995,1444.0 22ND ST LOS_ANGELES CA,LOS_ANGELES
996,1911.0 PALM_GROVE AVE LOS_ANGELES CA,LOS_ANGELES
997,2111.0 SPAULDING AVE LOS_ANGELES CA,LOS_ANGELES
998,1445.0 HAYWORTH AVE LOS_ANGELES CA,LOS_ANGELES
999,2767.0 PICO BLVD LOS_ANGELES CA,LOS_ANGELES
1000,973.0 WESTERN AVE LOS_ANGELES CA,LOS_ANGELES
1001,981.0 WESTERN AVE LOS_ANGELES CA,LOS_ANGELES
1002,nan nan nan LOS_ANGELES CA,LOS_ANGELES
1003,820.0 FEDORA ST LOS_ANGELES CA,LOS_ANGELES
1004,257.0 49TH ST LOS_ANGELES CA,LOS_ANGELES
1005,1037.0 VERNON AVE LOS_ANGELES CA,LOS_ANGELES
1006,1658.0 32ND ST LOS_ANGELES CA,LOS_ANGELES
1007,1347.0 23RD ST LOS_ANGELES CA,LOS_ANGELES
1008,2309.0 CENTRAL AVE LOS_ANGELES CA,LOS_ANGELES
1009,1331.0 BROADWAY nan LOS_ANGELES CA,LOS_ANGELES
1010,1100.0 HOPE ST LOS_ANGELES CA,LOS_ANGELES
1011,1155.0 GRAND AVE LOS_ANGELES CA,LOS_ANGELES
1012,nan nan nan VERNON CA,VERNON
1013,nan nan nan LOS_ANGELES CA,LOS_ANGELES
1014,nan nan nan VERNON CA,VERNON
1015,1708.0 3RD ST LOS_ANGELES CA,LOS_ANGELES
1016,nan nan nan LOS_ANGELES CA,LOS_ANGELES
1017,nan nan nan LOS_ANGELES CA,LOS_ANGELES
1018,2422.0 BROADWAY nan LOS_ANGELES CA,LOS_ANGELES
1019,4225.0 GRIFFIN AVE LOS_ANGELES CA,LOS_ANGELES
1020,nan nan nan LOS_ANGELES CA,LOS_ANGELES
1021,nan nan nan LOS_ANGELES CA,LOS_ANGELES
1022,nan nan nan LOS_ANGELES CA,LOS_ANGELES
1023,nan nan nan LOS_ANGELES CA,LOS_ANGELES
1024,nan nan nan LOS_ANGELES CA,LOS_ANGELES
1025,nan nan nan LOS_ANGELES CA,LOS_ANGELES
1026,nan nan nan LOS_ANGELES CA,LOS_ANGELES
1027,nan nan nan LOS_ANGELES CA,LOS_ANGELES
1028,nan nan nan LOS_ANGELES CA,LOS_ANGELES
1029,nan nan nan LOS_ANGELES CA,LOS_ANGELES
1030,nan nan nan LOS_ANGELES CA,LOS_ANGELES
1031,nan nan nan LOS_ANGELES CA,LOS_ANGELES
1032,3558.0 ELLISON ST LOS_ANGELES CA,LOS_ANGELES
1033,nan nan nan LOS_ANGELES CA,LOS_ANGELES
1034,nan nan nan LOS_ANGELES CA,LOS_ANGELES
1035,nan nan nan LOS_ANGELES CA,LOS_ANGELES
1036,463.0 FETTERLY AVE LOS_ANGELES CA,LOS_ANGELES
1037,nan nan nan MONTEREY_PARK CA,MONTEREY_PARK
1038,4499.0 VIA_MARISOL nan LOS_ANGELES CA,LOS_ANGELES
1039,4499.0 VIA_MARISOL nan LOS_ANGELES CA,LOS_ANGELES
1040,nan nan nan LOS_ANGELES CA,LOS_ANGELES
1041,nan nan nan LOS_ANGELES CA,LOS_ANGELES
1042,nan nan nan nan nan,nan
1043,2022.0 VIA_DEL_REY nan SOUTH_PASADENA CA,SOUTH_PASADENA
1044,1146.0 MERIDIAN AVE SOUTH_PASADENA CA,SOUTH_PASADENA
1045,1159.0 HUNTINGTON DR SOUTH_PASADENA CA,SOUTH_PASADENA
1046,2386.0 DEL_MAR BLVD PASADENA CA,PASADENA
1047,116.0 ATLANTIC BLVD ALHAMBRA CA,ALHAMBRA
1048,777.0 VALLEY BLVD ALHAMBRA CA,ALHAMBRA
1049,401.0 MISSION RD SAN_GABRIEL CA,SAN_GABRIEL
1050,401.0 MISSION RD SAN_GABRIEL CA,SAN_GABRIEL
1051,6910.0 ROSEMEAD BLVD SAN_GABRIEL CA,SAN_GABRIEL
1052,nan nan nan ROSEMEAD CA,ROSEMEAD
1053,8942.0 LAWRENCE AVE ROSEMEAD CA,ROSEMEAD
1054,1724.0 LEMOYNE ST LOS_ANGELES CA,LOS_ANGELES
1055,1839.0 LAKE_SHORE AVE LOS_ANGELES CA,LOS_ANGELES
1056,1847.0 FANNING ST LOS_ANGELES CA,LOS_ANGELES
1057,nan nan nan LOS_ANGELES CA,LOS_ANGELES
1058,nan nan nan LOS_ANGELES CA,LOS_ANGELES
1059,nan nan nan LOS_ANGELES CA,LOS_ANGELES
1060,347.0 ULYSSES ST LOS_ANGELES CA,LOS_ANGELES
1061,165.0 AVENUE_18 nan LOS_ANGELES CA,LOS_ANGELES
1062,nan nan nan LOS_ANGELES CA,LOS_ANGELES
1063,3141.0 EAGLE_ROCK BLVD LOS_ANGELES CA,LOS_ANGELES
1064,nan nan nan LOS_ANGELES CA,LOS_ANGELES
1065,nan nan nan LOS_ANGELES CA,LOS_ANGELES
1066,nan nan nan LOS_ANGELES CA,LOS_ANGELES
1067,nan nan nan LOS_ANGELES CA,LOS_ANGELES
1068,nan nan nan LOS_ANGELES CA,LOS_ANGELES
1069,114.0 AVENUE_54 nan LOS_ANGELES CA,LOS_ANGELES
1070,5119.0 SAN_RAFAEL AVE LOS_ANGELES CA,LOS_ANGELES
1071,nan nan nan LOS_ANGELES CA,LOS_ANGELES
1072,5017.0 LINCOLN AVE LOS_ANGELES CA,LOS_ANGELES
1073,4800.0 BUCHANAN ST LOS_ANGELES CA,LOS_ANGELES
1074,nan nan nan LOS_ANGELES CA,LOS_ANGELES
1075,nan nan nan LOS_ANGELES CA,LOS_ANGELES
1076,nan nan nan LOS_ANGELES CA,LOS_ANGELES
1077,nan nan nan LOS_ANGELES CA,LOS_ANGELES
1078,5927.0 WEAVER ST LOS_ANGELES CA,LOS_ANGELES
1079,3457.0 WILSHIRE BLVD LOS_ANGELES CA,LOS_ANGELES
1080,645.0 MARIPOSA AVE LOS_ANGELES CA,LOS_ANGELES
1081,450.0 JUNE ST LOS_ANGELES CA,LOS_ANGELES
1082,627.0 WINDSOR BLVD LOS_ANGELES CA,LOS_ANGELES
1083,455.0 LA_JOLLA AVE LOS_ANGELES CA,LOS_ANGELES
1084,220.0 NORTON AVE LOS_ANGELES CA,LOS_ANGELES
1085,619.0 EDINBURGH AVE LOS_ANGELES CA,LOS_ANGELES
1086,812.0 HUDSON AVE LOS_ANGELES CA,LOS_ANGELES
1087,6250.0 HOLLYWOOD BLVD LOS_ANGELES CA,LOS_ANGELES
1088,6735.0 YUCCA_STREET nan LOS_ANGELES CA,LOS_ANGELES
1089,1134.0 ALTA_LOMA RD WEST_HOLLYWOOD CA,WEST_HOLLYWOOD
1090,nan nan nan LOS_ANGELES CA,LOS_ANGELES
1091,nan nan nan LOS_ANGELES CA,LOS_ANGELES
1092,8800.0 HOLLYWOOD_HILLS RD LOS_ANGELES CA,LOS_ANGELES
1093,nan nan nan LOS_ANGELES CA,LOS_ANGELES
1094,2604.0 BEACHWOOD DR LOS_ANGELES CA,LOS_ANGELES
1095,4411.0 LOS_FELIZ BLVD LOS_ANGELES CA,LOS_ANGELES
1096,3429.0 EL_CAMINITO nan GLENDALE CA,GLENDALE
1097,3961.0 FRANKLIN ST GLENDALE CA,GLENDALE
1098,nan nan nan GLENDALE CA,GLENDALE
1099,nan nan nan LA_CRESCENTA CA,LA_CRESCENTA
1100,nan nan nan GLENDALE CA,GLENDALE
1101,nan nan nan GLENDALE CA,GLENDALE
1102,nan nan nan GLENDALE CA,GLENDALE
1103,343.0 PIONEER DR GLENDALE CA,GLENDALE
1104,nan nan nan GLENDALE CA,GLENDALE
1105,nan nan nan nan nan,nan
1106,nan nan nan nan nan,nan
1107,nan nan nan nan nan,nan
1108,nan nan nan nan nan,nan
1109,nan nan nan nan nan,nan
1110,nan nan nan nan nan,nan
1111,nan nan nan GLENDALE CA,GLENDALE
1112,nan nan nan GLENDALE CA,GLENDALE
1113,nan nan nan nan nan,nan
1114,nan nan nan GLENDALE CA,GLENDALE
1115,nan nan nan GLENDALE CA,GLENDALE
1116,nan nan nan GLENDALE CA,GLENDALE
1117,2241.0 HOLLISTER TER GLENDALE CA,GLENDALE
1118,nan nan nan GLENDALE CA,GLENDALE
1119,nan nan nan GLENDALE CA,GLENDALE
1120,nan nan nan GLENDALE CA,GLENDALE
1121,nan nan nan GLENDALE CA,GLENDALE
1122,nan nan nan GLENDALE CA,GLENDALE
1123,nan nan nan GLENDALE CA,GLENDALE
1124,nan nan nan GLENDALE CA,GLENDALE
1125,nan nan nan GLENDALE CA,GLENDALE
1126,nan nan nan GLENDALE CA,GLENDALE
1127,nan nan nan LOS_ANGELES CA,LOS_ANGELES
1128,nan nan nan LOS_ANGELES CA,LOS_ANGELES
1129,1455.0 HOLBROOK ST LOS_ANGELES CA,LOS_ANGELES
1130,1060.0 FAIR_OAKS AVE PASADENA CA,PASADENA
1131,85.0 MADISON AVE PASADENA CA,PASADENA
1132,467.0 FAIR_OAKS AVE PASADENA CA,PASADENA
1133,nan nan nan PASADENA CA,PASADENA
1134,nan nan nan PASADENA CA,PASADENA
1135,169.0 HALSTEAD ST PASADENA CA,PASADENA
1136,nan nan nan SIERRA_MADRE CA,SIERRA_MADRE
1137,73.0 VIRGINIA DR ARCADIA CA,ARCADIA
1138,911.0 2ND AVE ARCADIA CA,ARCADIA
1139,212.0 COLORADO BLVD ARCADIA CA,ARCADIA
1140,nan nan nan LA_CANADA_FLINTRIDGE CA,LA_CANADA_FLINTRIDGE
1141,287.0 WOODBURY RD ALTADENA CA,ALTADENA
1142,nan nan nan ALTADENA CA,ALTADENA
1143,2801.0 HIGHVIEW AVE ALTADENA CA,ALTADENA
1144,171.0 HOWARD ST PASADENA CA,PASADENA
1145,1760.0 FAIR_OAKS AVE PASADENA CA,PASADENA
1146,nan nan nan ALTADENA CA,ALTADENA
1147,2186.0 NEW_YORK DR ALTADENA CA,ALTADENA
1148,nan nan nan nan nan,nan
1149,nan nan nan nan nan,nan
1150,nan nan nan nan nan,nan
1151,nan nan nan nan nan,nan
1152,nan nan nan LA_CRESCENTA CA,LA_CRESCENTA
1153,nan nan nan LOS_ANGELES CA,LOS_ANGELES
1154,nan nan nan LOS_ANGELES CA,LOS_ANGELES
1155,1502.0 SLAUSON AVE LOS_ANGELES CA,LOS_ANGELES
1156,1214.0 58TH ST LOS_ANGELES CA,LOS_ANGELES
1157,6327.0 HOOVER ST LOS_ANGELES CA,LOS_ANGELES
1158,674.0 61ST ST LOS_ANGELES CA,LOS_ANGELES
1159,409.0 60TH ST LOS_ANGELES CA,LOS_ANGELES
1160,1863.0 68TH ST LOS_ANGELES CA,LOS_ANGELES
1161,151.0 66TH ST LOS_ANGELES CA,LOS_ANGELES
1162,311.0 71ST ST LOS_ANGELES CA,LOS_ANGELES
1163,1243.0 FLORENCE AVE LOS_ANGELES CA,LOS_ANGELES
1164,1721.0 69TH ST LOS_ANGELES CA,LOS_ANGELES
1165,1216.0 78TH ST LOS_ANGELES CA,LOS_ANGELES
1166,7811.0 BELL AVE LOS_ANGELES CA,LOS_ANGELES
1167,735.0 80TH ST LOS_ANGELES CA,LOS_ANGELES
1168,715.0 MANCHESTER AVE LOS_ANGELES CA,LOS_ANGELES
1169,247.0 84TH ST LOS_ANGELES CA,LOS_ANGELES
1170,310.0 80TH ST LOS_ANGELES CA,LOS_ANGELES
1171,401.0 82ND ST LOS_ANGELES CA,LOS_ANGELES
1172,226.0 87TH ST LOS_ANGELES CA,LOS_ANGELES
1173,231.0 91ST ST LOS_ANGELES CA,LOS_ANGELES
1174,750.0 MANCHESTER AVE LOS_ANGELES CA,LOS_ANGELES
1175,nan nan nan LOS_ANGELES CA,LOS_ANGELES
1176,8855.0 CENTRAL AVE LOS_ANGELES CA,LOS_ANGELES
1177,8859.0 CENTRAL AVE LOS_ANGELES CA,LOS_ANGELES
1178,nan nan nan LOS_ANGELES CA,LOS_ANGELES
1179,8867.0 CENTRAL AVE LOS_ANGELES CA,LOS_ANGELES
1180,1808.0 FIRESTONE BLVD LOS_ANGELES CA,LOS_ANGELES
1181,nan nan nan LOS_ANGELES CA,LOS_ANGELES
1182,9512.0 ANZAC AVE LOS_ANGELES CA,LOS_ANGELES
1183,1020.0 91ST ST LOS_ANGELES CA,LOS_ANGELES
1184,nan nan nan LOS_ANGELES CA,LOS_ANGELES
1185,714.0 105TH ST LOS_ANGELES CA,LOS_ANGELES
1186,1529.0 96TH ST LOS_ANGELES CA,LOS_ANGELES
1187,1422.0 97TH ST LOS_ANGELES CA,LOS_ANGELES
1188,nan nan nan LOS_ANGELES CA,LOS_ANGELES
1189,nan nan nan LOS_ANGELES CA,LOS_ANGELES
1190,nan nan nan LOS_ANGELES CA,LOS_ANGELES
1191,11113.0 CENTRAL AVE LOS_ANGELES CA,LOS_ANGELES
1192,11307.0 CENTRAL AVE LOS_ANGELES CA,LOS_ANGELES
1193,nan nan nan LOS_ANGELES CA,LOS_ANGELES
1194,1244.0 107TH ST LOS_ANGELES CA,LOS_ANGELES
1195,11919.0 OLIVE_GLEN LN LOS_ANGELES CA,LOS_ANGELES
1196,11420.0 DENVER AVE LOS_ANGELES CA,LOS_ANGELES
1197,1742.0 145TH ST GARDENA CA,GARDENA
1198,nan nan nan GARDENA CA,GARDENA
1199,442.0 EL_SEGUNDO BLVD LOS_ANGELES CA,LOS_ANGELES
1200,nan nan nan LOS_ANGELES CA,LOS_ANGELES
1201,nan nan nan LOS_ANGELES CA,LOS_ANGELES
1202,2033.0 KEENE AVE COMPTON CA,COMPTON
1203,412.0 CLYMAR AVE COMPTON CA,COMPTON
1204,1208.0 133RD ST COMPTON CA,COMPTON
1205,1810.0 SLATER AVE COMPTON CA,COMPTON
1206,11818.0 CENTRAL AVE LOS_ANGELES CA,LOS_ANGELES
1207,11824.0 CENTRAL AVE LOS_ANGELES CA,LOS_ANGELES
1208,nan nan nan LOS_ANGELES CA,LOS_ANGELES
1209,nan nan nan LOS_ANGELES CA,LOS_ANGELES
1210,12206.0 WILMINGTON AVE COMPTON CA,COMPTON
1211,1903.0 122ND ST COMPTON CA,COMPTON
1212,1900.0 120TH ST WILLOWBROOK CA,WILLOWBROOK
1213,nan nan nan LOS_ANGELES CA,LOS_ANGELES
1214,713.0 ARBUTUS ST COMPTON CA,COMPTON
1215,516.0 PEACH ST COMPTON CA,COMPTON
1216,nan nan nan COMPTON CA,COMPTON
1217,832.0 ROSECRANS AVE COMPTON CA,COMPTON
1218,nan nan nan COMPTON CA,COMPTON
1219,nan nan nan COMPTON CA,COMPTON
1220,nan nan nan COMPTON CA,COMPTON
1221,nan nan nan COMPTON CA,COMPTON
1222,477.0 TICHENOR ST COMPTON CA,COMPTON
1223,1505.0 LONG_BEACH BLVD COMPTON CA,COMPTON
1224,1401.0 ALAMEDA ST COMPTON CA,COMPTON
1225,1415.0 WILLOW AVE COMPTON CA,COMPTON
1226,3955.0 LOUISE ST LYNWOOD CA,LYNWOOD
1227,1005.0 CRANE AVE COMPTON CA,COMPTON
1228,809.0 HARRIS AVE COMPTON CA,COMPTON
1229,nan nan nan COMPTON CA,COMPTON
1230,14712.0 GIBSON AVE COMPTON CA,COMPTON
1231,5200.0 IMPERIAL HWY LYNWOOD CA,LYNWOOD
1232,nan nan nan LOS_ANGELES CA,LOS_ANGELES
1233,nan nan nan LOS_ANGELES CA,LOS_ANGELES
1234,nan nan nan LOS_ANGELES CA,LOS_ANGELES
1235,nan nan nan LOS_ANGELES CA,LOS_ANGELES
1236,nan nan nan LOS_ANGELES CA,LOS_ANGELES
1237,nan nan nan HUNTINGTON_PARK CA,HUNTINGTON_PARK
1238,9308.0 OTIS ST SOUTH_GATE CA,SOUTH_GATE
1239,2615.0 IOWA AVE SOUTH_GATE CA,SOUTH_GATE
1240,3422.0 LIBERTY BLVD SOUTH_GATE CA,SOUTH_GATE
1241,9704.0 DOROTHY AVE SOUTH_GATE CA,SOUTH_GATE
1242,10107.0 MCNERNEY AVE SOUTH_GATE CA,SOUTH_GATE
1243,10029.0 SAN_GABRIEL AVE SOUTH_GATE CA,SOUTH_GATE
1244,10108.0 SAN_GABRIEL AVE SOUTH_GATE CA,SOUTH_GATE
1245,nan nan nan nan nan,nan
1246,nan nan nan SOUTH_GATE CA,SOUTH_GATE
1247,14819.0 DOWNEY AVE PARAMOUNT CA,PARAMOUNT
1248,7331.0 EXETER ST PARAMOUNT CA,PARAMOUNT
1249,6156.0 ROOSEVELT AVE SOUTH_GATE CA,SOUTH_GATE
1250,nan nan nan PARAMOUNT CA,PARAMOUNT
1251,nan nan nan PARAMOUNT CA,PARAMOUNT
1252,nan nan nan PARAMOUNT CA,PARAMOUNT
1253,9455.0 IVES ST BELLFLOWER CA,BELLFLOWER
1254,14721.0 BLAINE AVE BELLFLOWER CA,BELLFLOWER
1255,nan nan nan BELLFLOWER CA,BELLFLOWER
1256,nan nan nan HUNTINGTON_PARK CA,HUNTINGTON_PARK
1257,4223.0 SLAUSON AVE MAYWOOD CA,MAYWOOD
1258,6303.0 WALKER AVE BELL CA,BELL
1259,6012.0 KING AVE MAYWOOD CA,MAYWOOD
1260,6306.0 FLORA AVE BELL CA,BELL
1261,6139.0 MALABAR ST HUNTINGTON_PARK CA,HUNTINGTON_PARK
1262,6100.0 RUGBY AVE HUNTINGTON_PARK CA,HUNTINGTON_PARK
1263,2720.0 GAGE AVE HUNTINGTON_PARK CA,HUNTINGTON_PARK
1264,5811.0 WASHINGTON BLVD COMMERCE CA,COMMERCE
1265,6127.0 OLYMPIC BLVD LOS_ANGELES CA,LOS_ANGELES
1266,329.0 20TH ST MONTEBELLO CA,MONTEBELLO
1267,1301.0 GREENWOOD AVE MONTEBELLO CA,MONTEBELLO
1268,nan nan nan BELL_GARDENS CA,BELL_GARDENS
1269,nan nan nan PICO_RIVERA CA,PICO_RIVERA
1270,9436.0 GLENCANNON DR PICO_RIVERA CA,PICO_RIVERA
1271,nan nan nan nan nan,nan
1272,17816.0 CALIENTE CIR CERRITOS CA,CERRITOS
1273,18022.0 CLARKDALE AVE ARTESIA CA,ARTESIA
1274,21909.0 SEINE AVE HAWAIIAN_GARDENS CA,HAWAIIAN_GARDENS
1275,nan nan nan LONG_BEACH CA,LONG_BEACH
1276,2890.0 ARTESIA BLVD LONG_BEACH CA,LONG_BEACH
1277,6072.0 LEMON AVE LONG_BEACH CA,LONG_BEACH
1278,340.0 56TH ST LONG_BEACH CA,LONG_BEACH
1279,5021.0 ATLANTIC AVE LONG_BEACH CA,LONG_BEACH
1280,242.0 DEL_AMO BLVD LONG_BEACH CA,LONG_BEACH
1281,nan nan nan LONG_BEACH CA,LONG_BEACH
1282,3907.0 LEMON AVE LONG_BEACH CA,LONG_BEACH
1283,6113.0 PEARCE AVE LAKEWOOD CA,LAKEWOOD
1284,5202.0 AUTRY AVE LAKEWOOD CA,LAKEWOOD
1285,822.0 WILLOW ST LONG_BEACH CA,LONG_BEACH
1286,2329.0 TULANE AVE LONG_BEACH CA,LONG_BEACH
1287,1841.0 VOLK AVE LONG_BEACH CA,LONG_BEACH
1288,5585.0 PACIFIC_COAST HWY LONG_BEACH CA,LONG_BEACH
1289,5585.0 PACIFIC_COAST HWY LONG_BEACH CA,LONG_BEACH
1290,7310.0 MARINA_PACIFICA DR LONG_BEACH CA,LONG_BEACH
1291,321.0 SAINT_JOSEPH AVE LONG_BEACH CA,LONG_BEACH
1292,1080.0 TEMPLE AVE LONG_BEACH CA,LONG_BEACH
1293,1438.0 REDONDO AVE LONG_BEACH CA,LONG_BEACH
1294,1541.0 ROSE AVE LONG_BEACH CA,LONG_BEACH
1295,2225.0 BROADWAY nan LONG_BEACH CA,LONG_BEACH
1296,2500.0 2ND ST LONG_BEACH CA,LONG_BEACH
1297,1400.0 OCEAN BLVD LONG_BEACH CA,LONG_BEACH
1298,1429.0 ELM AVE LONG_BEACH CA,LONG_BEACH
1299,225.0 6TH ST LONG_BEACH CA,LONG_BEACH
1300,225.0 6TH ST LONG_BEACH CA,LONG_BEACH
1301,835.0 LOCUST AVE LONG_BEACH CA,LONG_BEACH
1302,1110.0 APPLETON ST LONG_BEACH CA,LONG_BEACH
1303,1280.0 4TH ST LONG_BEACH CA,LONG_BEACH
1304,1625.0 APPLETON ST LONG_BEACH CA,LONG_BEACH
1305,525.0 SEASIDE WAY LONG_BEACH CA,LONG_BEACH
1306,615.0 BROADWAY nan LONG_BEACH CA,LONG_BEACH
1307,nan nan nan COMPTON CA,COMPTON
1308,849.0 VICTORIA ST CARSON CA,CARSON
1309,339.0 181ST ST CARSON CA,CARSON
1310,1661.0 204TH ST LOS_ANGELES CA,LOS_ANGELES
1311,23021.0 MONETA AVE CARSON CA,CARSON
1312,2410.0 CASPIAN AVE LONG_BEACH CA,LONG_BEACH
1313,1215.0 251ST ST LOS_ANGELES CA,LOS_ANGELES
1314,25320.0 MARIGOLD AVE LOS_ANGELES CA,LOS_ANGELES
1315,912.0 PIONEER AVE LOS_ANGELES CA,LOS_ANGELES
1316,1458.0 243RD ST LOS_ANGELES CA,LOS_ANGELES
1317,1725.0 WESTMONT DR LOS_ANGELES CA,LOS_ANGELES
1318,571.0 SEPULVEDA ST LOS_ANGELES CA,LOS_ANGELES
1319,238.0 MESA ST LOS_ANGELES CA,LOS_ANGELES
1320,956.0 10TH ST LOS_ANGELES CA,LOS_ANGELES
1321,884.0 21ST ST LOS_ANGELES CA,LOS_ANGELES
1322,3721.0 PATTON AVE LOS_ANGELES CA,LOS_ANGELES
1323,359.0 SUMNER AVE AVALON CA,AVALON
1324,419.0 BROADWAY nan REDONDO_BEACH CA,REDONDO_BEACH
1325,4542.0 191ST ST TORRANCE CA,TORRANCE
1326,3608.0 ESTATES LN PALOS_VERDES CA,PALOS_VERDES
1327,2563.0 PALOS_VERDES DR PALOS_VERDES CA,PALOS_VERDES
1328,25830.0 CYPRESS ST LOMITA CA,LOMITA
1329,25834.0 CYPRESS ST LOMITA CA,LOMITA
1330,nan nan nan RANCHO_PALOS_VERDES CA,RANCHO_PALOS_VERDES
1331,26802.0 WESTVALE RD PALOS_VERDES CA,PALOS_VERDES
1332,nan nan nan nan nan,nan
1333,nan nan nan nan nan,nan
1334,10843.0 CARMENITA RD WHITTIER CA,WHITTIER
1335,nan nan nan SANTA_FE_SPRINGS CA,SANTA_FE_SPRINGS
1336,nan nan nan NORWALK CA,NORWALK
1337,11536.0 MAZA ST NORWALK CA,NORWALK
1338,13608.0 ROSETON AVE NORWALK CA,NORWALK
1339,12045.0 FOSTER RD NORWALK CA,NORWALK
1340,14719.0 CLARKDALE AVE NORWALK CA,NORWALK
1341,14425.0 CORBY AVE NORWALK CA,NORWALK
1342,15538.0 ALLINGHAM AVE NORWALK CA,NORWALK
1343,15222.0 JERSEY AVE NORWALK CA,NORWALK
1344,11446.0 BARNWALL ST NORWALK CA,NORWALK
1345,nan nan nan EL_MONTE CA,EL_MONTE
1346,1605.0 STROZIER AVE SOUTH_EL_MONTE CA,SOUTH_EL_MONTE
1347,11312.0 BYWAYS ST SOUTH_EL_MONTE CA,SOUTH_EL_MONTE
1348,3698.0 ELFORD DR WHITTIER CA,WHITTIER
1349,nan nan nan WHITTIER CA,WHITTIER
1350,7904.0 DUCHESS DR WHITTIER CA,WHITTIER
1351,6641.0 PIONEER BLVD WHITTIER CA,WHITTIER
1352,nan nan nan HACIENDA_HEIGHTS CA,HACIENDA_HEIGHTS
1353,869.0 DOROTHEA RD LA_HABRA_HEIGHTS CA,LA_HABRA_HEIGHTS
1354,16251.0 BLUEBONNET ST LA_PUENTE CA,LA_PUENTE
1355,414.0 FERRERO LN LA_PUENTE CA,LA_PUENTE
1356,1250.0 BASE_LINE RD CLAREMONT CA,CLAREMONT
1357,1108.0 MISSION BLVD POMONA CA,POMONA
1358,1110.0 MISSION BLVD POMONA CA,POMONA
1359,nan nan nan POMONA CA,POMONA
1360,1028.0 DORSET AVE POMONA CA,POMONA
1361,nan nan nan POMONA CA,POMONA
1362,1625.0 HOME TER POMONA CA,POMONA
1363,nan nan nan POMONA CA,POMONA
1364,nan nan nan POMONA CA,POMONA
1365,1095.0 LOMA_VISTA ST POMONA CA,POMONA
1366,nan nan nan POMONA CA,POMONA
1367,nan nan nan POMONA CA,POMONA
1368,nan nan nan POMONA CA,POMONA
1369,nan nan nan POMONA CA,POMONA
1370,nan nan nan POMONA CA,POMONA
1371,nan nan nan LA_VERNE CA,LA_VERNE
1372,nan nan nan LA_VERNE CA,LA_VERNE
1373,1826.0 COVINA BLVD COVINA CA,COVINA
1374,811.0 GRONDAHL ST COVINA CA,COVINA
1375,17704.0 BENBOW ST COVINA CA,COVINA
1376,13915.0 RATH ST LA_PUENTE CA,LA_PUENTE
1377,1615.0 TONOPAH AVE WEST_COVINA CA,WEST_COVINA
1378,1018.0 DURNESS ST WEST_COVINA CA,WEST_COVINA
1379,15809.0 FRANCISQUITO AVE VALINDA CA,VALINDA
1380,1306.0 PORTNER ST WEST_COVINA CA,WEST_COVINA
1381,1120.0 WILSON DR WEST_COVINA CA,WEST_COVINA
1382,249.0 CHERRY AVE MONROVIA CA,MONROVIA
1383,nan nan nan MONROVIA CA,MONROVIA
1384,nan nan nan BRADBURY CA,BRADBURY
1385,2012.0 CHESSON ST DUARTE CA,DUARTE
1386,1950.0 DELFORD AVE DUARTE CA,DUARTE
1387,4618.0 KENMORE AVE BALDWIN_PARK CA,BALDWIN_PARK
1388,4660.0 LA_RICA AVE BALDWIN_PARK CA,BALDWIN_PARK
1389,4673.0 MAXSON RD EL_MONTE CA,EL_MONTE
1390,11924.0 THE_WYE ST EL_MONTE CA,EL_MONTE
1391,1263.0 BIG_DALTON AVE LA_PUENTE CA,LA_PUENTE
1392,nan nan nan BALDWIN_PARK CA,BALDWIN_PARK
1393,13664.0 PRICHARD ST LA_PUENTE CA,LA_PUENTE
1394,423.0 PUENTE AVE LA_PUENTE CA,LA_PUENTE
1395,3425.0 GRANADA AVE EL_MONTE CA,EL_MONTE
1396,9920.0 DAINES DR TEMPLE_CITY CA,TEMPLE_CITY
1397,9265.0 RIO_DELL ST ROSEMEAD CA,ROSEMEAD
1398,1381.0 BENDER AVE GLENDORA CA,GLENDORA
1399,nan nan nan nan nan,nan
1400,nan nan nan CLAREMONT CA,CLAREMONT
1401,nan nan nan SAN_DIMAS CA,SAN_DIMAS
1402,nan nan nan nan nan,nan
1403,618.0 BIG_FALLS DR DIAMOND_BAR CA,DIAMOND_BAR
1404,17418.0 VILLA_PARK ST LA_PUENTE CA,LA_PUENTE
1405,16327.0 FAIRGROVE AVE LA_PUENTE CA,LA_PUENTE
1406,20958.0 NORTHAMPTON ST DIAMOND_BAR CA,DIAMOND_BAR
