,address,City
0,1256.0 PATRICIA AVE SIMI_VALLEY CA,SIMI_VALLEY
1,nan nan nan CAMARILLO CA,CAMARILLO
2,nan nan nan THOUSAND_OAKS CA,THOUSAND_OAKS
3,nan nan nan OXNARD CA,OXNARD
4,nan nan nan OXNARD CA,OXNARD
5,879.0 LOS_ANGELES AVE MOORPARK CA,MOORPARK
6,8.0 MARGARITA AVE CAMARILLO CA,CAMARILLO
7,nan nan nan LOCKWOOD CA,LOCKWOOD
8,nan nan nan LOCKWOOD CA,LOCKWOOD
9,95.0 HIGHLAND DR CAMARILLO CA,CAMARILLO
10,1110.0 CAMPANULA AVE VENTURA CA,VENTURA
11,1262.0 ALELIA ST VENTURA CA,VENTURA
12,5419.0 NORWAY DR VENTURA CA,VENTURA
13,nan nan nan OXNARD CA,OXNARD
14,nan nan nan CAMARILLO CA,CAMARILLO
15,300.0 PEBBLE_BEACH DR THOUSAND_OAKS CA,THOUSAND_OAKS
16,nan nan nan SANTA_PAULA CA,SANTA_PAULA
17,397.0 SALEM AVE OXNARD CA,OXNARD
18,1424.0 FIFTH ST OXNARD CA,OXNARD
19,1428.0 FIFTH ST OXNARD CA,OXNARD
20,nan nan nan THOUSAND_OAKS CA,THOUSAND_OAKS
21,1024.0 VIA_ONDULANDO nan VENTURA CA,VENTURA
22,199.0 MC_MILLAN AVE OXNARD CA,OXNARD
23,526.0 OJAI-SISAR-SILVER nan SANTA_PAULA CA,SANTA_PAULA
24,3390.0 DARBY_#443 nan SIMI_VALLEY CA,SIMI_VALLEY
25,nan nan nan SANTA_PAULA CA,SANTA_PAULA
26,nan nan nan THOUSAND_OAKS CA,THOUSAND_OAKS
27,nan nan nan THOUSAND_OAKS CA,THOUSAND_OAKS
28,2860.0 CLEVELAND DR OXNARD CA,OXNARD
29,nan nan nan OAK_PARK CA,OAK_PARK
30,nan nan nan SANTA_PAULA CA,SANTA_PAULA
31,1842.0 SONATA DR OXNARD CA,OXNARD
32,735.0 E ST OXNARD CA,OXNARD
33,1032.0 KING ST OXNARD CA,OXNARD
34,433.0 ELM ST OXNARD CA,OXNARD
35,nan nan nan PIRU CA,PIRU
36,1030.0 CHEYENNE WAY OXNARD CA,OXNARD
37,230.0 IMPERIAL ST OXNARD CA,OXNARD
38,321.0 FOREST_PARK BLVD OXNARD CA,OXNARD
39,525.0 OXNARD nan OXNARD CA,OXNARD
40,2429.0 FITZGERALD RD SIMI_VALLEY CA,SIMI_VALLEY
41,291.0 SEQUOIA CT THOUSAND_OAKS CA,THOUSAND_OAKS
42,975.0 TELEGRAPH RD SANTA_PAULA CA,SANTA_PAULA
43,2747.0 HILLCREST DR THOUSAND_OAKS CA,THOUSAND_OAKS
44,6001.0 ARCTURUS AVE OXNARD CA,OXNARD
45,168.0 CASNER WAY FILLMORE CA,FILLMORE
46,nan nan nan OXNARD CA,OXNARD
47,2050.0 CAVIN RD PIRU CA,PIRU
48,3461.0 ALMOND DR OXNARD CA,OXNARD
49,3140.0 SHERI DR SIMI_VALLEY CA,SIMI_VALLEY
50,672.0 AVE_DEL_PLATINO nan THOUSAND_OAKS CA,THOUSAND_OAKS
51,nan nan nan THOUSAND_OAKS CA,THOUSAND_OAKS
52,nan nan nan THOUSAND_OAKS CA,THOUSAND_OAKS
53,nan nan nan THOUSAND_OAKS CA,THOUSAND_OAKS
54,4166.0 LAREDO LN SIMI_VALLEY CA,SIMI_VALLEY
55,5698.0 LOS_ANGELES AVE SIMI_VALLEY CA,SIMI_VALLEY
56,895.0 VIA_ONDULANDO nan VENTURA CA,VENTURA
57,2643.0 SEXTANT AVE PORT_HUENEME CA,PORT_HUENEME
58,634.0 BOULDER ST FILLMORE CA,FILLMORE
59,3530.0 AUSTIN ST SIMI_VALLEY CA,SIMI_VALLEY
60,nan nan nan THOUSAND_OAKS CA,THOUSAND_OAKS
61,nan nan nan THOUSAND_OAKS CA,THOUSAND_OAKS
62,3378.0 CORBY AVE CAMARILLO CA,CAMARILLO
63,1300.0 SARATOGA_112 AVE VENTURA CA,VENTURA
64,nan nan nan MALIBU CA,MALIBU
65,21593.0 MOUNTAIN RD SANTA_PAULA CA,SANTA_PAULA
66,299.0 WALNUT_CANYON RD MOORPARK CA,MOORPARK
67,nan nan nan CAMARILLO CA,CAMARILLO
68,nan nan nan VENTURA CA,VENTURA
69,nan nan nan VENTURA CA,VENTURA
70,502.0 FARGO ST THOUSAND_OAKS CA,THOUSAND_OAKS
71,646.0 VIA_LINDA nan THOUSAND_OAKS CA,THOUSAND_OAKS
72,529.0 SIMI nan SIMI_VALLEY CA,SIMI_VALLEY
73,529.0 SIMI nan SIMI_VALLEY CA,SIMI_VALLEY
74,nan nan nan OXNARD CA,OXNARD
75,416.0 CAMINO_DOS_PALOS nan THOUSAND_OAKS CA,THOUSAND_OAKS
76,nan nan nan MALIBU CA,MALIBU
77,nan nan nan VENTURA CA,VENTURA
78,8756.0 WELLINGTON ST VENTURA CA,VENTURA
79,145.0 OAK DR OJAI CA,OJAI
80,4222.0 VIA_ENCANTO nan THOUSAND_OAKS CA,THOUSAND_OAKS
81,nan nan nan THOUSAND_OAKS CA,THOUSAND_OAKS
82,1302.0 PALM DR OXNARD CA,OXNARD
83,nan nan nan LOCKWOOD CA,LOCKWOOD
84,nan nan nan SIMI_VALLEY CA,SIMI_VALLEY
85,nan nan nan FILLMORE CA,FILLMORE
86,824.0 PINETREE CIR THOUSAND_OAKS CA,THOUSAND_OAKS
87,nan nan nan FILLMORE CA,FILLMORE
88,nan nan nan FILLMORE CA,FILLMORE
89,nan nan nan MOORPARK CA,MOORPARK
90,2622.0 LA_PALOMA CIR THOUSAND_OAKS CA,THOUSAND_OAKS
91,1451.0 PORT DR OXNARD CA,OXNARD
92,nan nan nan VENTURA CA,VENTURA
93,nan nan nan THOUSAND_OAKS CA,THOUSAND_OAKS
94,354.0 BANNER AVE VENTURA CA,VENTURA
95,nan nan nan SIMI_VALLEY CA,SIMI_VALLEY
96,nan nan nan THOUSAND_OAKS CA,THOUSAND_OAKS
97,nan nan nan THOUSAND_OAKS CA,THOUSAND_OAKS
98,nan nan nan VENTURA CA,VENTURA
99,2914.0 PARKVIEW DR THOUSAND_OAKS CA,THOUSAND_OAKS
100,1625.0 URBANA LN OXNARD CA,OXNARD
101,nan nan nan SIMI_VALLEY CA,SIMI_VALLEY
102,nan nan nan SIMI_VALLEY CA,SIMI_VALLEY
103,707.0 SENECA ST VENTURA CA,VENTURA
104,nan nan nan OJAI CA,OJAI
105,256.0 MOULTRIE PL SANTA_PAULA CA,SANTA_PAULA
106,413.0 CANTERBURY WAY OXNARD CA,OXNARD
107,nan nan nan CAMARILLO CA,CAMARILLO
108,254.0 SEQUOIA CT THOUSAND_OAKS CA,THOUSAND_OAKS
109,nan nan nan SIMI_VALLEY CA,SIMI_VALLEY
110,nan nan nan SIMI_VALLEY CA,SIMI_VALLEY
111,nan nan nan SIMI_VALLEY CA,SIMI_VALLEY
112,nan nan nan SIMI_VALLEY CA,SIMI_VALLEY
113,nan nan nan VENTURA CA,VENTURA
114,nan nan nan VENTURA CA,VENTURA
115,nan nan nan OJAI CA,OJAI
116,nan nan nan OJAI CA,OJAI
117,nan nan nan RINCON CA,RINCON
118,1117.0 SUNSET PL OJAI CA,OJAI
119,nan nan nan CAMARILLO CA,CAMARILLO
120,nan nan nan CAMARILLO CA,CAMARILLO
121,nan nan nan LOCKWOOD CA,LOCKWOOD
122,54.0 CALETA DR CAMARILLO CA,CAMARILLO
123,10467.0 CORVALLIS CT VENTURA CA,VENTURA
124,455.0 EMMA AVE VENTURA CA,VENTURA
125,1501.0 SUSAN DR THOUSAND_OAKS CA,THOUSAND_OAKS
126,nan nan nan SIMI_VALLEY CA,SIMI_VALLEY
127,3969.0 CENTER ST PIRU CA,PIRU
128,3969.0 CENTER ST PIRU CA,PIRU
129,2234.0 WINIFRED ST SIMI_VALLEY CA,SIMI_VALLEY
130,975.0 TELEGRAPH RD SANTA_PAULA CA,SANTA_PAULA
131,223.0 THIRD ST FILLMORE CA,FILLMORE
132,nan nan nan LOCKWOOD CA,LOCKWOOD
133,nan nan nan nan CA,nan
134,817.0 VIA_LORENTE nan CAMARILLO CA,CAMARILLO
135,3628.0 MONTE_CARLO DR OXNARD CA,OXNARD
136,nan nan nan PIRU CA,PIRU
137,2858.0 APPALACHIAN CT WESTLAKE CA,WESTLAKE
138,66.0 SAN_CLEMENTE ST VENTURA CA,VENTURA
139,nan nan nan OXNARD CA,OXNARD
140,842.0 WOOLEY RD OXNARD CA,OXNARD
141,834.0 WOOLEY RD OXNARD CA,OXNARD
142,1003.0 CORTE_PRIMAVERA nan OXNARD CA,OXNARD
143,167.0 LEAR CIR THOUSAND_OAKS CA,THOUSAND_OAKS
144,nan nan nan OJAI CA,OJAI
145,400.0 GIBRALTAR ST OXNARD CA,OXNARD
146,50.0 MAEGAN_7 PL THOUSAND_OAKS CA,THOUSAND_OAKS
147,1033.0 BROADBECK DR THOUSAND_OAKS CA,THOUSAND_OAKS
148,nan nan nan SIMI_VALLEY CA,SIMI_VALLEY
149,3771.0 NYELAND AVE OXNARD CA,OXNARD
150,nan nan nan OJAI CA,OJAI
151,11445.0 VIOLETA ST VENTURA CA,VENTURA
152,220.0 ERBES RD THOUSAND_OAKS CA,THOUSAND_OAKS
153,nan nan nan MOORPARK CA,MOORPARK
154,505.0 HARVARD BLVD SANTA_PAULA CA,SANTA_PAULA
155,831.0 SEVENTH ST OXNARD CA,OXNARD
156,1975.0 ROYAL AVE SIMI_VALLEY CA,SIMI_VALLEY
157,1156.0 PATTERSON RD OXNARD CA,OXNARD
158,2130.0 BLACKBERRY CIR OXNARD CA,OXNARD
159,2032.0 SANTA_LUCIA AVE OXNARD CA,OXNARD
160,2358.0 TEMPLE AVE CAMARILLO CA,CAMARILLO
161,3741.0 HEADSAIL PL OXNARD CA,OXNARD
162,4691.0 CALLE_DESCANSO nan CAMARILLO CA,CAMARILLO
163,nan nan nan THOUSAND_OAKS CA,THOUSAND_OAKS
164,nan nan nan LOCKWOOD CA,LOCKWOOD
165,nan nan nan THOUSAND_OAKS CA,THOUSAND_OAKS
166,1400.0 HOLLY AVE OXNARD CA,OXNARD
167,1220.0 HIBISCUS ST OXNARD CA,OXNARD
168,1920.0 H ST OXNARD CA,OXNARD
169,nan nan nan SIMI_VALLEY CA,SIMI_VALLEY
170,1276.0 SEACLIFF_6 CT VENTURA CA,VENTURA
171,3849.0 PALOMA DR VENTURA CA,VENTURA
172,2990.0 GALVESTON DR SIMI_VALLEY CA,SIMI_VALLEY
173,nan nan nan CAMARILLO CA,CAMARILLO
174,1228.0 CALLE_YUCCA nan THOUSAND_OAKS CA,THOUSAND_OAKS
175,nan nan nan THOUSAND_OAKS CA,THOUSAND_OAKS
176,nan nan nan OJAI CA,OJAI
177,290.0 SEQUOIA CT THOUSAND_OAKS CA,THOUSAND_OAKS
178,nan nan nan SIMI_VALLEY CA,SIMI_VALLEY
179,nan nan nan LOCKWOOD CA,LOCKWOOD
180,2151.0 VANETTA ST OXNARD CA,OXNARD
181,110.0 GARFIELD AVE OXNARD CA,OXNARD
182,342.0 LAGUNA TRL SIMI_VALLEY CA,SIMI_VALLEY
183,2555.0 ELIZONDO AVE SIMI_VALLEY CA,SIMI_VALLEY
184,8866.0 OGDEN ST VENTURA CA,VENTURA
185,383.0 ARISTOTLE ST SIMI_VALLEY CA,SIMI_VALLEY
186,947.0 WALNUT_CANYON RD MOORPARK CA,MOORPARK
187,963.0 WALNUT_CANYON RD MOORPARK CA,MOORPARK
188,467.0 CORVETTE ST PORT_HUENEME CA,PORT_HUENEME
189,nan nan nan MALIBU CA,MALIBU
190,nan nan nan MALIBU CA,MALIBU
191,nan nan nan MALIBU CA,MALIBU
192,nan nan nan MALIBU CA,MALIBU
193,nan nan nan MALIBU CA,MALIBU
194,nan nan nan MALIBU CA,MALIBU
195,nan nan nan MALIBU CA,MALIBU
196,nan nan nan MALIBU CA,MALIBU
197,nan nan nan MALIBU CA,MALIBU
198,nan nan nan MALIBU CA,MALIBU
199,nan nan nan MALIBU CA,MALIBU
200,nan nan nan MALIBU CA,MALIBU
201,nan nan nan MALIBU CA,MALIBU
202,nan nan nan MALIBU CA,MALIBU
203,nan nan nan MALIBU CA,MALIBU
204,nan nan nan MALIBU CA,MALIBU
205,nan nan nan MALIBU CA,MALIBU
206,nan nan nan MALIBU CA,MALIBU
207,nan nan nan MALIBU CA,MALIBU
208,nan nan nan MALIBU CA,MALIBU
209,nan nan nan MALIBU CA,MALIBU
210,nan nan nan MALIBU CA,MALIBU
211,nan nan nan MALIBU CA,MALIBU
212,nan nan nan MALIBU CA,MALIBU
213,nan nan nan MALIBU CA,MALIBU
214,nan nan nan MALIBU CA,MALIBU
215,nan nan nan MALIBU CA,MALIBU
216,nan nan nan MALIBU CA,MALIBU
217,nan nan nan MALIBU CA,MALIBU
218,nan nan nan MALIBU CA,MALIBU
219,nan nan nan MALIBU CA,MALIBU
220,nan nan nan MALIBU CA,MALIBU
221,nan nan nan SIMI_VALLEY CA,SIMI_VALLEY
222,nan nan nan nan CA,nan
223,316.0 EL_CONEJO DR OJAI CA,OJAI
224,nan nan nan LOCKWOOD CA,LOCKWOOD
225,17317.0 LOCKWOOD_VALLEY RD LOCKWOOD CA,LOCKWOOD
226,617.0 CORTE_CASTANO nan CAMARILLO CA,CAMARILLO
227,nan nan nan OXNARD CA,OXNARD
228,nan nan nan PORT_HUENEME CA,PORT_HUENEME
229,nan nan nan MOORPARK CA,MOORPARK
230,nan nan nan LOCKWOOD CA,LOCKWOOD
231,698.0 VIA_COLINAS nan WESTLAKE CA,WESTLAKE
232,3221.0 LISBON LN OXNARD CA,OXNARD
233,nan nan nan SANTA_ROSA_VALLEY CA,SANTA_ROSA_VALLEY
234,1920.0 SUNTREE_B LN SIMI_VALLEY CA,SIMI_VALLEY
235,3353.0 PEMBRIDGE ST THOUSAND_OAKS CA,THOUSAND_OAKS
236,71.0 CALETA DR CAMARILLO CA,CAMARILLO
237,1206.0 M ST OXNARD CA,OXNARD
238,2420.0 CHANDLER_5 AVE SIMI_VALLEY CA,SIMI_VALLEY
239,3624.0 PIER_WALK nan OXNARD CA,OXNARD
240,nan nan nan SANTA_PAULA CA,SANTA_PAULA
241,6368.0 HUNTER ST VENTURA CA,VENTURA
242,285.0 VENTURA AVE VENTURA CA,VENTURA
243,nan nan nan LOCKWOOD CA,LOCKWOOD
244,nan nan nan PIRU CA,PIRU
245,nan nan nan SIMI_VALLEY CA,SIMI_VALLEY
246,nan nan nan SIMI_VALLEY CA,SIMI_VALLEY
247,1742.0 SINALOA_#330 nan SIMI_VALLEY CA,SIMI_VALLEY
248,nan nan nan FILLMORE_NORTH CA,FILLMORE_NORTH
249,nan nan nan FILLMORE_NORTH CA,FILLMORE_NORTH
250,nan nan nan PIRU CA,PIRU
251,nan nan nan SIMI_VALLEY CA,SIMI_VALLEY
252,nan nan nan SIMI_VALLEY CA,SIMI_VALLEY
253,224.0 GRANT AVE OXNARD CA,OXNARD
254,1108.0 LANDSBURN CIR WESTLAKE CA,WESTLAKE
255,509.0 TEMESCAL ST PIRU CA,PIRU
256,nan nan nan FILLMORE CA,FILLMORE
257,3387.0 TAPO_CYN RD SIMI_VALLEY CA,SIMI_VALLEY
258,1798.0 HANNAH CIR SIMI_VALLEY CA,SIMI_VALLEY
259,307.0 ANITA AVE OXNARD CA,OXNARD
260,2576.0 VICTORIA AVE PORT_HUENEME CA,PORT_HUENEME
261,233.0 IRIS ST OXNARD CA,OXNARD
262,nan nan nan MALIBU CA,MALIBU
263,nan nan nan SIMI_VALLEY CA,SIMI_VALLEY
264,nan nan nan OXNARD CA,OXNARD
265,5130.0 WOOLEY_2 RD OXNARD CA,OXNARD
266,1611.0 CALLE_ARTIGAS nan THOUSAND_OAKS CA,THOUSAND_OAKS
267,49.0 CHARLES ST MOORPARK CA,MOORPARK
268,nan nan nan LOCKWOOD CA,LOCKWOOD
269,nan nan nan SIMI_VALLEY CA,SIMI_VALLEY
270,nan nan nan SIMI_VALLEY CA,SIMI_VALLEY
271,nan nan nan FILLMORE_NORTH CA,FILLMORE_NORTH
272,nan nan nan MALIBU CA,MALIBU
273,nan nan nan FILLMORE CA,FILLMORE
274,2001.0 KEPLER DR OXNARD CA,OXNARD
275,576.0 BORCHARD DR VENTURA CA,VENTURA
276,nan nan nan SIMI_VALLEY CA,SIMI_VALLEY
277,1743.0 EMERALD_ISLE WAY OXNARD CA,OXNARD
278,510.0 SAN_CLEMENTE WAY CAMARILLO CA,CAMARILLO
279,nan nan nan THOUSAND_OAKS CA,THOUSAND_OAKS
280,4240.0 TIMBER_CANYON RD FILLMORE CA,FILLMORE
281,3500.0 TIMBER_CANYON RD FILLMORE CA,FILLMORE
282,1953.0 WHITEHALL CT SIMI_VALLEY CA,SIMI_VALLEY
283,2282.0 TRINWAY AVE SIMI_VALLEY CA,SIMI_VALLEY
284,nan nan nan SIMI_VALLEY CA,SIMI_VALLEY
285,646.0 LEMON WAY FILLMORE CA,FILLMORE
286,118.0 E ST OXNARD CA,OXNARD
287,2670.0 CALLE_BIENVENIDO nan THOUSAND_OAKS CA,THOUSAND_OAKS
288,162.0 HOUSTON DR THOUSAND_OAKS CA,THOUSAND_OAKS
289,nan nan nan THOUSAND_OAKS CA,THOUSAND_OAKS
290,nan nan nan LOCKWOOD CA,LOCKWOOD
291,nan nan nan LOCKWOOD CA,LOCKWOOD
292,nan nan nan LOCKWOOD CA,LOCKWOOD
293,nan nan nan LOCKWOOD CA,LOCKWOOD
294,nan nan nan LOCKWOOD CA,LOCKWOOD
295,nan nan nan LOCKWOOD CA,LOCKWOOD
296,nan nan nan LOCKWOOD CA,LOCKWOOD
297,nan nan nan LOCKWOOD CA,LOCKWOOD
298,nan nan nan LOCKWOOD CA,LOCKWOOD
299,nan nan nan LOCKWOOD CA,LOCKWOOD
300,nan nan nan LOCKWOOD CA,LOCKWOOD
301,nan nan nan LOCKWOOD CA,LOCKWOOD
302,nan nan nan LOCKWOOD CA,LOCKWOOD
303,nan nan nan LOCKWOOD CA,LOCKWOOD
304,nan nan nan LOCKWOOD CA,LOCKWOOD
305,nan nan nan LOCKWOOD CA,LOCKWOOD
306,32470.0 JUNIPER ST LOCKWOOD CA,LOCKWOOD
307,nan nan nan SIMI_VALLEY CA,SIMI_VALLEY
308,nan nan nan SIMI_VALLEY CA,SIMI_VALLEY
309,1913.0 CROWNE_OAK LN SIMI_VALLEY CA,SIMI_VALLEY
310,nan nan nan SIMI_VALLEY CA,SIMI_VALLEY
311,nan nan nan SIMI_VALLEY CA,SIMI_VALLEY
312,nan nan nan SIMI_VALLEY CA,SIMI_VALLEY
313,nan nan nan SIMI_VALLEY CA,SIMI_VALLEY
314,nan nan nan SIMI_VALLEY CA,SIMI_VALLEY
315,nan nan nan SIMI_VALLEY CA,SIMI_VALLEY
316,nan nan nan SIMI_VALLEY CA,SIMI_VALLEY
317,nan nan nan SIMI_VALLEY CA,SIMI_VALLEY
318,nan nan nan SIMI_VALLEY CA,SIMI_VALLEY
319,nan nan nan SIMI_VALLEY CA,SIMI_VALLEY
320,nan nan nan SIMI_VALLEY CA,SIMI_VALLEY
321,nan nan nan SIMI_VALLEY CA,SIMI_VALLEY
322,nan nan nan SIMI_VALLEY CA,SIMI_VALLEY
323,nan nan nan SIMI_VALLEY CA,SIMI_VALLEY
324,nan nan nan SIMI_VALLEY CA,SIMI_VALLEY
325,nan nan nan SIMI_VALLEY CA,SIMI_VALLEY
326,nan nan nan SIMI_VALLEY CA,SIMI_VALLEY
327,nan nan nan SIMI_VALLEY CA,SIMI_VALLEY
328,nan nan nan SIMI_VALLEY CA,SIMI_VALLEY
329,nan nan nan SIMI_VALLEY CA,SIMI_VALLEY
330,nan nan nan SIMI_VALLEY CA,SIMI_VALLEY
331,nan nan nan SIMI_VALLEY CA,SIMI_VALLEY
332,nan nan nan SIMI_VALLEY CA,SIMI_VALLEY
333,nan nan nan SIMI_VALLEY CA,SIMI_VALLEY
334,nan nan nan SIMI_VALLEY CA,SIMI_VALLEY
335,nan nan nan SIMI_VALLEY CA,SIMI_VALLEY
336,nan nan nan SIMI_VALLEY CA,SIMI_VALLEY
337,nan nan nan SIMI_VALLEY CA,SIMI_VALLEY
338,114.0 SIMPSON ST VENTURA CA,VENTURA
339,846.0 CALIFORNIA AVE SIMI_VALLEY CA,SIMI_VALLEY
340,263.0 MAPLE RD THOUSAND_OAKS CA,THOUSAND_OAKS
341,459.0 ANACAPA CIR THOUSAND_OAKS CA,THOUSAND_OAKS
342,28.0 CALLE_CATALUNA nan CAMARILLO CA,CAMARILLO
343,316.0 QUEENSBURY ST THOUSAND_OAKS CA,THOUSAND_OAKS
344,nan nan nan OJAI_NORTH CA,OJAI_NORTH
345,nan nan nan SIMI_VALLEY CA,SIMI_VALLEY
346,195.0 COURTYARD DR PORT_HUENEME CA,PORT_HUENEME
347,2790.0 SHERWIN AVE VENTURA CA,VENTURA
348,120.0 SIXTH ST OXNARD CA,OXNARD
349,nan nan nan OXNARD CA,OXNARD
350,700.0 ELM ST OXNARD CA,OXNARD
351,4830.0 BARNARD ST SIMI_VALLEY CA,SIMI_VALLEY
352,237.0 HUENEME RD PORT_HUENEME CA,PORT_HUENEME
353,nan nan nan OAK_PARK CA,OAK_PARK
354,900.0 CATAMARAN ST OXNARD CA,OXNARD
355,nan nan nan THOUSAND_OAKS CA,THOUSAND_OAKS
356,nan nan nan THOUSAND_OAKS CA,THOUSAND_OAKS
357,nan nan nan THOUSAND_OAKS CA,THOUSAND_OAKS
358,nan nan nan THOUSAND_OAKS CA,THOUSAND_OAKS
359,nan nan nan SIMI_VALLEY CA,SIMI_VALLEY
360,406.0 DELWOOD CT THOUSAND_OAKS CA,THOUSAND_OAKS
361,nan nan nan THOUSAND_OAKS CA,THOUSAND_OAKS
362,5805.0 OAK_BEND LN OAK_PARK CA,OAK_PARK
363,nan nan nan RINCON CA,RINCON
364,nan nan nan THOUSAND_OAKS CA,THOUSAND_OAKS
365,nan nan nan CAMARILLO CA,CAMARILLO
366,302.0 LEWIS ST VENTURA CA,VENTURA
367,288.0 BYRON ST VENTURA CA,VENTURA
368,nan nan nan SANTA_PAULA CA,SANTA_PAULA
369,3221.0 ALBANY DR OXNARD CA,OXNARD
370,1350.0 ORCHARD ST SANTA_PAULA CA,SANTA_PAULA
371,2641.0 J ST OXNARD CA,OXNARD
372,14484.0 BOY_SCOUT_CAMP RD OJAI CA,OJAI
373,2610.0 EXPLORER_COVE nan PORT_HUENEME CA,PORT_HUENEME
374,205.0 ACACIA RD THOUSAND_OAKS CA,THOUSAND_OAKS
375,1025.0 CACHUMA AVE VENTURA CA,VENTURA
376,nan nan nan VENTURA CA,VENTURA
377,nan nan nan VENTURA CA,VENTURA
378,14353.0 LOYOLA ST MOORPARK CA,MOORPARK
379,2480.0 CALLE_CITA nan CAMARILLO CA,CAMARILLO
380,1731.0 PATRICIA ST OXNARD CA,OXNARD
381,nan nan nan SIMI_VALLEY CA,SIMI_VALLEY
382,nan nan nan SIMI_VALLEY CA,SIMI_VALLEY
383,1108.0 TIVOLI LN SIMI_VALLEY CA,SIMI_VALLEY
384,nan nan nan FILLMORE CA,FILLMORE
385,nan nan nan OXNARD CA,OXNARD
386,nan nan nan THOUSAND_OAKS CA,THOUSAND_OAKS
387,nan nan nan THOUSAND_OAKS CA,THOUSAND_OAKS
388,nan nan nan THOUSAND_OAKS CA,THOUSAND_OAKS
389,6015.0 PEPPERTREE LN SIMI_VALLEY CA,SIMI_VALLEY
390,nan nan nan SIMI_VALLEY CA,SIMI_VALLEY
391,nan nan nan SIMI_VALLEY CA,SIMI_VALLEY
392,nan nan nan SIMI_VALLEY CA,SIMI_VALLEY
393,1308.0 CALLE_BONITA nan CAMARILLO CA,CAMARILLO
394,nan nan nan CAMARILLO CA,CAMARILLO
395,nan nan nan SIMI_VALLEY CA,SIMI_VALLEY
396,nan nan nan MOORPARK CA,MOORPARK
397,nan nan nan CAMARILLO CA,CAMARILLO
398,nan nan nan OXNARD CA,OXNARD
399,2627.0 HARTLAND CIR WESTLAKE CA,WESTLAKE
400,nan nan nan LOCKWOOD CA,LOCKWOOD
401,nan nan nan LOCKWOOD CA,LOCKWOOD
402,nan nan nan THOUSAND_OAKS CA,THOUSAND_OAKS
403,nan nan nan THOUSAND_OAKS CA,THOUSAND_OAKS
404,3004.0 ADIRONDACK CT WESTLAKE CA,WESTLAKE
405,nan nan nan SIMI_VALLEY CA,SIMI_VALLEY
406,747.0 WEAVER ST SIMI_VALLEY CA,SIMI_VALLEY
407,nan nan nan SIMI_VALLEY CA,SIMI_VALLEY
408,1220.0 JOHNSON_#12 DR VENTURA CA,VENTURA
409,2814.0 WOOLEY RD OXNARD CA,OXNARD
410,nan nan nan SIMI_VALLEY CA,SIMI_VALLEY
411,nan nan nan SIMI_VALLEY CA,SIMI_VALLEY
412,707.0 SENECA ST VENTURA CA,VENTURA
413,nan nan nan LOCKWOOD CA,LOCKWOOD
414,nan nan nan LOCKWOOD CA,LOCKWOOD
415,1920.0 H ST OXNARD CA,OXNARD
416,1951.0 O_NEILL PL OXNARD CA,OXNARD
417,nan nan nan SIMI_VALLEY CA,SIMI_VALLEY
418,1382.0 CALLE_PIMIENTO nan THOUSAND_OAKS CA,THOUSAND_OAKS
419,6542.0 TWIN_CIRCLE LN SIMI_VALLEY CA,SIMI_VALLEY
420,405.0 IRIS ST OXNARD CA,OXNARD
421,721.0 SYCAMORE DR PORT_HUENEME CA,PORT_HUENEME
422,nan nan nan THOUSAND_OAKS CA,THOUSAND_OAKS
423,nan nan nan THOUSAND_OAKS CA,THOUSAND_OAKS
424,nan nan nan THOUSAND_OAKS CA,THOUSAND_OAKS
425,nan nan nan THOUSAND_OAKS CA,THOUSAND_OAKS
426,nan nan nan THOUSAND_OAKS CA,THOUSAND_OAKS
427,nan nan nan THOUSAND_OAKS CA,THOUSAND_OAKS
428,nan nan nan THOUSAND_OAKS CA,THOUSAND_OAKS
429,nan nan nan THOUSAND_OAKS CA,THOUSAND_OAKS
430,nan nan nan THOUSAND_OAKS CA,THOUSAND_OAKS
431,nan nan nan THOUSAND_OAKS CA,THOUSAND_OAKS
432,nan nan nan THOUSAND_OAKS CA,THOUSAND_OAKS
433,nan nan nan THOUSAND_OAKS CA,THOUSAND_OAKS
434,885.0 HILLCREST DR THOUSAND_OAKS CA,THOUSAND_OAKS
435,120.0 ELEVENTH ST SANTA_PAULA CA,SANTA_PAULA
436,284.0 PASEO_SABANERO nan CAMARILLO CA,CAMARILLO
437,5258.0 MOHAVE DR SIMI_VALLEY CA,SIMI_VALLEY
438,nan nan nan VENTURA CA,VENTURA
439,nan nan nan OAK_PARK CA,OAK_PARK
440,nan nan nan THOUSAND_OAKS CA,THOUSAND_OAKS
441,84.0 CATALINA DR OJAI CA,OJAI
442,nan nan nan RINCON CA,RINCON
443,nan nan nan RINCON CA,RINCON
444,4421.0 COSTA_DE_ORO nan OXNARD CA,OXNARD
445,10622.0 ALMOND AVE OJAI CA,OJAI
446,3704.0 BOSTON DR OXNARD CA,OXNARD
447,nan nan nan LOCKWOOD CA,LOCKWOOD
448,311.0 HAIGH RD MOORPARK CA,MOORPARK
449,311.0 HAIGH RD MOORPARK CA,MOORPARK
450,311.0 HAIGH RD THOUSAND_OAKS CA,THOUSAND_OAKS
451,311.0 HAIGH RD MOORPARK CA,MOORPARK
452,311.0 HAIGH RD THOUSAND_OAKS CA,THOUSAND_OAKS
453,311.0 HAIGH RD MOORPARK CA,MOORPARK
454,nan nan nan LOCKWOOD CA,LOCKWOOD
455,nan nan nan LOCKWOOD CA,LOCKWOOD
456,nan nan nan LOCKWOOD CA,LOCKWOOD
457,nan nan nan LOCKWOOD CA,LOCKWOOD
458,nan nan nan LOCKWOOD CA,LOCKWOOD
459,nan nan nan LOCKWOOD CA,LOCKWOOD
460,nan nan nan LOCKWOOD CA,LOCKWOOD
461,nan nan nan LOCKWOOD CA,LOCKWOOD
462,nan nan nan LOCKWOOD CA,LOCKWOOD
463,nan nan nan LOCKWOOD CA,LOCKWOOD
464,nan nan nan LOCKWOOD CA,LOCKWOOD
465,nan nan nan LOCKWOOD CA,LOCKWOOD
466,nan nan nan LOCKWOOD CA,LOCKWOOD
467,nan nan nan LOCKWOOD CA,LOCKWOOD
468,nan nan nan LOCKWOOD CA,LOCKWOOD
469,nan nan nan LOCKWOOD CA,LOCKWOOD
470,nan nan nan LOCKWOOD CA,LOCKWOOD
471,nan nan nan LOCKWOOD CA,LOCKWOOD
472,nan nan nan LOCKWOOD CA,LOCKWOOD
473,nan nan nan LOCKWOOD CA,LOCKWOOD
474,nan nan nan LOCKWOOD CA,LOCKWOOD
475,nan nan nan LOCKWOOD CA,LOCKWOOD
476,nan nan nan LOCKWOOD CA,LOCKWOOD
477,nan nan nan LOCKWOOD CA,LOCKWOOD
478,nan nan nan LOCKWOOD CA,LOCKWOOD
479,nan nan nan LOCKWOOD CA,LOCKWOOD
480,nan nan nan LOCKWOOD CA,LOCKWOOD
481,nan nan nan LOCKWOOD CA,LOCKWOOD
482,nan nan nan LOCKWOOD CA,LOCKWOOD
483,nan nan nan LOCKWOOD CA,LOCKWOOD
484,nan nan nan LOCKWOOD CA,LOCKWOOD
485,nan nan nan LOCKWOOD CA,LOCKWOOD
486,nan nan nan LOCKWOOD CA,LOCKWOOD
487,nan nan nan LOCKWOOD CA,LOCKWOOD
488,nan nan nan LOCKWOOD CA,LOCKWOOD
489,nan nan nan LOCKWOOD CA,LOCKWOOD
490,nan nan nan LOCKWOOD CA,LOCKWOOD
491,nan nan nan LOCKWOOD CA,LOCKWOOD
492,nan nan nan LOCKWOOD CA,LOCKWOOD
493,nan nan nan LOCKWOOD CA,LOCKWOOD
494,nan nan nan LOCKWOOD CA,LOCKWOOD
495,nan nan nan LOCKWOOD CA,LOCKWOOD
496,nan nan nan LOCKWOOD CA,LOCKWOOD
497,nan nan nan LOCKWOOD CA,LOCKWOOD
498,nan nan nan LOCKWOOD CA,LOCKWOOD
499,nan nan nan LOCKWOOD CA,LOCKWOOD
500,nan nan nan LOCKWOOD CA,LOCKWOOD
501,nan nan nan LOCKWOOD CA,LOCKWOOD
502,nan nan nan LOCKWOOD CA,LOCKWOOD
503,nan nan nan LOCKWOOD CA,LOCKWOOD
504,nan nan nan LOCKWOOD CA,LOCKWOOD
505,nan nan nan LOCKWOOD CA,LOCKWOOD
506,nan nan nan LOCKWOOD CA,LOCKWOOD
507,nan nan nan LOCKWOOD CA,LOCKWOOD
508,nan nan nan LOCKWOOD CA,LOCKWOOD
509,nan nan nan LOCKWOOD CA,LOCKWOOD
510,nan nan nan LOCKWOOD CA,LOCKWOOD
511,nan nan nan LOCKWOOD CA,LOCKWOOD
512,nan nan nan LOCKWOOD CA,LOCKWOOD
513,nan nan nan SIMI_VALLEY CA,SIMI_VALLEY
514,nan nan nan SIMI_VALLEY CA,SIMI_VALLEY
515,nan nan nan SIMI_VALLEY CA,SIMI_VALLEY
516,nan nan nan OZENA CA,OZENA
517,nan nan nan THOUSAND_OAKS CA,THOUSAND_OAKS
518,nan nan nan THOUSAND_OAKS CA,THOUSAND_OAKS
519,1315.0 ELM ST OXNARD CA,OXNARD
520,nan nan nan THOUSAND_OAKS CA,THOUSAND_OAKS
521,618.0 FERNGLEN CIR FILLMORE CA,FILLMORE
522,680.0 VIA_VISTA nan THOUSAND_OAKS CA,THOUSAND_OAKS
523,nan nan nan OJAI_NORTH CA,OJAI_NORTH
524,nan nan nan nan CA,nan
525,nan nan nan nan CA,nan
526,5728.0 OAK_BEND LN OAK_PARK CA,OAK_PARK
527,1721.0 PEARL WAY OXNARD CA,OXNARD
528,10.0 STAGECOACH RD BELL_CANYON CA,BELL_CANYON
529,nan nan nan THOUSAND_OAKS CA,THOUSAND_OAKS
530,nan nan nan THOUSAND_OAKS CA,THOUSAND_OAKS
531,nan nan nan THOUSAND_OAKS CA,THOUSAND_OAKS
532,nan nan nan THOUSAND_OAKS CA,THOUSAND_OAKS
533,nan nan nan THOUSAND_OAKS CA,THOUSAND_OAKS
534,nan nan nan THOUSAND_OAKS CA,THOUSAND_OAKS
535,nan nan nan THOUSAND_OAKS CA,THOUSAND_OAKS
536,nan nan nan THOUSAND_OAKS CA,THOUSAND_OAKS
537,nan nan nan THOUSAND_OAKS CA,THOUSAND_OAKS
538,nan nan nan OJAI CA,OJAI
539,nan nan nan SIMI_VALLEY CA,SIMI_VALLEY
540,nan nan nan OJAI CA,OJAI
541,965.0 MAIN ST PIRU CA,PIRU
542,95.0 CENTER ST VENTURA CA,VENTURA
543,1880.0 MAIN ST VENTURA CA,VENTURA
544,4211.0 VIA_ENTRADA nan THOUSAND_OAKS CA,THOUSAND_OAKS
545,nan nan nan SIMI_VALLEY CA,SIMI_VALLEY
546,85.0 PARK AVE OJAI CA,OJAI
547,nan nan nan LOCKWOOD CA,LOCKWOOD
548,nan nan nan LOCKWOOD CA,LOCKWOOD
549,nan nan nan LOCKWOOD CA,LOCKWOOD
550,nan nan nan OXNARD CA,OXNARD
551,nan nan nan OXNARD CA,OXNARD
552,nan nan nan OXNARD CA,OXNARD
553,2601.0 VENTURA BLVD OXNARD CA,OXNARD
554,740.0 OXNARD BLVD OXNARD CA,OXNARD
555,nan nan nan OXNARD CA,OXNARD
556,nan nan nan SIMI_VALLEY CA,SIMI_VALLEY
557,nan nan nan SIMI_VALLEY CA,SIMI_VALLEY
558,nan nan nan SIMI_VALLEY CA,SIMI_VALLEY
559,nan nan nan SIMI_VALLEY CA,SIMI_VALLEY
560,nan nan nan SIMI_VALLEY CA,SIMI_VALLEY
561,nan nan nan SIMI_VALLEY CA,SIMI_VALLEY
562,nan nan nan SIMI_VALLEY CA,SIMI_VALLEY
563,nan nan nan SIMI_VALLEY CA,SIMI_VALLEY
564,nan nan nan SIMI_VALLEY CA,SIMI_VALLEY
565,nan nan nan SIMI_VALLEY CA,SIMI_VALLEY
566,nan nan nan SIMI_VALLEY CA,SIMI_VALLEY
567,nan nan nan SIMI_VALLEY CA,SIMI_VALLEY
568,nan nan nan SIMI_VALLEY CA,SIMI_VALLEY
569,nan nan nan SIMI_VALLEY CA,SIMI_VALLEY
570,nan nan nan SIMI_VALLEY CA,SIMI_VALLEY
571,nan nan nan SIMI_VALLEY CA,SIMI_VALLEY
572,nan nan nan SIMI_VALLEY CA,SIMI_VALLEY
573,nan nan nan SIMI_VALLEY CA,SIMI_VALLEY
574,nan nan nan SIMI_VALLEY CA,SIMI_VALLEY
575,1691.0 CALLE_DIAMONTE nan THOUSAND_OAKS CA,THOUSAND_OAKS
576,7072.0 MARMOTA ST VENTURA CA,VENTURA
577,404.0 LOMITA AVE OJAI CA,OJAI
578,nan nan nan OJAI CA,OJAI
579,1751.0 CHRISTINE AVE SIMI_VALLEY CA,SIMI_VALLEY
580,nan nan nan OJAI CA,OJAI
581,2004.0 CALLE_YUCCA nan THOUSAND_OAKS CA,THOUSAND_OAKS
582,2577.0 YARDARM AVE PORT_HUENEME CA,PORT_HUENEME
583,34.0 STAGECOACH RD BELL_CANYON CA,BELL_CANYON
584,14645.0 FRAZIER AVE LOCKWOOD CA,LOCKWOOD
585,nan nan nan LOCKWOOD CA,LOCKWOOD
586,nan nan nan OAK_PARK CA,OAK_PARK
587,nan nan nan OAK_PARK CA,OAK_PARK
588,1448.0 BLACKSTOCK AVE SIMI_VALLEY CA,SIMI_VALLEY
589,nan nan nan CAMARILLO CA,CAMARILLO
590,2561.0 BUGGY LN CAMARILLO CA,CAMARILLO
591,345.0 MANZANITA CT VENTURA CA,VENTURA
592,961.0 COLINA_VISTA nan VENTURA CA,VENTURA
593,2151.0 CALLE_LILA nan THOUSAND_OAKS CA,THOUSAND_OAKS
594,nan nan nan OJAI CA,OJAI
595,nan nan nan FILLMORE CA,FILLMORE
596,nan nan nan VENTURA_COUNTY CA,VENTURA_COUNTY
597,nan nan nan VENTURA_COUNTY CA,VENTURA_COUNTY
598,nan nan nan VENTURA_COUNTY CA,VENTURA_COUNTY
599,nan nan nan VENTURA_COUNTY CA,VENTURA_COUNTY
600,nan nan nan MALIBU CA,MALIBU
601,nan nan nan MALIBU CA,MALIBU
602,1676.0 SEVENTH PL PORT_HUENEME CA,PORT_HUENEME
603,752.0 SKYVIEW TRL VENTURA CA,VENTURA
604,nan nan nan LOCKWOOD CA,LOCKWOOD
605,nan nan nan THOUSAND_OAKS CA,THOUSAND_OAKS
606,nan nan nan THOUSAND_OAKS CA,THOUSAND_OAKS
607,nan nan nan SIMI_VALLEY CA,SIMI_VALLEY
608,nan nan nan SIMI_VALLEY CA,SIMI_VALLEY
609,nan nan nan SIMI_VALLEY CA,SIMI_VALLEY
610,nan nan nan SIMI_VALLEY CA,SIMI_VALLEY
611,2092.0 FERNWOOD CT SIMI_VALLEY CA,SIMI_VALLEY
612,4323.0 WOODGLEN DR MOORPARK CA,MOORPARK
613,4783.0 VIA_BENSA nan OAK_PARK CA,OAK_PARK
614,nan nan nan WESTLAKE_VILLAGE CA,WESTLAKE_VILLAGE
615,nan nan nan WESTLAKE_VILLAGE CA,WESTLAKE_VILLAGE
616,528.0 SHENANDOAH ST THOUSAND_OAKS CA,THOUSAND_OAKS
617,nan nan nan SIMI_VALLEY CA,SIMI_VALLEY
618,nan nan nan LOCKWOOD CA,LOCKWOOD
619,2634.0 NORTHBROOK DR OXNARD CA,OXNARD
620,3175.0 CAMINO_GRACIOSA nan THOUSAND_OAKS CA,THOUSAND_OAKS
621,nan nan nan SIMI_VALLEY CA,SIMI_VALLEY
622,nan nan nan SIMI_VALLEY CA,SIMI_VALLEY
623,nan nan nan MALIBU CA,MALIBU
624,nan nan nan MALIBU CA,MALIBU
625,1770.0 ORR AVE SIMI_VALLEY CA,SIMI_VALLEY
626,2539.0 MC_CREA RD THOUSAND_OAKS CA,THOUSAND_OAKS
627,980.0 LOGAN AVE VENTURA CA,VENTURA
628,nan nan nan CAMARILLO CA,CAMARILLO
629,28511.0 MARICOPA HWY LOCKWOOD CA,LOCKWOOD
630,257.0 FAIRVIEW RD THOUSAND_OAKS CA,THOUSAND_OAKS
631,nan nan nan THOUSAND_OAKS CA,THOUSAND_OAKS
632,613.0 AVE_DE_LA_PLATA nan THOUSAND_OAKS CA,THOUSAND_OAKS
633,2070.0 SWINDON AVE SIMI_VALLEY CA,SIMI_VALLEY
634,130.0 JULIAN ST OXNARD CA,OXNARD
635,nan nan nan LOCKWOOD CA,LOCKWOOD
636,760.0 MAIN ST PIRU CA,PIRU
637,3914.0 MARKET ST PIRU CA,PIRU
638,736.0 NOGALES AVE MOORPARK CA,MOORPARK
639,nan nan nan SIMI_VALLEY CA,SIMI_VALLEY
640,471.0 ROOSEVELT AVE OXNARD CA,OXNARD
641,nan nan nan FILLMORE CA,FILLMORE
642,14384.0 DARTMOUTH CIR MOORPARK CA,MOORPARK
643,3269.0 SYCAMORE ST OXNARD CA,OXNARD
644,805.0 SECOND ST FILLMORE CA,FILLMORE
645,nan nan nan nan CA,nan
646,4467.0 CALLE_ARGOLLA nan CAMARILLO CA,CAMARILLO
647,nan nan nan OXNARD CA,OXNARD
648,6613.0 POPPYVIEW DR OAK_PARK CA,OAK_PARK
649,nan nan nan FILLMORE CA,FILLMORE
650,nan nan nan FILLMORE CA,FILLMORE
651,nan nan nan CAMARILLO CA,CAMARILLO
652,529.0 SIMI nan SIMI_VALLEY CA,SIMI_VALLEY
653,nan nan nan THOUSAND_OAKS CA,THOUSAND_OAKS
654,nan nan nan THOUSAND_OAKS CA,THOUSAND_OAKS
655,250.0 WILSON AVE OXNARD CA,OXNARD
656,490.0 HELSAM AVE OXNARD CA,OXNARD
657,753.0 B ST FILLMORE CA,FILLMORE
658,661.0 COLINA_VISTA nan VENTURA CA,VENTURA
659,nan nan nan LOCKWOOD CA,LOCKWOOD
660,229.0 PADRE_JUAN AVE OJAI CA,OJAI
661,531.0 TIMBER_CANYON nan FILLMORE CA,FILLMORE
662,340.0 SANTA_BARBARA ST SANTA_PAULA CA,SANTA_PAULA
663,nan nan nan LOCKWOOD CA,LOCKWOOD
664,nan nan nan LOCKWOOD CA,LOCKWOOD
665,118.0 VIA_RICARDO nan THOUSAND_OAKS CA,THOUSAND_OAKS
666,221.0 SCOTT ST PORT_HUENEME CA,PORT_HUENEME
667,514.0 BANNISTER WAY SIMI_VALLEY CA,SIMI_VALLEY
668,768.0 CALLE_PLANO nan CAMARILLO CA,CAMARILLO
669,441.0 CHANNEL_ISLANDS BLVD OXNARD CA,OXNARD
670,701.0 HUNT CIR CAMARILLO CA,CAMARILLO
671,nan nan nan SIMI_VALLEY CA,SIMI_VALLEY
672,nan nan nan SIMI_VALLEY CA,SIMI_VALLEY
673,1773.0 AV_DE_LAS_FLORES nan THOUSAND_OAKS CA,THOUSAND_OAKS
674,nan nan nan SIMI_VALLEY CA,SIMI_VALLEY
675,1190.0 MAIN ST SANTA_PAULA CA,SANTA_PAULA
676,1206.0 WESTLAKE_D BLVD WESTLAKE CA,WESTLAKE
677,290.0 ENCINO DR OJAI CA,OJAI
678,nan nan nan SIMI_VALLEY CA,SIMI_VALLEY
679,nan nan nan SIMI_VALLEY CA,SIMI_VALLEY
680,475.0 ESCONDIDO CT CAMARILLO CA,CAMARILLO
681,nan nan nan SIMI_VALLEY CA,SIMI_VALLEY
682,1852.0 SANFORD ST OXNARD CA,OXNARD
683,nan nan nan THOUSAND_OAKS CA,THOUSAND_OAKS
684,nan nan nan THOUSAND_OAKS CA,THOUSAND_OAKS
685,nan nan nan LOCKWOOD CA,LOCKWOOD
686,nan nan nan LOCKWOOD CA,LOCKWOOD
687,nan nan nan THOUSAND_OAKS CA,THOUSAND_OAKS
688,nan nan nan THOUSAND_OAKS CA,THOUSAND_OAKS
689,505.0 ALISO ST OJAI CA,OJAI
690,nan nan nan OZENA CA,OZENA
691,992.0 TERRACINA DR SANTA_PAULA CA,SANTA_PAULA
692,nan nan nan MALIBU CA,MALIBU
693,nan nan nan MALIBU CA,MALIBU
694,nan nan nan MALIBU CA,MALIBU
695,962.0 REDWOOD ST OXNARD CA,OXNARD
696,1772.0 SINALOA_191 RD SIMI_VALLEY CA,SIMI_VALLEY
697,nan nan nan THOUSAND_OAKS CA,THOUSAND_OAKS
698,439.0 THIRTEENTH ST SANTA_PAULA CA,SANTA_PAULA
699,6841.0 SANTA_BARBARA AVE RINCON CA,RINCON
700,nan nan nan MALIBU CA,MALIBU
701,504.0 MONTGOMERY ST OJAI CA,OJAI
702,429.0 CAMINO_MANZANAS nan THOUSAND_OAKS CA,THOUSAND_OAKS
703,241.0 FRANKLIN LN VENTURA CA,VENTURA
704,nan nan nan SIMI_VALLEY CA,SIMI_VALLEY
705,357.0 RIVERPARK BLVD OXNARD CA,OXNARD
706,nan nan nan LOCKWOOD CA,LOCKWOOD
707,nan nan nan RINCON CA,RINCON
708,nan nan nan RINCON CA,RINCON
709,nan nan nan FILLMORE CA,FILLMORE
710,2180.0 PASEO_ELEGANTE nan OXNARD CA,OXNARD
711,nan nan nan OZENA CA,OZENA
712,nan nan nan LOCKWOOD CA,LOCKWOOD
713,nan nan nan LOCKWOOD CA,LOCKWOOD
714,nan nan nan LOCKWOOD CA,LOCKWOOD
715,nan nan nan LOCKWOOD CA,LOCKWOOD
716,nan nan nan LOCKWOOD CA,LOCKWOOD
717,nan nan nan VENTURA_COUNTY CA,VENTURA_COUNTY
718,nan nan nan SIMI_VALLEY CA,SIMI_VALLEY
719,nan nan nan SANTA_PAULA CA,SANTA_PAULA
720,nan nan nan SIMI_VALLEY CA,SIMI_VALLEY
721,2848.0 BAYSHORE AVE VENTURA CA,VENTURA
722,1411.0 JUNEWOOD WAY OXNARD CA,OXNARD
723,2061.0 PASEO_NOCHE nan CAMARILLO CA,CAMARILLO
724,nan nan nan VENTURA CA,VENTURA
725,6627.0 SASPARILLA ST SIMI_VALLEY CA,SIMI_VALLEY
726,185.0 CAMERON ST SANTA_PAULA CA,SANTA_PAULA
727,nan nan nan SIMI_VALLEY CA,SIMI_VALLEY
728,nan nan nan VENTURA CA,VENTURA
729,nan nan nan OJAI CA,OJAI
730,nan nan nan THOUSAND_OAKS CA,THOUSAND_OAKS
731,nan nan nan OAK_PARK CA,OAK_PARK
732,nan nan nan VENTURA_COUNTY CA,VENTURA_COUNTY
733,nan nan nan OAK_PARK CA,OAK_PARK
734,nan nan nan OAK_PARK CA,OAK_PARK
735,nan nan nan RINCON CA,RINCON
736,3466.0 KIMBER DR THOUSAND_OAKS CA,THOUSAND_OAKS
737,3135.0 GERONIMO DR OXNARD CA,OXNARD
738,nan nan nan SIMI_VALLEY CA,SIMI_VALLEY
739,1350.0 CAMINO_CRISTOBAL nan THOUSAND_OAKS CA,THOUSAND_OAKS
740,nan nan nan FILLMORE CA,FILLMORE
741,1459.0 CALLE_LA_CUMBRE nan CAMARILLO CA,CAMARILLO
742,302.0 MC_FARLANE DR VENTURA CA,VENTURA
743,13818.0 STAGECOACH TRL MOORPARK CA,MOORPARK
744,nan nan nan OXNARD CA,OXNARD
745,nan nan nan OXNARD CA,OXNARD
746,1237.0 COMMERCIAL AVE OXNARD CA,OXNARD
747,nan nan nan nan CA,nan
748,nan nan nan SANTA_PAULA CA,SANTA_PAULA
749,nan nan nan SIMI_VALLEY CA,SIMI_VALLEY
750,nan nan nan FILLMORE CA,FILLMORE
751,nan nan nan FILLMORE CA,FILLMORE
752,751.0 WOOLEY RD OXNARD CA,OXNARD
753,nan nan nan OXNARD CA,OXNARD
754,nan nan nan VENTURA CA,VENTURA
755,nan nan nan SIMI_VALLEY CA,SIMI_VALLEY
756,983.0 HAWTHORNE LN VENTURA CA,VENTURA
757,628.0 CENTRAL AVE FILLMORE CA,FILLMORE
758,nan nan nan MOORPARK CA,MOORPARK
759,nan nan nan OJAI_NORTH CA,OJAI_NORTH
760,5593.0 BRYN_MAWR ST VENTURA CA,VENTURA
761,nan nan nan THOUSAND_OAKS CA,THOUSAND_OAKS
762,nan nan nan OXNARD CA,OXNARD
763,295.0 CALLE_CONVERSE nan CAMARILLO CA,CAMARILLO
764,4249.0 CENTER ST PIRU CA,PIRU
765,17.0 KELLY RD THOUSAND_OAKS CA,THOUSAND_OAKS
766,1259.0 CEDAR ST OXNARD CA,OXNARD
767,nan nan nan OJAI CA,OJAI
768,nan nan nan SIMI_VALLEY CA,SIMI_VALLEY
769,nan nan nan THOUSAND_OAKS CA,THOUSAND_OAKS
770,1239.0 MISSION_VERDE DR CAMARILLO CA,CAMARILLO
771,nan nan nan CAMARILLO CA,CAMARILLO
772,nan nan nan SIMI_VALLEY CA,SIMI_VALLEY
773,16.0 ISABEL AVE CAMARILLO CA,CAMARILLO
774,nan nan nan OZENA CA,OZENA
775,1401.0 RIALTO ST OXNARD CA,OXNARD
776,200.0 ROBERT AVE OXNARD CA,OXNARD
777,4180.0 MINNECOTA DR THOUSAND_OAKS CA,THOUSAND_OAKS
778,315.0 BARRY DR VENTURA CA,VENTURA
779,304.0 VINEYARD AVE OXNARD CA,OXNARD
780,341.0 JULIAN ST OXNARD CA,OXNARD
781,823.0 MAIN ST PIRU CA,PIRU
782,nan nan nan THOUSAND_OAKS CA,THOUSAND_OAKS
783,nan nan nan VENTURA CA,VENTURA
784,nan nan nan VENTURA CA,VENTURA
785,nan nan nan VENTURA CA,VENTURA
786,6342.0 ALTA_VISTA_RIDGE RD SIMI_VALLEY CA,SIMI_VALLEY
787,104.0 PALM AVE SANTA_PAULA CA,SANTA_PAULA
788,2105.0 EMORY_#81 AVE SIMI_VALLEY CA,SIMI_VALLEY
789,379.0 SOUTHRIDGE DR OAK_PARK CA,OAK_PARK
790,2044.0 PATRICIA ST OXNARD CA,OXNARD
791,800.0 STAFFORD RD THOUSAND_OAKS CA,THOUSAND_OAKS
792,821.0 CYPRESS ST THOUSAND_OAKS CA,THOUSAND_OAKS
793,7007.0 BAKERSFIELD AVE RINCON CA,RINCON
794,1045.0 VIVIANA DR OXNARD CA,OXNARD
795,nan nan nan SIMI_VALLEY CA,SIMI_VALLEY
796,nan nan nan SIMI_VALLEY CA,SIMI_VALLEY
797,nan nan nan SIMI_VALLEY CA,SIMI_VALLEY
798,4501.0 CHANNEL_ISLANDS BLVD OXNARD CA,OXNARD
799,3439.0 GLEN_ABBEY LN OXNARD CA,OXNARD
800,4815.0 PARMA DR OAK_PARK CA,OAK_PARK
801,21.0 POINSETTIA_GARDENS DR VENTURA CA,VENTURA
802,nan nan nan THOUSAND_OAKS CA,THOUSAND_OAKS
803,1265.0 COMMERCIAL AVE OXNARD CA,OXNARD
804,1060.0 MAIN ST SANTA_PAULA CA,SANTA_PAULA
805,118.0 VENTURA ST SANTA_PAULA CA,SANTA_PAULA
806,1421.0 GOODENOUGH RD FILLMORE CA,FILLMORE
807,1726.0 BRIDGET AVE SIMI_VALLEY CA,SIMI_VALLEY
808,981.0 MAIN ST PIRU CA,PIRU
809,979.0 MAIN ST PIRU CA,PIRU
810,1121.0 BLUEBELL ST OXNARD CA,OXNARD
811,4586.0 SAVIERS RD OXNARD CA,OXNARD
812,nan nan nan VENTURA CA,VENTURA
813,nan nan nan OJAI CA,OJAI
814,nan nan nan OJAI CA,OJAI
815,nan nan nan OJAI CA,OJAI
816,nan nan nan OJAI CA,OJAI
817,nan nan nan OJAI CA,OJAI
818,nan nan nan OXNARD CA,OXNARD
819,5212.0 JEFFERSON SQ OXNARD CA,OXNARD
820,6119.0 LOMA_VISTA RD VENTURA CA,VENTURA
821,1269.0 BRYCE WAY VENTURA CA,VENTURA
822,2838.0 SHOREVIEW CT WESTLAKE CA,WESTLAKE
823,838.0 DANVERS CIR THOUSAND_OAKS CA,THOUSAND_OAKS
824,918.0 SUDARIO CT CAMARILLO CA,CAMARILLO
825,1300.0 SARATOGA_1504 AVE VENTURA CA,VENTURA
826,2361.0 BARRY ST CAMARILLO CA,CAMARILLO
827,nan nan nan RINCON CA,RINCON
828,521.0 RINCON nan VENTURA CA,VENTURA
829,521.0 RINCON-GORDA PT VENTURA_COUNTY CA,VENTURA_COUNTY
830,521.0 RINCON nan VENTURA CA,VENTURA
831,110.0 VIA_SANDRA nan THOUSAND_OAKS CA,THOUSAND_OAKS
832,514.0 PLEASANT AVE OJAI CA,OJAI
833,1531.0 SAVIERS RD OXNARD CA,OXNARD
834,11543.0 OAKCREST AVE OJAI CA,OJAI
835,2731.0 ERRINGER RD SIMI_VALLEY CA,SIMI_VALLEY
836,2288.0 ELIZABETH DR VENTURA CA,VENTURA
837,37.0 SAGE LN BELL_CANYON CA,BELL_CANYON
838,143.0 PADRE_JUAN AVE OJAI CA,OJAI
839,2283.0 NORTHPARK ST THOUSAND_OAKS CA,THOUSAND_OAKS
840,10444.0 SANTA_ANA RD VENTURA CA,VENTURA
841,2461.0 PINEWOOD PL SIMI_VALLEY CA,SIMI_VALLEY
842,127.0 GARCIA nan SANTA_PAULA CA,SANTA_PAULA
843,6059.0 FIESTA ST VENTURA CA,VENTURA
844,640.0 JANETWOOD DR OXNARD CA,OXNARD
845,766.0 CALLE_CONTENTO nan THOUSAND_OAKS CA,THOUSAND_OAKS
846,nan nan nan SIMI_VALLEY CA,SIMI_VALLEY
847,nan nan nan SIMI_VALLEY CA,SIMI_VALLEY
848,nan nan nan SIMI_VALLEY CA,SIMI_VALLEY
849,151.0 FEATHERSTONE ST OXNARD CA,OXNARD
850,51.0 WARNER ST VENTURA CA,VENTURA
851,328.0 CLAY ST FILLMORE CA,FILLMORE
852,543.0 C ST OXNARD CA,OXNARD
853,582.0 JOYCE DR PORT_HUENEME CA,PORT_HUENEME
854,713.0 BLAINE AVE FILLMORE CA,FILLMORE
855,284.0 CHARLES ST MOORPARK CA,MOORPARK
856,143.0 CHARLES ST MOORPARK CA,MOORPARK
857,3115.0 TANGLEWOOD CT THOUSAND_OAKS CA,THOUSAND_OAKS
858,nan nan nan SIMI_VALLEY CA,SIMI_VALLEY
859,17950.0 LOCKWOOD_OZENA TRL LOCKWOOD CA,LOCKWOOD
860,640.0 KINGSWOOD LN SIMI_VALLEY CA,SIMI_VALLEY
861,nan nan nan THOUSAND_OAKS CA,THOUSAND_OAKS
862,3341.0 PAULA ST OXNARD CA,OXNARD
863,1500.0 PINE ST OXNARD CA,OXNARD
864,752.0 BRIARCLIFF RD THOUSAND_OAKS CA,THOUSAND_OAKS
865,502.0 ANITA AVE OXNARD CA,OXNARD
866,630.0 DE_ANZA WAY OXNARD CA,OXNARD
867,1300.0 SARATOGA AVE VENTURA CA,VENTURA
868,702.0 FOREST_LOOP DR PORT_HUENEME CA,PORT_HUENEME
869,3042.0 G ST OXNARD CA,OXNARD
870,14617.0 YERBA_BUENA RD MALIBU CA,MALIBU
871,56.0 BELL_CANYON RD BELL_CANYON CA,BELL_CANYON
872,nan nan nan OXNARD CA,OXNARD
873,nan nan nan OXNARD CA,OXNARD
874,nan nan nan OXNARD CA,OXNARD
875,6120.0 PERKINS RD OXNARD CA,OXNARD
876,nan nan nan PIRU CA,PIRU
877,1052.0 SEAWARD AVE VENTURA CA,VENTURA
878,nan nan nan SANTA_PAULA CA,SANTA_PAULA
879,1229.0 DRAKE DR SIMI_VALLEY CA,SIMI_VALLEY
880,828.0 FOURTH ST OXNARD CA,OXNARD
881,nan nan nan SIMI_VALLEY CA,SIMI_VALLEY
882,2908.0 FLETCHER ST SIMI_VALLEY CA,SIMI_VALLEY
883,2201.0 BYRD DR OXNARD CA,OXNARD
884,210.0 HIGHLAND DR CAMARILLO CA,CAMARILLO
885,8692.0 NYE RD VENTURA CA,VENTURA
886,1032.0 FIRST ST FILLMORE CA,FILLMORE
887,308.0 ATMORE DR SANTA_PAULA CA,SANTA_PAULA
888,1112.0 VIA_LATINA DR CAMARILLO CA,CAMARILLO
889,326.0 ACACIA RD SANTA_PAULA CA,SANTA_PAULA
890,721.0 LA_CANADA AVE OXNARD CA,OXNARD
891,229.0 VENTURA RD PORT_HUENEME CA,PORT_HUENEME
892,13452.0 ANDALUSIA DR CAMARILLO CA,CAMARILLO
893,1105.0 COUNTRY_CLUB DR OJAI CA,OJAI
894,111.0 FIFTH ST OXNARD CA,OXNARD
895,nan nan nan SIMI_VALLEY CA,SIMI_VALLEY
896,nan nan nan SIMI_VALLEY CA,SIMI_VALLEY
897,nan nan nan SIMI_VALLEY CA,SIMI_VALLEY
898,127.0 SIXTH ST OXNARD CA,OXNARD
899,674.0 COUNTY_SQUARE DR VENTURA CA,VENTURA
900,821.0 IVYWOOD DR OXNARD CA,OXNARD
901,1698.0 SUTTER AVE SIMI_VALLEY CA,SIMI_VALLEY
902,2008.0 PLATO CT SIMI_VALLEY CA,SIMI_VALLEY
903,2259.0 WISTERIA ST SIMI_VALLEY CA,SIMI_VALLEY
904,1161.0 TRIUNFO_CANYON RD WESTLAKE CA,WESTLAKE
905,245.0 ACACIA RD THOUSAND_OAKS CA,THOUSAND_OAKS
906,2091.0 GRAND AVE FILLMORE CA,FILLMORE
907,361.0 FOOTHILL DR FILLMORE CA,FILLMORE
908,5365.0 HOLLY_RIDGE DR CAMARILLO CA,CAMARILLO
909,2639.0 HARTLAND CIR WESTLAKE CA,WESTLAKE
910,1000.0 MAIN ST SANTA_PAULA CA,SANTA_PAULA
911,1008.0 MAIN ST SANTA_PAULA CA,SANTA_PAULA
912,650.0 HARVARD BLVD SANTA_PAULA CA,SANTA_PAULA
913,958.0 MAIN ST SANTA_PAULA CA,SANTA_PAULA
914,nan nan nan SANTA_PAULA CA,SANTA_PAULA
915,nan nan nan SANTA_PAULA CA,SANTA_PAULA
916,nan nan nan CAMARILLO CA,CAMARILLO
917,1287.0 HIDDEN_RANCH DR SIMI_VALLEY CA,SIMI_VALLEY
918,551.0 QUAIL_OAKS DR OJAI CA,OJAI
919,nan nan nan OAK_PARK CA,OAK_PARK
920,nan nan nan OAK_PARK CA,OAK_PARK
921,nan nan nan OAK_PARK CA,OAK_PARK
922,nan nan nan OAK_PARK CA,OAK_PARK
923,nan nan nan OAK_PARK CA,OAK_PARK
924,nan nan nan OAK_PARK CA,OAK_PARK
925,nan nan nan OAK_PARK CA,OAK_PARK
926,nan nan nan OAK_PARK CA,OAK_PARK
927,nan nan nan OAK_PARK CA,OAK_PARK
928,nan nan nan OAK_PARK CA,OAK_PARK
929,306.0 ALISO ST OJAI CA,OJAI
930,626.0 CORNWALL DR OXNARD CA,OXNARD
931,2248.0 CHANDLER ST CAMARILLO CA,CAMARILLO
932,25.0 VERDE_VISTA DR THOUSAND_OAKS CA,THOUSAND_OAKS
933,nan nan nan SANTA_PAULA CA,SANTA_PAULA
934,14542.0 SHAWNEE ST MOORPARK CA,MOORPARK
935,132.0 AVENIDA_DE_LOS_ARBOLES nan THOUSAND_OAKS CA,THOUSAND_OAKS
936,1789.0 EMORY AVE SIMI_VALLEY CA,SIMI_VALLEY
937,6843.0 ZELZAH AVE RINCON CA,RINCON
938,1706.0 BALLARD ST SIMI_VALLEY CA,SIMI_VALLEY
939,2206.0 SYCAMORE DR SIMI_VALLEY CA,SIMI_VALLEY
940,2124.0 SYCAMORE DR SIMI_VALLEY CA,SIMI_VALLEY
941,2990.0 ROSETTE ST SIMI_VALLEY CA,SIMI_VALLEY
942,8.0 LA_PAZ CT SIMI_VALLEY CA,SIMI_VALLEY
943,1774.0 HAMILTON ST SIMI_VALLEY CA,SIMI_VALLEY
944,2380.0 BROWER ST SIMI_VALLEY CA,SIMI_VALLEY
945,6876.0 AUBURN CIR MOORPARK CA,MOORPARK
946,1911.0 GALWAY LN THOUSAND_OAKS CA,THOUSAND_OAKS
947,nan nan nan THOUSAND_OAKS CA,THOUSAND_OAKS
948,2383.0 SCOTER AVE VENTURA CA,VENTURA
949,179.0 COURTYARD DR PORT_HUENEME CA,PORT_HUENEME
950,3334.0 KEEL WAY OXNARD CA,OXNARD
951,5357.0 SURFRIDER WAY OXNARD CA,OXNARD
952,1037.0 VIRGINIA TRL SANTA_PAULA CA,SANTA_PAULA
953,203.0 ARISTOTLE ST SIMI_VALLEY CA,SIMI_VALLEY
954,159.0 SADDLEBOW RD BELL_CANYON CA,BELL_CANYON
955,2642.0 RESERVOIR DR SIMI_VALLEY CA,SIMI_VALLEY
956,2929.0 VENTURA BLVD OXNARD CA,OXNARD
957,550.0 CHIPPENDALE AVE SIMI_VALLEY CA,SIMI_VALLEY
958,1858.0 MARLOWE ST THOUSAND_OAKS CA,THOUSAND_OAKS
959,593.0 MINDENVALE CT SIMI_VALLEY CA,SIMI_VALLEY
960,532.0 VENTURA RD OXNARD CA,OXNARD
961,205.0 TIMBER RD THOUSAND_OAKS CA,THOUSAND_OAKS
962,3189.0 PEORIA AVE SIMI_VALLEY CA,SIMI_VALLEY
963,5790.0 FEARING ST SIMI_VALLEY CA,SIMI_VALLEY
964,2613.0 SEXTANT AVE PORT_HUENEME CA,PORT_HUENEME
965,930.0 LA_VUELTA PL SANTA_PAULA CA,SANTA_PAULA
966,4067.0 DEBORAH ST SIMI_VALLEY CA,SIMI_VALLEY
967,4190.0 EAGLE_FLIGHT DR SIMI_VALLEY CA,SIMI_VALLEY
968,nan nan nan THOUSAND_OAKS CA,THOUSAND_OAKS
969,nan nan nan OXNARD CA,OXNARD
970,300.0 HIGHLAND DR OXNARD CA,OXNARD
971,341.0 HIGHLAND DR OXNARD CA,OXNARD
972,nan nan nan OXNARD CA,OXNARD
973,1051.0 WALNUT_CANYON RD MOORPARK CA,MOORPARK
974,989.0 SANTA_FE ST FILLMORE CA,FILLMORE
975,110.0 OAK_VIEW AVE OJAI CA,OJAI
976,2706.0 TEXAS AVE SIMI_VALLEY CA,SIMI_VALLEY
977,254.0 ENCINAL AVE OJAI CA,OJAI
978,436.0 OLIVE ST VENTURA CA,VENTURA
979,219.0 BUNDREN ST OJAI CA,OJAI
980,1449.0 CALLE_DURAZNO nan THOUSAND_OAKS CA,THOUSAND_OAKS
981,4935.0 ISLAND_VIEW ST OXNARD CA,OXNARD
982,4787.0 WINDHAVEN DR WESTLAKE CA,WESTLAKE
983,1592.0 PARK AVE PORT_HUENEME CA,PORT_HUENEME
984,nan nan nan SIMI_VALLEY CA,SIMI_VALLEY
985,2295.0 CORDERO AVE SIMI_VALLEY CA,SIMI_VALLEY
986,309.0 B ST FILLMORE CA,FILLMORE
987,1906.0 RORY LN SIMI_VALLEY CA,SIMI_VALLEY
988,nan nan nan OJAI CA,OJAI
989,nan nan nan OJAI CA,OJAI
990,404.0 12TH ST SANTA_PAULA CA,SANTA_PAULA
991,900.0 JURYMAST DR OXNARD CA,OXNARD
992,2339.0 WORKMAN AVE SIMI_VALLEY CA,SIMI_VALLEY
993,352.0 MC_FADDEN AVE MOORPARK CA,MOORPARK
994,123.0 CALLE_LA_GUERRA CT CAMARILLO CA,CAMARILLO
995,40.0 BAHIA CIR SANTA_PAULA CA,SANTA_PAULA
996,1055.0 WALTHAM RD SIMI_VALLEY CA,SIMI_VALLEY
997,265.0 GLENWOOD AVE VENTURA CA,VENTURA
998,nan nan nan OXNARD CA,OXNARD
999,2486.0 PONDEROSA DR CAMARILLO CA,CAMARILLO
1000,2486.0 PONDEROSA DR CAMARILLO CA,CAMARILLO
1001,2486.0 PONDEROSA DR CAMARILLO CA,CAMARILLO
1002,1200.0 GONZALES RD OXNARD CA,OXNARD
1003,2150.0 GREENCASTLE WAY OXNARD CA,OXNARD
1004,2144.0 GREENCASTLE WAY OXNARD CA,OXNARD
1005,2486.0 PONDEROSA DR CAMARILLO CA,CAMARILLO
1006,6098.0 OAK_KNOLLS RD SIMI_VALLEY CA,SIMI_VALLEY
1007,1913.0 SPARKS CT SIMI_VALLEY CA,SIMI_VALLEY
1008,23.0 SIMPSON ST VENTURA CA,VENTURA
1009,nan nan nan THOUSAND_OAKS CA,THOUSAND_OAKS
1010,2531.0 SCOTT PL THOUSAND_OAKS CA,THOUSAND_OAKS
1011,2645.0 LA_PALOMA CIR THOUSAND_OAKS CA,THOUSAND_OAKS
1012,3217.0 VILLAGE_3 nan CAMARILLO CA,CAMARILLO
1013,522.0 EL_SOL DR OJAI CA,OJAI
1014,1024.0 DENVER PL OXNARD CA,OXNARD
1015,2224.0 TRINWAY AVE SIMI_VALLEY CA,SIMI_VALLEY
1016,9970.0 LAKEVISTA ST VENTURA CA,VENTURA
1017,1575.0 FOLKESTONE TRL WESTLAKE CA,WESTLAKE
1018,4460.0 LUBBOCK DR SIMI_VALLEY CA,SIMI_VALLEY
1019,nan nan nan LOCKWOOD CA,LOCKWOOD
1020,nan nan nan LOCKWOOD CA,LOCKWOOD
1021,nan nan nan VENTURA CA,VENTURA
1022,2465.0 ASCENDING_OAKS LN SIMI_VALLEY CA,SIMI_VALLEY
1023,2125.0 YOSEMITE AVE SIMI_VALLEY CA,SIMI_VALLEY
1024,2291.0 SOLANO DR CAMARILLO CA,CAMARILLO
1025,1300.0 SARATOGA_104 AVE VENTURA CA,VENTURA
1026,637.0 C ST OXNARD CA,OXNARD
1027,643.0 C ST OXNARD CA,OXNARD
1028,2844.0 VELARDE DR THOUSAND_OAKS CA,THOUSAND_OAKS
1029,nan nan nan OJAI CA,OJAI
1030,1282.0 FRASER ST OJAI CA,OJAI
1031,nan nan nan SIMI_VALLEY CA,SIMI_VALLEY
1032,nan nan nan VENTURA_COUNTY CA,VENTURA_COUNTY
1033,5269.0 PESTO WAY OAK_PARK CA,OAK_PARK
1034,3700.0 DEAN DR VENTURA CA,VENTURA
1035,4045.0 FRANCISCO PL OXNARD CA,OXNARD
1036,7892.0 BRANNAN ST VENTURA CA,VENTURA
1037,12142.0 ALISON DR CAMARILLO CA,CAMARILLO
1038,7095.0 BERGAMOT AVE MOORPARK CA,MOORPARK
1039,1725.0 OCEAN AVE VENTURA CA,VENTURA
1040,185.0 LEWIS ST VENTURA CA,VENTURA
1041,3132.0 ALICE DR THOUSAND_OAKS CA,THOUSAND_OAKS
1042,167.0 AV_DE_LAS_FLORES nan THOUSAND_OAKS CA,THOUSAND_OAKS
1043,4305.0 SAN_JUAN AVE OXNARD CA,OXNARD
1044,777.0 THOUSAND_OAKS BLVD THOUSAND_OAKS CA,THOUSAND_OAKS
1045,3963.0 PARRON ST CAMARILLO CA,CAMARILLO
1046,557.0 DE_VALLE nan PIRU CA,PIRU
1047,12410.0 SUNNYGLEN DR MOORPARK CA,MOORPARK
1048,755.0 POLARIS WAY PORT_HUENEME CA,PORT_HUENEME
1049,628.0 MOUNTAIN_VIEW ST FILLMORE CA,FILLMORE
1050,176.0 CARMEL_GREEN nan PORT_HUENEME CA,PORT_HUENEME
1051,9342.0 OJAI-SP RD OJAI CA,OJAI
1052,312.0 MATILIJA ST OJAI CA,OJAI
1053,nan nan nan SANTA_PAULA CA,SANTA_PAULA
1054,nan nan nan SANTA_PAULA CA,SANTA_PAULA
1055,nan nan nan SANTA_PAULA CA,SANTA_PAULA
1056,nan nan nan SANTA_PAULA CA,SANTA_PAULA
1057,nan nan nan SANTA_PAULA CA,SANTA_PAULA
1058,nan nan nan SANTA_PAULA CA,SANTA_PAULA
1059,nan nan nan SANTA_PAULA CA,SANTA_PAULA
1060,36.0 IRENA AVE CAMARILLO CA,CAMARILLO
1061,nan nan nan SIMI_VALLEY CA,SIMI_VALLEY
1062,527.0 RAMONA nan PIRU CA,PIRU
1063,536.0 GUIBERSON ST SANTA_PAULA CA,SANTA_PAULA
1064,925.0 HARVARD BLVD SANTA_PAULA CA,SANTA_PAULA
1065,nan nan nan OXNARD CA,OXNARD
1066,524.0 PACIFIC AVE OXNARD CA,OXNARD
1067,528.0 PACIFIC AVE OXNARD CA,OXNARD
1068,141.0 MOUNTAIN_VIEW ST OJAI CA,OJAI
1069,1082.0 PITTSFIELD LN VENTURA CA,VENTURA
1070,12123.0 MOUNTAIN_LION RD OJAI CA,OJAI
1071,nan nan nan SIMI_VALLEY CA,SIMI_VALLEY
1072,nan nan nan SIMI_VALLEY CA,SIMI_VALLEY
1073,nan nan nan SIMI_VALLEY CA,SIMI_VALLEY
1074,nan nan nan SIMI_VALLEY CA,SIMI_VALLEY
1075,2938.0 ALVARADO ST OXNARD CA,OXNARD
1076,3419.0 NYELAND AVE OXNARD CA,OXNARD
1077,1300.0 SARATOGA_1602 AVE VENTURA CA,VENTURA
1078,nan nan nan OJAI CA,OJAI
1079,nan nan nan SIMI_VALLEY CA,SIMI_VALLEY
1080,nan nan nan OJAI CA,OJAI
1081,2497.0 RIKKARD DR THOUSAND_OAKS CA,THOUSAND_OAKS
1082,16604.0 LOCKWOOD_VALLEY RD nan CA,nan
1083,842.0 PLEASANT_VALLEY RD PORT_HUENEME CA,PORT_HUENEME
1084,210.0 OJAI-SANTA_PAULA RD SANTA_PAULA CA,SANTA_PAULA
1085,nan nan nan SANTA_PAULA CA,SANTA_PAULA
1086,3705.0 DUFAU RD OXNARD CA,OXNARD
1087,3735.0 DUFAU RD OXNARD CA,OXNARD
1088,1520.0 MC_LOUGHLIN AVE OXNARD CA,OXNARD
1089,1820.0 MC_LOUGHLIN AVE OXNARD CA,OXNARD
1090,1801.0 DUNSMUIR CT OXNARD CA,OXNARD
1091,260.0 HIGHLAND DR OXNARD CA,OXNARD
1092,nan nan nan LOCKWOOD CA,LOCKWOOD
1093,32736.0 JUNIPER TRL LOCKWOOD CA,LOCKWOOD
1094,16571.0 CHUMASH TRL LOCKWOOD CA,LOCKWOOD
1095,nan nan nan VENTURA CA,VENTURA
1096,nan nan nan SIMI_VALLEY CA,SIMI_VALLEY
1097,4270.0 AVENIDA_PRADO nan THOUSAND_OAKS CA,THOUSAND_OAKS
1098,2001.0 CABOT PL OXNARD CA,OXNARD
1099,1300.0 SARATOGA_800 AVE VENTURA CA,VENTURA
1100,2649.0 TAPO ST SIMI_VALLEY CA,SIMI_VALLEY
1101,603.0 THIRTEENTH ST SANTA_PAULA CA,SANTA_PAULA
1102,131.0 MAIN ST FILLMORE CA,FILLMORE
1103,73.0 SOUTHERN_PACIFIC ST FILLMORE CA,FILLMORE
1104,nan nan nan THOUSAND_OAKS CA,THOUSAND_OAKS
1105,15004.0 VARSITY_E ST MOORPARK CA,MOORPARK
1106,7344.0 JACKSON ST VENTURA CA,VENTURA
1107,233.0 SMITH ST OXNARD CA,OXNARD
1108,nan nan nan SIMI_VALLEY CA,SIMI_VALLEY
1109,140.0 ROOSEVELT AVE OXNARD CA,OXNARD
1110,318.0 BLANCHARD AVE SANTA_PAULA CA,SANTA_PAULA
1111,4777.0 TARANTO WAY OAK_PARK CA,OAK_PARK
1112,9548.0 DENNIS WAY SIMI_VALLEY CA,SIMI_VALLEY
1113,153.0 DENNIS WAY SIMI_VALLEY CA,SIMI_VALLEY
1114,211.0 E ST OXNARD CA,OXNARD
1115,nan nan nan VENTURA CA,VENTURA
1116,952.0 BLAINE AVE FILLMORE CA,FILLMORE
1117,211.0 CLAY ST FILLMORE CA,FILLMORE
1118,210.0 CLAY ST FILLMORE CA,FILLMORE
1119,645.0 OXNARD BLVD OXNARD CA,OXNARD
1120,428.0 F ST OXNARD CA,OXNARD
1121,663.0 OXNARD BLVD OXNARD CA,OXNARD
1122,537.0 MARTINIQUE PL THOUSAND_OAKS CA,THOUSAND_OAKS
1123,1716.0 CHERRYHILL RD SANTA_PAULA CA,SANTA_PAULA
1124,nan nan nan VENTURA CA,VENTURA
1125,nan nan nan VENTURA CA,VENTURA
1126,nan nan nan VENTURA_COUNTY CA,VENTURA_COUNTY
1127,nan nan nan MOORPARK CA,MOORPARK
1128,nan nan nan MOORPARK CA,MOORPARK
1129,nan nan nan MOORPARK CA,MOORPARK
1130,nan nan nan MOORPARK CA,MOORPARK
1131,nan nan nan MOORPARK CA,MOORPARK
1132,1224.0 REDWOOD ST OXNARD CA,OXNARD
1133,394.0 HURST AVE VENTURA CA,VENTURA
1134,458.0 FERRIS DR SANTA_PAULA CA,SANTA_PAULA
1135,4251.0 NIMITZ DR OXNARD CA,OXNARD
1136,1056.0 HELSAM AVE OXNARD CA,OXNARD
1137,2632.0 BALBOA ST OXNARD CA,OXNARD
1138,2563.0 TILLER AVE PORT_HUENEME CA,PORT_HUENEME
1139,14445.0 AVENIDA_COLONIA nan MOORPARK CA,MOORPARK
1140,nan nan nan MOORPARK CA,MOORPARK
1141,222.0 ROYAL AVE SIMI_VALLEY CA,SIMI_VALLEY
1142,897.0 CALLE_CANON nan CAMARILLO CA,CAMARILLO
1143,2355.0 GLORYETTE ST SIMI_VALLEY CA,SIMI_VALLEY
1144,nan nan nan THOUSAND_OAKS CA,THOUSAND_OAKS
1145,712.0 MONTGOMERY ST OJAI CA,OJAI
1146,9420.0 TRAILS_END DR SIMI_VALLEY CA,SIMI_VALLEY
1147,nan nan nan SIMI_VALLEY CA,SIMI_VALLEY
1148,nan nan nan SIMI_VALLEY CA,SIMI_VALLEY
1149,nan nan nan SIMI_VALLEY CA,SIMI_VALLEY
1150,nan nan nan SIMI_VALLEY CA,SIMI_VALLEY
1151,nan nan nan SIMI_VALLEY CA,SIMI_VALLEY
1152,nan nan nan SIMI_VALLEY CA,SIMI_VALLEY
1153,nan nan nan SIMI_VALLEY CA,SIMI_VALLEY
1154,nan nan nan SIMI_VALLEY CA,SIMI_VALLEY
1155,nan nan nan SIMI_VALLEY CA,SIMI_VALLEY
1156,nan nan nan SIMI_VALLEY CA,SIMI_VALLEY
1157,nan nan nan SIMI_VALLEY CA,SIMI_VALLEY
1158,nan nan nan SIMI_VALLEY CA,SIMI_VALLEY
1159,nan nan nan SIMI_VALLEY CA,SIMI_VALLEY
1160,nan nan nan SIMI_VALLEY CA,SIMI_VALLEY
1161,nan nan nan SIMI_VALLEY CA,SIMI_VALLEY
1162,3905.0 TELEGRAPH RD PIRU CA,PIRU
1163,6612.0 OLD_BALCOM_CYN RD CAMARILLO CA,CAMARILLO
1164,nan nan nan OXNARD CA,OXNARD
1165,458.0 COUNTRY_CLUB DR SIMI_VALLEY CA,SIMI_VALLEY
1166,nan nan nan THOUSAND_OAKS CA,THOUSAND_OAKS
1167,25.0 PATHELEN AVE OJAI CA,OJAI
1168,nan nan nan SANTA_ROSA_VALLEY CA,SANTA_ROSA_VALLEY
1169,25.0 CREEK LN OJAI CA,OJAI
1170,1818.0 LA_GRANADA DR THOUSAND_OAKS CA,THOUSAND_OAKS
1171,nan nan nan SIMI_VALLEY CA,SIMI_VALLEY
1172,132.0 HOLLY DR CAMARILLO CA,CAMARILLO
1173,52.0 ELM DR CAMARILLO CA,CAMARILLO
1174,3866.0 ABBEY CT THOUSAND_OAKS CA,THOUSAND_OAKS
1175,1585.0 SANTA_YNEZ ST VENTURA CA,VENTURA
1176,237.0 CRESTVIEW AVE CAMARILLO CA,CAMARILLO
1177,nan nan nan LOCKWOOD CA,LOCKWOOD
1178,nan nan nan LOCKWOOD CA,LOCKWOOD
1179,62.0 MAEGAN PL THOUSAND_OAKS CA,THOUSAND_OAKS
1180,305.0 DOUGLAS AVE OXNARD CA,OXNARD
1181,5945.0 NELDA ST SIMI_VALLEY CA,SIMI_VALLEY
1182,nan nan nan MOORPARK CA,MOORPARK
1183,nan nan nan MOORPARK CA,MOORPARK
1184,7991.0 BALCOM_CANYON RD MOORPARK CA,MOORPARK
1185,nan nan nan FILLMORE CA,FILLMORE
1186,nan nan nan SIMI_VALLEY CA,SIMI_VALLEY
1187,229.0 SCOTT ST OXNARD CA,OXNARD
1188,1166.0 N ST OXNARD CA,OXNARD
1189,420.0 VENTURA AVE OJAI CA,OJAI
1190,nan nan nan OJAI CA,OJAI
1191,nan nan nan FILLMORE CA,FILLMORE
1192,13776.0 STAGECOACH TRL MOORPARK CA,MOORPARK
1193,74.0 DOONE ST THOUSAND_OAKS CA,THOUSAND_OAKS
1194,483.0 AV_DEL_RECREO nan OJAI CA,OJAI
1195,3533.0 SWEET_CLOVER ST THOUSAND_OAKS CA,THOUSAND_OAKS
1196,nan nan nan MALIBU CA,MALIBU
1197,nan nan nan MALIBU CA,MALIBU
1198,591.0 APPLETON RD SIMI_VALLEY CA,SIMI_VALLEY
1199,248.0 CAHUENGA DR OXNARD CA,OXNARD
1200,2800.0 HILL ST OXNARD CA,OXNARD
1201,3111.0 OARFISH LN OXNARD CA,OXNARD
1202,1901.0 VICTORIA AVE OXNARD CA,OXNARD
1203,nan nan nan PIRU CA,PIRU
1204,3910.0 SAN_SIMEON AVE OXNARD CA,OXNARD
1205,3378.0 HILLDALE AVE SIMI_VALLEY CA,SIMI_VALLEY
1206,1445.0 DONLON ST VENTURA CA,VENTURA
1207,1445.0 DONLON ST VENTURA CA,VENTURA
1208,1861.0 CRATER ST SIMI_VALLEY CA,SIMI_VALLEY
1209,8228.0 SULPHUR_MT RD OJAI CA,OJAI
1210,5012.0 BRADFIELD PL OXNARD CA,OXNARD
1211,1314.0 THORNCROFT CT WESTLAKE CA,WESTLAKE
1212,nan nan nan SIMI_VALLEY CA,SIMI_VALLEY
1213,nan nan nan SIMI_VALLEY CA,SIMI_VALLEY
1214,nan nan nan SIMI_VALLEY CA,SIMI_VALLEY
1215,nan nan nan SIMI_VALLEY CA,SIMI_VALLEY
1216,624.0 HAILEY CT SIMI_VALLEY CA,SIMI_VALLEY
1217,1148.0 MARIGOLD LN SANTA_PAULA CA,SANTA_PAULA
1218,6576.0 OAK_SPRINGS DR OAK_PARK CA,OAK_PARK
1219,nan nan nan nan CA,nan
1220,nan nan nan OJAI CA,OJAI
1221,nan nan nan THOUSAND_OAKS CA,THOUSAND_OAKS
1222,6278.0 PASEO_ENCANTADA nan CAMARILLO CA,CAMARILLO
1223,2000.0 CABOT PL OXNARD CA,OXNARD
1224,42.0 LEMON DR CAMARILLO CA,CAMARILLO
1225,468.0 ALIENTO WAY CAMARILLO CA,CAMARILLO
1226,nan nan nan LOCKWOOD CA,LOCKWOOD
1227,2541.0 MAIN ST VENTURA CA,VENTURA
1228,350.0 F ST OXNARD CA,OXNARD
1229,761.0 E ST OXNARD CA,OXNARD
1230,2366.0 FASLEY AVE SIMI_VALLEY CA,SIMI_VALLEY
1231,2235.0 KLAMATH DR CAMARILLO CA,CAMARILLO
1232,686.0 WALNUT ST MOORPARK CA,MOORPARK
1233,26140.0 VILLAGE_26 nan CAMARILLO CA,CAMARILLO
1234,nan nan nan THOUSAND_OAKS CA,THOUSAND_OAKS
1235,2767.0 DALENHURST PL SIMI_VALLEY CA,SIMI_VALLEY
1236,nan nan nan MOORPARK CA,MOORPARK
1237,125.0 GARFIELD AVE OXNARD CA,OXNARD
1238,nan nan nan THOUSAND_OAKS CA,THOUSAND_OAKS
1239,nan nan nan PIRU CA,PIRU
1240,891.0 MAIN ST PIRU CA,PIRU
1241,252.0 FRASER LN VENTURA CA,VENTURA
1242,2176.0 VENTURA AVE VENTURA CA,VENTURA
1243,589.0 CLEARWATER_CREEK DR THOUSAND_OAKS CA,THOUSAND_OAKS
1244,13367.0 BOY_SCOUT_CAMP RD LOCKWOOD CA,LOCKWOOD
1245,1313.0 OCEAN DR OXNARD CA,OXNARD
1246,4348.0 LOS_ANGELES AVE SIMI_VALLEY CA,SIMI_VALLEY
1247,932.0 WOOLEY RD OXNARD CA,OXNARD
