,address,City
0,8139 MATILIJA AVE LOS_ANGELES CA,LOS_ANGELES
1,1556 37TH PL LOS_ANGELES CA,LOS_ANGELES
2,3538 SIERRA ST LOS_ANGELES CA,LOS_ANGELES
3,2186 NEW_YORK DR ALTADENA CA,ALTADENA
4,9124 BUDLONG AVE LOS_ANGELES CA,LOS_ANGELES
5,10722 ANZAC AVE LOS_ANGELES CA,LOS_ANGELES
6,913 CLAUDE ST CARSON CA,CARSON
7,6218 CONANT ST LONG_BEACH CA,LONG_BEACH
8,654 19TH ST LOS_ANGELES CA,LOS_ANGELES
9,3721 PATTON AVE LOS_ANGELES CA,LOS_ANGELES
10,13138 MICHELLE CIR WHITTIER CA,WHITTIER
11,12027 EDDERTON AVE WHITTIER CA,WHITTIER
12,13664 PRICHARD ST LA_PUENTE CA,LA_PUENTE
13,9907 NADINE ST TEMPLE_CITY CA,TEMPLE_CITY
14,1240 PENNSYLVANIA AVE GLENDORA CA,GLENDORA
