,address,City
0,nan nan nan OZENA CA,OZENA
1,nan nan nan OZENA CA,OZENA
2,nan nan nan LOCKWOOD CA,LOCKWOOD
3,nan nan nan LOCKWOOD CA,LOCKWOOD
4,nan nan nan LOCKWOOD CA,LOCKWOOD
5,nan nan nan LOCKWOOD CA,LOCKWOOD
6,nan nan nan LOCKWOOD CA,LOCKWOOD
7,nan nan nan LOCKWOOD CA,LOCKWOOD
8,nan nan nan LOCKWOOD CA,LOCKWOOD
9,nan nan nan LOCKWOOD CA,LOCKWOOD
10,16604.0 LOCKWOOD_VALLEY RD nan CA,nan
11,nan nan nan LOCKWOOD CA,LOCKWOOD
12,nan nan nan LOCKWOOD CA,LOCKWOOD
13,nan nan nan LOCKWOOD CA,LOCKWOOD
14,nan nan nan LOCKWOOD CA,LOCKWOOD
15,nan nan nan LOCKWOOD CA,LOCKWOOD
16,nan nan nan LOCKWOOD CA,LOCKWOOD
17,nan nan nan LOCKWOOD CA,LOCKWOOD
18,nan nan nan LOCKWOOD CA,LOCKWOOD
19,nan nan nan LOCKWOOD CA,LOCKWOOD
20,nan nan nan LOCKWOOD CA,LOCKWOOD
21,nan nan nan LOCKWOOD CA,LOCKWOOD
22,nan nan nan LOCKWOOD CA,LOCKWOOD
23,nan nan nan LOCKWOOD CA,LOCKWOOD
24,nan nan nan LOCKWOOD CA,LOCKWOOD
25,nan nan nan LOCKWOOD CA,LOCKWOOD
26,nan nan nan LOCKWOOD CA,LOCKWOOD
27,nan nan nan LOCKWOOD CA,LOCKWOOD
28,nan nan nan LOCKWOOD CA,LOCKWOOD
29,nan nan nan LOCKWOOD CA,LOCKWOOD
30,nan nan nan LOCKWOOD CA,LOCKWOOD
31,nan nan nan LOCKWOOD CA,LOCKWOOD
32,nan nan nan LOCKWOOD CA,LOCKWOOD
33,nan nan nan LOCKWOOD CA,LOCKWOOD
34,nan nan nan LOCKWOOD CA,LOCKWOOD
35,nan nan nan LOCKWOOD CA,LOCKWOOD
36,nan nan nan LOCKWOOD CA,LOCKWOOD
37,nan nan nan LOCKWOOD CA,LOCKWOOD
38,nan nan nan LOCKWOOD CA,LOCKWOOD
39,nan nan nan LOCKWOOD CA,LOCKWOOD
40,nan nan nan LOCKWOOD CA,LOCKWOOD
41,nan nan nan LOCKWOOD CA,LOCKWOOD
42,nan nan nan LOCKWOOD CA,LOCKWOOD
43,nan nan nan LOCKWOOD CA,LOCKWOOD
44,nan nan nan LOCKWOOD CA,LOCKWOOD
45,nan nan nan LOCKWOOD CA,LOCKWOOD
46,nan nan nan LOCKWOOD CA,LOCKWOOD
47,nan nan nan LOCKWOOD CA,LOCKWOOD
48,nan nan nan LOCKWOOD CA,LOCKWOOD
49,nan nan nan LOCKWOOD CA,LOCKWOOD
50,nan nan nan LOCKWOOD CA,LOCKWOOD
51,nan nan nan LOCKWOOD CA,LOCKWOOD
52,nan nan nan LOCKWOOD CA,LOCKWOOD
53,nan nan nan LOCKWOOD CA,LOCKWOOD
54,nan nan nan LOCKWOOD CA,LOCKWOOD
55,nan nan nan LOCKWOOD CA,LOCKWOOD
56,nan nan nan LOCKWOOD CA,LOCKWOOD
57,nan nan nan LOCKWOOD CA,LOCKWOOD
58,nan nan nan LOCKWOOD CA,LOCKWOOD
59,nan nan nan LOCKWOOD CA,LOCKWOOD
60,nan nan nan LOCKWOOD CA,LOCKWOOD
61,nan nan nan LOCKWOOD CA,LOCKWOOD
62,nan nan nan LOCKWOOD CA,LOCKWOOD
63,nan nan nan LOCKWOOD CA,LOCKWOOD
64,nan nan nan LOCKWOOD CA,LOCKWOOD
65,nan nan nan LOCKWOOD CA,LOCKWOOD
66,nan nan nan LOCKWOOD CA,LOCKWOOD
67,nan nan nan LOCKWOOD CA,LOCKWOOD
68,nan nan nan LOCKWOOD CA,LOCKWOOD
69,nan nan nan LOCKWOOD CA,LOCKWOOD
70,nan nan nan LOCKWOOD CA,LOCKWOOD
71,nan nan nan LOCKWOOD CA,LOCKWOOD
72,nan nan nan nan CA,nan
73,nan nan nan LOCKWOOD CA,LOCKWOOD
74,nan nan nan LOCKWOOD CA,LOCKWOOD
75,nan nan nan LOCKWOOD CA,LOCKWOOD
76,nan nan nan FILLMORE_NORTH CA,FILLMORE_NORTH
77,nan nan nan RINCON CA,RINCON
78,nan nan nan VENTURA CA,VENTURA
79,nan nan nan VENTURA CA,VENTURA
80,nan nan nan RINCON CA,RINCON
81,nan nan nan RINCON CA,RINCON
82,nan nan nan OJAI CA,OJAI
83,504.0 MONTGOMERY ST OJAI CA,OJAI
84,464.0 BURNHAM RD OJAI CA,OJAI
85,nan nan nan OJAI CA,OJAI
86,nan nan nan FILLMORE CA,FILLMORE
87,nan nan nan FILLMORE CA,FILLMORE
88,nan nan nan FILLMORE CA,FILLMORE
89,nan nan nan FILLMORE CA,FILLMORE
90,nan nan nan FILLMORE CA,FILLMORE
91,nan nan nan FILLMORE CA,FILLMORE
92,805.0 SECOND ST FILLMORE CA,FILLMORE
93,568.0 KENSINGTON DR FILLMORE CA,FILLMORE
94,131.0 MAIN ST FILLMORE CA,FILLMORE
95,557.0 DE_VALLE nan PIRU CA,PIRU
96,nan nan nan PIRU CA,PIRU
97,4249.0 CENTER ST PIRU CA,PIRU
98,2050.0 CAVIN RD PIRU CA,PIRU
99,965.0 MAIN ST PIRU CA,PIRU
100,nan nan nan RINCON CA,RINCON
101,nan nan nan RINCON CA,RINCON
102,6843.0 ZELZAH AVE RINCON CA,RINCON
103,7963.0 SANTA_ANA RD VENTURA CA,VENTURA
104,nan nan nan VENTURA CA,VENTURA
105,1024.0 VIA_ONDULANDO nan VENTURA CA,VENTURA
106,114.0 SIMPSON ST VENTURA CA,VENTURA
107,1725.0 OCEAN AVE VENTURA CA,VENTURA
108,nan nan nan VENTURA CA,VENTURA
109,nan nan nan VENTURA CA,VENTURA
110,3700.0 DEAN DR VENTURA CA,VENTURA
111,5593.0 BRYN_MAWR ST VENTURA CA,VENTURA
112,288.0 BYRON ST VENTURA CA,VENTURA
113,674.0 COUNTY_SQUARE DR VENTURA CA,VENTURA
114,nan nan nan VENTURA CA,VENTURA
115,1025.0 CACHUMA AVE VENTURA CA,VENTURA
116,1110.0 CAMPANULA AVE VENTURA CA,VENTURA
117,1262.0 ALELIA ST VENTURA CA,VENTURA
118,nan nan nan SANTA_PAULA CA,SANTA_PAULA
119,521.0 THIRTEENTH ST SANTA_PAULA CA,SANTA_PAULA
120,536.0 GUIBERSON ST SANTA_PAULA CA,SANTA_PAULA
121,1502.0 ORCHARD ST SANTA_PAULA CA,SANTA_PAULA
122,nan nan nan SANTA_PAULA CA,SANTA_PAULA
123,nan nan nan SANTA_PAULA CA,SANTA_PAULA
124,nan nan nan VENTURA CA,VENTURA
125,nan nan nan VENTURA CA,VENTURA
126,321.0 FOREST_PARK BLVD OXNARD CA,OXNARD
127,1300.0 SARATOGA_800 AVE VENTURA CA,VENTURA
128,1300.0 SARATOGA AVE VENTURA CA,VENTURA
129,1300.0 SARATOGA_112 AVE VENTURA CA,VENTURA
130,1400.0 HOLLY AVE OXNARD CA,OXNARD
131,1220.0 HIBISCUS ST OXNARD CA,OXNARD
132,2634.0 NORTHBROOK DR OXNARD CA,OXNARD
133,2632.0 BALBOA ST OXNARD CA,OXNARD
134,nan nan nan CAMARILLO CA,CAMARILLO
135,2480.0 CALLE_CITA nan CAMARILLO CA,CAMARILLO
136,nan nan nan CAMARILLO CA,CAMARILLO
137,132.0 HOLLY DR CAMARILLO CA,CAMARILLO
138,4691.0 CALLE_DESCANSO nan CAMARILLO CA,CAMARILLO
139,nan nan nan CAMARILLO CA,CAMARILLO
140,3378.0 CORBY AVE CAMARILLO CA,CAMARILLO
141,1156.0 PATTERSON RD OXNARD CA,OXNARD
142,nan nan nan OXNARD CA,OXNARD
143,nan nan nan OXNARD CA,OXNARD
144,1411.0 JUNEWOOD WAY OXNARD CA,OXNARD
145,1200.0 VENTURA RD OXNARD CA,OXNARD
146,327.0 HARRISON ST OXNARD CA,OXNARD
147,224.0 GRANT AVE OXNARD CA,OXNARD
148,nan nan nan OXNARD CA,OXNARD
149,211.0 E ST OXNARD CA,OXNARD
150,831.0 SEVENTH ST OXNARD CA,OXNARD
151,914.0 ILENA ST OXNARD CA,OXNARD
152,932.0 WOOLEY RD OXNARD CA,OXNARD
153,1259.0 CEDAR ST OXNARD CA,OXNARD
154,2641.0 J ST OXNARD CA,OXNARD
155,4231.0 J ST OXNARD CA,OXNARD
156,222.0 C ST OXNARD CA,OXNARD
157,229.0 SCOTT ST OXNARD CA,OXNARD
158,229.0 VENTURA RD PORT_HUENEME CA,PORT_HUENEME
159,nan nan nan OXNARD CA,OXNARD
160,3735.0 DUFAU RD OXNARD CA,OXNARD
161,1824.0 KENNEDY PL OXNARD CA,OXNARD
162,1852.0 SANFORD ST OXNARD CA,OXNARD
163,nan nan nan nan CA,nan
164,nan nan nan OXNARD CA,OXNARD
165,nan nan nan OXNARD CA,OXNARD
166,28.0 CALLE_CATALUNA nan CAMARILLO CA,CAMARILLO
167,nan nan nan SIMI_VALLEY CA,SIMI_VALLEY
168,4323.0 WOODGLEN DR MOORPARK CA,MOORPARK
169,71.0 CHARLES ST MOORPARK CA,MOORPARK
170,14445.0 AVENIDA_COLONIA nan MOORPARK CA,MOORPARK
171,316.0 QUEENSBURY ST THOUSAND_OAKS CA,THOUSAND_OAKS
172,nan nan nan SANTA_ROSA_VALLEY CA,SANTA_ROSA_VALLEY
173,502.0 FARGO ST THOUSAND_OAKS CA,THOUSAND_OAKS
174,1773.0 AV_DE_LAS_FLORES nan THOUSAND_OAKS CA,THOUSAND_OAKS
175,nan nan nan THOUSAND_OAKS CA,THOUSAND_OAKS
176,766.0 CALLE_CONTENTO nan THOUSAND_OAKS CA,THOUSAND_OAKS
177,nan nan nan SIMI_VALLEY CA,SIMI_VALLEY
178,529.0 SIMI nan SIMI_VALLEY CA,SIMI_VALLEY
179,529.0 SIMI nan SIMI_VALLEY CA,SIMI_VALLEY
180,3387.0 TAPO_CYN RD SIMI_VALLEY CA,SIMI_VALLEY
181,4166.0 LAREDO LN SIMI_VALLEY CA,SIMI_VALLEY
182,nan nan nan SIMI_VALLEY CA,SIMI_VALLEY
183,nan nan nan SIMI_VALLEY CA,SIMI_VALLEY
184,2990.0 GALVESTON DR SIMI_VALLEY CA,SIMI_VALLEY
185,nan nan nan SIMI_VALLEY CA,SIMI_VALLEY
186,nan nan nan SIMI_VALLEY CA,SIMI_VALLEY
187,nan nan nan SIMI_VALLEY CA,SIMI_VALLEY
188,nan nan nan SIMI_VALLEY CA,SIMI_VALLEY
189,383.0 ARISTOTLE ST SIMI_VALLEY CA,SIMI_VALLEY
190,1712.0 SINALOA_105 RD SIMI_VALLEY CA,SIMI_VALLEY
191,2224.0 TRINWAY AVE SIMI_VALLEY CA,SIMI_VALLEY
192,3074.0 FLETCHER ST SIMI_VALLEY CA,SIMI_VALLEY
193,nan nan nan SIMI_VALLEY CA,SIMI_VALLEY
194,2259.0 WISTERIA ST SIMI_VALLEY CA,SIMI_VALLEY
195,nan nan nan SIMI_VALLEY CA,SIMI_VALLEY
196,6015.0 PEPPERTREE LN SIMI_VALLEY CA,SIMI_VALLEY
197,nan nan nan SIMI_VALLEY CA,SIMI_VALLEY
198,nan nan nan SIMI_VALLEY CA,SIMI_VALLEY
199,nan nan nan SIMI_VALLEY CA,SIMI_VALLEY
200,nan nan nan SIMI_VALLEY CA,SIMI_VALLEY
201,nan nan nan SIMI_VALLEY CA,SIMI_VALLEY
202,nan nan nan SIMI_VALLEY CA,SIMI_VALLEY
203,nan nan nan SIMI_VALLEY CA,SIMI_VALLEY
204,nan nan nan SIMI_VALLEY CA,SIMI_VALLEY
205,nan nan nan SIMI_VALLEY CA,SIMI_VALLEY
206,nan nan nan SIMI_VALLEY CA,SIMI_VALLEY
207,nan nan nan SIMI_VALLEY CA,SIMI_VALLEY
208,nan nan nan SIMI_VALLEY CA,SIMI_VALLEY
209,nan nan nan SIMI_VALLEY CA,SIMI_VALLEY
210,nan nan nan SIMI_VALLEY CA,SIMI_VALLEY
211,nan nan nan SIMI_VALLEY CA,SIMI_VALLEY
212,nan nan nan SIMI_VALLEY CA,SIMI_VALLEY
213,nan nan nan SIMI_VALLEY CA,SIMI_VALLEY
214,nan nan nan SIMI_VALLEY CA,SIMI_VALLEY
215,nan nan nan SIMI_VALLEY CA,SIMI_VALLEY
216,nan nan nan SIMI_VALLEY CA,SIMI_VALLEY
217,nan nan nan SIMI_VALLEY CA,SIMI_VALLEY
218,nan nan nan SIMI_VALLEY CA,SIMI_VALLEY
219,nan nan nan SIMI_VALLEY CA,SIMI_VALLEY
220,nan nan nan SIMI_VALLEY CA,SIMI_VALLEY
221,nan nan nan SIMI_VALLEY CA,SIMI_VALLEY
222,nan nan nan SIMI_VALLEY CA,SIMI_VALLEY
223,nan nan nan SIMI_VALLEY CA,SIMI_VALLEY
224,nan nan nan SIMI_VALLEY CA,SIMI_VALLEY
225,nan nan nan SIMI_VALLEY CA,SIMI_VALLEY
226,nan nan nan SIMI_VALLEY CA,SIMI_VALLEY
227,nan nan nan SIMI_VALLEY CA,SIMI_VALLEY
228,nan nan nan SIMI_VALLEY CA,SIMI_VALLEY
229,nan nan nan SIMI_VALLEY CA,SIMI_VALLEY
230,nan nan nan SIMI_VALLEY CA,SIMI_VALLEY
231,nan nan nan SIMI_VALLEY CA,SIMI_VALLEY
232,nan nan nan SIMI_VALLEY CA,SIMI_VALLEY
233,nan nan nan SIMI_VALLEY CA,SIMI_VALLEY
234,nan nan nan SIMI_VALLEY CA,SIMI_VALLEY
235,nan nan nan SIMI_VALLEY CA,SIMI_VALLEY
236,nan nan nan SIMI_VALLEY CA,SIMI_VALLEY
237,153.0 DENNIS WAY SIMI_VALLEY CA,SIMI_VALLEY
238,nan nan nan SIMI_VALLEY CA,SIMI_VALLEY
239,nan nan nan SIMI_VALLEY CA,SIMI_VALLEY
240,nan nan nan SIMI_VALLEY CA,SIMI_VALLEY
241,nan nan nan SIMI_VALLEY CA,SIMI_VALLEY
242,nan nan nan SIMI_VALLEY CA,SIMI_VALLEY
243,nan nan nan SIMI_VALLEY CA,SIMI_VALLEY
244,nan nan nan SIMI_VALLEY CA,SIMI_VALLEY
245,nan nan nan SIMI_VALLEY CA,SIMI_VALLEY
246,nan nan nan SIMI_VALLEY CA,SIMI_VALLEY
247,nan nan nan SIMI_VALLEY CA,SIMI_VALLEY
248,nan nan nan SIMI_VALLEY CA,SIMI_VALLEY
249,nan nan nan SIMI_VALLEY CA,SIMI_VALLEY
250,nan nan nan SIMI_VALLEY CA,SIMI_VALLEY
251,nan nan nan SIMI_VALLEY CA,SIMI_VALLEY
252,nan nan nan SIMI_VALLEY CA,SIMI_VALLEY
253,nan nan nan SIMI_VALLEY CA,SIMI_VALLEY
254,nan nan nan SIMI_VALLEY CA,SIMI_VALLEY
255,nan nan nan SIMI_VALLEY CA,SIMI_VALLEY
256,nan nan nan SIMI_VALLEY CA,SIMI_VALLEY
257,nan nan nan SIMI_VALLEY CA,SIMI_VALLEY
258,nan nan nan SIMI_VALLEY CA,SIMI_VALLEY
259,nan nan nan SIMI_VALLEY CA,SIMI_VALLEY
260,9420.0 TRAILS_END DR SIMI_VALLEY CA,SIMI_VALLEY
261,nan nan nan SIMI_VALLEY CA,SIMI_VALLEY
262,nan nan nan SIMI_VALLEY CA,SIMI_VALLEY
263,nan nan nan SIMI_VALLEY CA,SIMI_VALLEY
264,nan nan nan SIMI_VALLEY CA,SIMI_VALLEY
265,nan nan nan SIMI_VALLEY CA,SIMI_VALLEY
266,nan nan nan SIMI_VALLEY CA,SIMI_VALLEY
267,nan nan nan SIMI_VALLEY CA,SIMI_VALLEY
268,nan nan nan SIMI_VALLEY CA,SIMI_VALLEY
269,nan nan nan SIMI_VALLEY CA,SIMI_VALLEY
270,nan nan nan SIMI_VALLEY CA,SIMI_VALLEY
271,nan nan nan SIMI_VALLEY CA,SIMI_VALLEY
272,nan nan nan SIMI_VALLEY CA,SIMI_VALLEY
273,nan nan nan SIMI_VALLEY CA,SIMI_VALLEY
274,nan nan nan SIMI_VALLEY CA,SIMI_VALLEY
275,nan nan nan SIMI_VALLEY CA,SIMI_VALLEY
276,nan nan nan SIMI_VALLEY CA,SIMI_VALLEY
277,nan nan nan SIMI_VALLEY CA,SIMI_VALLEY
278,nan nan nan SIMI_VALLEY CA,SIMI_VALLEY
279,nan nan nan SIMI_VALLEY CA,SIMI_VALLEY
280,nan nan nan SIMI_VALLEY CA,SIMI_VALLEY
281,1789.0 EMORY AVE SIMI_VALLEY CA,SIMI_VALLEY
282,1920.0 SUNTREE_B LN SIMI_VALLEY CA,SIMI_VALLEY
283,nan nan nan SIMI_VALLEY CA,SIMI_VALLEY
284,1501.0 SUSAN DR THOUSAND_OAKS CA,THOUSAND_OAKS
285,nan nan nan THOUSAND_OAKS CA,THOUSAND_OAKS
286,nan nan nan nan CA,nan
287,3466.0 KIMBER DR THOUSAND_OAKS CA,THOUSAND_OAKS
288,nan nan nan THOUSAND_OAKS CA,THOUSAND_OAKS
289,nan nan nan THOUSAND_OAKS CA,THOUSAND_OAKS
290,nan nan nan THOUSAND_OAKS CA,THOUSAND_OAKS
291,885.0 HILLCREST DR THOUSAND_OAKS CA,THOUSAND_OAKS
292,nan nan nan THOUSAND_OAKS CA,THOUSAND_OAKS
293,nan nan nan THOUSAND_OAKS CA,THOUSAND_OAKS
294,nan nan nan THOUSAND_OAKS CA,THOUSAND_OAKS
295,nan nan nan THOUSAND_OAKS CA,THOUSAND_OAKS
296,nan nan nan THOUSAND_OAKS CA,THOUSAND_OAKS
297,nan nan nan THOUSAND_OAKS CA,THOUSAND_OAKS
298,nan nan nan THOUSAND_OAKS CA,THOUSAND_OAKS
299,nan nan nan THOUSAND_OAKS CA,THOUSAND_OAKS
300,nan nan nan THOUSAND_OAKS CA,THOUSAND_OAKS
301,nan nan nan THOUSAND_OAKS CA,THOUSAND_OAKS
302,nan nan nan THOUSAND_OAKS CA,THOUSAND_OAKS
303,nan nan nan THOUSAND_OAKS CA,THOUSAND_OAKS
304,nan nan nan THOUSAND_OAKS CA,THOUSAND_OAKS
305,1382.0 CALLE_PIMIENTO nan THOUSAND_OAKS CA,THOUSAND_OAKS
306,608.0 CALLE_TULIPAN nan THOUSAND_OAKS CA,THOUSAND_OAKS
307,nan nan nan THOUSAND_OAKS CA,THOUSAND_OAKS
308,nan nan nan THOUSAND_OAKS CA,THOUSAND_OAKS
309,nan nan nan THOUSAND_OAKS CA,THOUSAND_OAKS
310,nan nan nan WESTLAKE_VILLAGE CA,WESTLAKE_VILLAGE
311,nan nan nan WESTLAKE_VILLAGE CA,WESTLAKE_VILLAGE
312,nan nan nan OAK_PARK CA,OAK_PARK
313,nan nan nan OAK_PARK CA,OAK_PARK
314,nan nan nan OAK_PARK CA,OAK_PARK
315,nan nan nan OAK_PARK CA,OAK_PARK
316,nan nan nan OAK_PARK CA,OAK_PARK
317,nan nan nan OAK_PARK CA,OAK_PARK
318,nan nan nan OAK_PARK CA,OAK_PARK
319,nan nan nan OAK_PARK CA,OAK_PARK
320,nan nan nan OAK_PARK CA,OAK_PARK
321,nan nan nan OAK_PARK CA,OAK_PARK
322,nan nan nan OAK_PARK CA,OAK_PARK
323,nan nan nan OAK_PARK CA,OAK_PARK
324,nan nan nan OAK_PARK CA,OAK_PARK
325,nan nan nan OAK_PARK CA,OAK_PARK
326,nan nan nan VENTURA_COUNTY CA,VENTURA_COUNTY
327,1108.0 LANDSBURN CIR WESTLAKE CA,WESTLAKE
328,nan nan nan MALIBU CA,MALIBU
329,nan nan nan MALIBU CA,MALIBU
330,nan nan nan MALIBU CA,MALIBU
331,nan nan nan MALIBU CA,MALIBU
332,nan nan nan MALIBU CA,MALIBU
333,nan nan nan MALIBU CA,MALIBU
334,nan nan nan THOUSAND_OAKS CA,THOUSAND_OAKS
335,nan nan nan THOUSAND_OAKS CA,THOUSAND_OAKS
336,1314.0 THORNCROFT CT WESTLAKE CA,WESTLAKE
337,nan nan nan MALIBU CA,MALIBU
338,nan nan nan MALIBU CA,MALIBU
339,nan nan nan MALIBU CA,MALIBU
340,nan nan nan MALIBU CA,MALIBU
341,nan nan nan MALIBU CA,MALIBU
342,nan nan nan MALIBU CA,MALIBU
343,nan nan nan MALIBU CA,MALIBU
344,nan nan nan OAK_PARK CA,OAK_PARK
345,nan nan nan OAK_PARK CA,OAK_PARK
346,nan nan nan OAK_PARK CA,OAK_PARK
347,6613.0 POPPYVIEW DR OAK_PARK CA,OAK_PARK
348,nan nan nan OAK_PARK CA,OAK_PARK
