,address,City
0,nan nan nan OZENA CA,OZENA
1,nan nan nan OZENA CA,OZENA
2,nan nan nan OZENA CA,OZENA
3,nan nan nan OZENA CA,OZENA
4,nan nan nan LOCKWOOD CA,LOCKWOOD
5,14645.0 FRAZIER AVE LOCKWOOD CA,LOCKWOOD
6,nan nan nan LOCKWOOD CA,LOCKWOOD
7,nan nan nan LOCKWOOD CA,LOCKWOOD
8,nan nan nan LOCKWOOD CA,LOCKWOOD
9,nan nan nan LOCKWOOD CA,LOCKWOOD
10,nan nan nan LOCKWOOD CA,LOCKWOOD
11,nan nan nan LOCKWOOD CA,LOCKWOOD
12,nan nan nan LOCKWOOD CA,LOCKWOOD
13,nan nan nan LOCKWOOD CA,LOCKWOOD
14,nan nan nan LOCKWOOD CA,LOCKWOOD
15,nan nan nan LOCKWOOD CA,LOCKWOOD
16,nan nan nan LOCKWOOD CA,LOCKWOOD
17,nan nan nan LOCKWOOD CA,LOCKWOOD
18,nan nan nan LOCKWOOD CA,LOCKWOOD
19,16604.0 LOCKWOOD_VALLEY RD nan CA,nan
20,nan nan nan LOCKWOOD CA,LOCKWOOD
21,nan nan nan LOCKWOOD CA,LOCKWOOD
22,nan nan nan LOCKWOOD CA,LOCKWOOD
23,nan nan nan LOCKWOOD CA,LOCKWOOD
24,nan nan nan LOCKWOOD CA,LOCKWOOD
25,17950.0 LOCKWOOD_OZENA TRL LOCKWOOD CA,LOCKWOOD
26,17317.0 LOCKWOOD_VALLEY RD LOCKWOOD CA,LOCKWOOD
27,nan nan nan LOCKWOOD CA,LOCKWOOD
28,nan nan nan LOCKWOOD CA,LOCKWOOD
29,nan nan nan LOCKWOOD CA,LOCKWOOD
30,nan nan nan LOCKWOOD CA,LOCKWOOD
31,nan nan nan LOCKWOOD CA,LOCKWOOD
32,32736.0 JUNIPER TRL LOCKWOOD CA,LOCKWOOD
33,nan nan nan LOCKWOOD CA,LOCKWOOD
34,nan nan nan LOCKWOOD CA,LOCKWOOD
35,nan nan nan LOCKWOOD CA,LOCKWOOD
36,nan nan nan LOCKWOOD CA,LOCKWOOD
37,nan nan nan LOCKWOOD CA,LOCKWOOD
38,nan nan nan LOCKWOOD CA,LOCKWOOD
39,nan nan nan LOCKWOOD CA,LOCKWOOD
40,nan nan nan LOCKWOOD CA,LOCKWOOD
41,nan nan nan LOCKWOOD CA,LOCKWOOD
42,nan nan nan LOCKWOOD CA,LOCKWOOD
43,nan nan nan LOCKWOOD CA,LOCKWOOD
44,nan nan nan LOCKWOOD CA,LOCKWOOD
45,nan nan nan LOCKWOOD CA,LOCKWOOD
46,nan nan nan LOCKWOOD CA,LOCKWOOD
47,nan nan nan LOCKWOOD CA,LOCKWOOD
48,nan nan nan LOCKWOOD CA,LOCKWOOD
49,nan nan nan LOCKWOOD CA,LOCKWOOD
50,nan nan nan LOCKWOOD CA,LOCKWOOD
51,nan nan nan LOCKWOOD CA,LOCKWOOD
52,nan nan nan LOCKWOOD CA,LOCKWOOD
53,nan nan nan LOCKWOOD CA,LOCKWOOD
54,nan nan nan LOCKWOOD CA,LOCKWOOD
55,nan nan nan LOCKWOOD CA,LOCKWOOD
56,nan nan nan LOCKWOOD CA,LOCKWOOD
57,nan nan nan LOCKWOOD CA,LOCKWOOD
58,nan nan nan LOCKWOOD CA,LOCKWOOD
59,nan nan nan LOCKWOOD CA,LOCKWOOD
60,nan nan nan LOCKWOOD CA,LOCKWOOD
61,nan nan nan LOCKWOOD CA,LOCKWOOD
62,nan nan nan LOCKWOOD CA,LOCKWOOD
63,nan nan nan LOCKWOOD CA,LOCKWOOD
64,nan nan nan LOCKWOOD CA,LOCKWOOD
65,nan nan nan LOCKWOOD CA,LOCKWOOD
66,nan nan nan LOCKWOOD CA,LOCKWOOD
67,nan nan nan LOCKWOOD CA,LOCKWOOD
68,nan nan nan LOCKWOOD CA,LOCKWOOD
69,nan nan nan LOCKWOOD CA,LOCKWOOD
70,nan nan nan LOCKWOOD CA,LOCKWOOD
71,nan nan nan LOCKWOOD CA,LOCKWOOD
72,nan nan nan LOCKWOOD CA,LOCKWOOD
73,nan nan nan LOCKWOOD CA,LOCKWOOD
74,nan nan nan LOCKWOOD CA,LOCKWOOD
75,nan nan nan LOCKWOOD CA,LOCKWOOD
76,nan nan nan LOCKWOOD CA,LOCKWOOD
77,nan nan nan LOCKWOOD CA,LOCKWOOD
78,nan nan nan LOCKWOOD CA,LOCKWOOD
79,nan nan nan LOCKWOOD CA,LOCKWOOD
80,nan nan nan LOCKWOOD CA,LOCKWOOD
81,nan nan nan LOCKWOOD CA,LOCKWOOD
82,nan nan nan LOCKWOOD CA,LOCKWOOD
83,nan nan nan LOCKWOOD CA,LOCKWOOD
84,nan nan nan LOCKWOOD CA,LOCKWOOD
85,nan nan nan LOCKWOOD CA,LOCKWOOD
86,nan nan nan LOCKWOOD CA,LOCKWOOD
87,nan nan nan LOCKWOOD CA,LOCKWOOD
88,nan nan nan LOCKWOOD CA,LOCKWOOD
89,nan nan nan LOCKWOOD CA,LOCKWOOD
90,nan nan nan LOCKWOOD CA,LOCKWOOD
91,nan nan nan LOCKWOOD CA,LOCKWOOD
92,nan nan nan LOCKWOOD CA,LOCKWOOD
93,nan nan nan LOCKWOOD CA,LOCKWOOD
94,nan nan nan LOCKWOOD CA,LOCKWOOD
95,nan nan nan LOCKWOOD CA,LOCKWOOD
96,nan nan nan LOCKWOOD CA,LOCKWOOD
97,nan nan nan LOCKWOOD CA,LOCKWOOD
98,nan nan nan LOCKWOOD CA,LOCKWOOD
99,nan nan nan LOCKWOOD CA,LOCKWOOD
100,nan nan nan LOCKWOOD CA,LOCKWOOD
101,nan nan nan LOCKWOOD CA,LOCKWOOD
102,nan nan nan LOCKWOOD CA,LOCKWOOD
103,nan nan nan LOCKWOOD CA,LOCKWOOD
104,nan nan nan LOCKWOOD CA,LOCKWOOD
105,nan nan nan LOCKWOOD CA,LOCKWOOD
106,nan nan nan LOCKWOOD CA,LOCKWOOD
107,nan nan nan LOCKWOOD CA,LOCKWOOD
108,nan nan nan LOCKWOOD CA,LOCKWOOD
109,32470.0 JUNIPER ST LOCKWOOD CA,LOCKWOOD
110,nan nan nan nan CA,nan
111,nan nan nan LOCKWOOD CA,LOCKWOOD
112,nan nan nan LOCKWOOD CA,LOCKWOOD
113,nan nan nan LOCKWOOD CA,LOCKWOOD
114,nan nan nan LOCKWOOD CA,LOCKWOOD
115,nan nan nan OJAI_NORTH CA,OJAI_NORTH
116,nan nan nan FILLMORE_NORTH CA,FILLMORE_NORTH
117,nan nan nan RINCON CA,RINCON
118,nan nan nan RINCON CA,RINCON
119,nan nan nan VENTURA CA,VENTURA
120,nan nan nan VENTURA CA,VENTURA
121,nan nan nan RINCON CA,RINCON
122,nan nan nan RINCON CA,RINCON
123,nan nan nan RINCON CA,RINCON
124,nan nan nan nan CA,nan
125,nan nan nan nan CA,nan
126,nan nan nan OJAI CA,OJAI
127,nan nan nan OJAI CA,OJAI
128,16571.0 CHUMASH TRL LOCKWOOD CA,LOCKWOOD
129,316.0 EL_CONEJO DR OJAI CA,OJAI
130,254.0 ENCINAL AVE OJAI CA,OJAI
131,229.0 PADRE_JUAN AVE OJAI CA,OJAI
132,nan nan nan OJAI CA,OJAI
133,nan nan nan OJAI CA,OJAI
134,nan nan nan OJAI CA,OJAI
135,206.0 SUMMER ST OJAI CA,OJAI
136,1117.0 SUNSET PL OJAI CA,OJAI
137,514.0 PLEASANT AVE OJAI CA,OJAI
138,1401.0 WHITE_OAK CIR OJAI CA,OJAI
139,504.0 MONTGOMERY ST OJAI CA,OJAI
140,1113.0 DEL_NIDO CT OJAI CA,OJAI
141,464.0 BURNHAM RD OJAI CA,OJAI
142,nan nan nan OJAI CA,OJAI
143,nan nan nan OJAI CA,OJAI
144,nan nan nan OJAI CA,OJAI
145,11164.0 VENTURA AVE OJAI CA,OJAI
146,290.0 ENCINO DR OJAI CA,OJAI
147,nan nan nan OJAI CA,OJAI
148,85.0 PARK AVE OJAI CA,OJAI
149,nan nan nan OJAI CA,OJAI
150,605.0 DONNA ST OJAI CA,OJAI
151,9342.0 OJAI-SP RD OJAI CA,OJAI
152,1716.0 CHERRYHILL RD SANTA_PAULA CA,SANTA_PAULA
153,nan nan nan SANTA_PAULA CA,SANTA_PAULA
154,nan nan nan SANTA_PAULA CA,SANTA_PAULA
155,nan nan nan SANTA_PAULA CA,SANTA_PAULA
156,nan nan nan SANTA_PAULA CA,SANTA_PAULA
157,210.0 OJAI-SANTA_PAULA RD SANTA_PAULA CA,SANTA_PAULA
158,nan nan nan SANTA_PAULA CA,SANTA_PAULA
159,531.0 TIMBER_CANYON nan FILLMORE CA,FILLMORE
160,nan nan nan FILLMORE CA,FILLMORE
161,nan nan nan FILLMORE CA,FILLMORE
162,nan nan nan FILLMORE CA,FILLMORE
163,nan nan nan FILLMORE CA,FILLMORE
164,nan nan nan FILLMORE CA,FILLMORE
165,nan nan nan FILLMORE CA,FILLMORE
166,nan nan nan FILLMORE CA,FILLMORE
167,1160.0 OWENS ST FILLMORE CA,FILLMORE
168,nan nan nan FILLMORE CA,FILLMORE
169,628.0 CENTRAL AVE FILLMORE CA,FILLMORE
170,nan nan nan FILLMORE CA,FILLMORE
171,753.0 B ST FILLMORE CA,FILLMORE
172,805.0 SECOND ST FILLMORE CA,FILLMORE
173,634.0 BOULDER ST FILLMORE CA,FILLMORE
174,309.0 B ST FILLMORE CA,FILLMORE
175,568.0 KENSINGTON DR FILLMORE CA,FILLMORE
176,131.0 MAIN ST FILLMORE CA,FILLMORE
177,210.0 CLAY ST FILLMORE CA,FILLMORE
178,nan nan nan PIRU CA,PIRU
179,nan nan nan PIRU CA,PIRU
180,nan nan nan PIRU CA,PIRU
181,557.0 DE_VALLE nan PIRU CA,PIRU
182,nan nan nan PIRU CA,PIRU
183,4249.0 CENTER ST PIRU CA,PIRU
184,2050.0 CAVIN RD PIRU CA,PIRU
185,965.0 MAIN ST PIRU CA,PIRU
186,823.0 MAIN ST PIRU CA,PIRU
187,nan nan nan PIRU CA,PIRU
188,891.0 MAIN ST PIRU CA,PIRU
189,3969.0 CENTER ST PIRU CA,PIRU
190,3969.0 CENTER ST PIRU CA,PIRU
191,760.0 MAIN ST PIRU CA,PIRU
192,3885.0 MARKET ST PIRU CA,PIRU
193,3914.0 MARKET ST PIRU CA,PIRU
194,509.0 TEMESCAL ST PIRU CA,PIRU
195,nan nan nan RINCON CA,RINCON
196,nan nan nan RINCON CA,RINCON
197,6843.0 ZELZAH AVE RINCON CA,RINCON
198,6841.0 SANTA_BARBARA AVE RINCON CA,RINCON
199,nan nan nan RINCON CA,RINCON
200,6632.0 PACIFIC_COAST HWY RINCON CA,RINCON
201,nan nan nan OJAI CA,OJAI
202,417.0 SKY_HIGH RD VENTURA CA,VENTURA
203,nan nan nan VENTURA CA,VENTURA
204,7963.0 SANTA_ANA RD VENTURA CA,VENTURA
205,nan nan nan VENTURA CA,VENTURA
206,521.0 RINCON nan VENTURA CA,VENTURA
207,521.0 RINCON-GORDA PT VENTURA_COUNTY CA,VENTURA_COUNTY
208,521.0 RINCON nan VENTURA CA,VENTURA
209,nan nan nan VENTURA CA,VENTURA
210,nan nan nan VENTURA CA,VENTURA
211,nan nan nan VENTURA CA,VENTURA
212,1024.0 VIA_ONDULANDO nan VENTURA CA,VENTURA
213,241.0 FRANKLIN LN VENTURA CA,VENTURA
214,302.0 MC_FARLANE DR VENTURA CA,VENTURA
215,302.0 LEWIS ST VENTURA CA,VENTURA
216,707.0 SENECA ST VENTURA CA,VENTURA
217,707.0 SENECA ST VENTURA CA,VENTURA
218,332.0 RAMONA ST VENTURA CA,VENTURA
219,355.0 CENTER ST VENTURA CA,VENTURA
220,23.0 SIMPSON ST VENTURA CA,VENTURA
221,114.0 SIMPSON ST VENTURA CA,VENTURA
222,nan nan nan VENTURA CA,VENTURA
223,265.0 HARRISON AVE VENTURA CA,VENTURA
224,94.0 PROSPECT ST VENTURA CA,VENTURA
225,285.0 VENTURA AVE VENTURA CA,VENTURA
226,nan nan nan VENTURA CA,VENTURA
227,nan nan nan VENTURA CA,VENTURA
228,130.0 GARDEN ST VENTURA CA,VENTURA
229,66.0 SAN_CLEMENTE ST VENTURA CA,VENTURA
230,1725.0 OCEAN AVE VENTURA CA,VENTURA
231,576.0 BORCHARD DR VENTURA CA,VENTURA
232,nan nan nan VENTURA CA,VENTURA
233,nan nan nan VENTURA CA,VENTURA
234,nan nan nan VENTURA CA,VENTURA
235,nan nan nan VENTURA CA,VENTURA
236,3700.0 DEAN_1008 DR VENTURA CA,VENTURA
237,3700.0 DEAN DR VENTURA CA,VENTURA
238,2848.0 BAYSHORE AVE VENTURA CA,VENTURA
239,2527.0 HARBOR BLVD VENTURA CA,VENTURA
240,5593.0 BRYN_MAWR ST VENTURA CA,VENTURA
241,6059.0 FIESTA ST VENTURA CA,VENTURA
242,288.0 BYRON ST VENTURA CA,VENTURA
243,674.0 COUNTY_SQUARE DR VENTURA CA,VENTURA
244,674.0 COUNTY_SQUARE DR VENTURA CA,VENTURA
245,983.0 HAWTHORNE LN VENTURA CA,VENTURA
246,1363.0 DONLON ST VENTURA CA,VENTURA
247,nan nan nan VENTURA CA,VENTURA
248,8866.0 OGDEN ST VENTURA CA,VENTURA
249,185.0 EL_MONTE AVE VENTURA CA,VENTURA
250,1025.0 CACHUMA AVE VENTURA CA,VENTURA
251,1025.0 CACHUMA AVE VENTURA CA,VENTURA
252,nan nan nan VENTURA CA,VENTURA
253,11445.0 VIOLETA ST VENTURA CA,VENTURA
254,1110.0 CAMPANULA AVE VENTURA CA,VENTURA
255,nan nan nan VENTURA CA,VENTURA
256,1262.0 ALELIA ST VENTURA CA,VENTURA
257,nan nan nan SANTA_PAULA CA,SANTA_PAULA
258,992.0 TERRACINA DR SANTA_PAULA CA,SANTA_PAULA
259,nan nan nan SANTA_PAULA CA,SANTA_PAULA
260,1240.0 BIRCH ST SANTA_PAULA CA,SANTA_PAULA
261,521.0 THIRTEENTH ST SANTA_PAULA CA,SANTA_PAULA
262,536.0 GUIBERSON ST SANTA_PAULA CA,SANTA_PAULA
263,404.0 12TH ST SANTA_PAULA CA,SANTA_PAULA
264,nan nan nan SANTA_PAULA CA,SANTA_PAULA
265,439.0 THIRTEENTH ST SANTA_PAULA CA,SANTA_PAULA
266,1502.0 ORCHARD ST SANTA_PAULA CA,SANTA_PAULA
267,505.0 HARVARD BLVD SANTA_PAULA CA,SANTA_PAULA
268,185.0 CAMERON ST SANTA_PAULA CA,SANTA_PAULA
269,340.0 SANTA_BARBARA ST SANTA_PAULA CA,SANTA_PAULA
270,nan nan nan SANTA_PAULA CA,SANTA_PAULA
271,938.0 MAIN ST SANTA_PAULA CA,SANTA_PAULA
272,925.0 HARVARD BLVD SANTA_PAULA CA,SANTA_PAULA
273,nan nan nan SANTA_PAULA CA,SANTA_PAULA
274,720.0 SANTA_MARIA ST SANTA_PAULA CA,SANTA_PAULA
275,nan nan nan SANTA_PAULA CA,SANTA_PAULA
276,458.0 FERRIS DR SANTA_PAULA CA,SANTA_PAULA
277,nan nan nan FILLMORE CA,FILLMORE
278,nan nan nan FILLMORE CA,FILLMORE
279,nan nan nan CAMARILLO CA,CAMARILLO
280,nan nan nan FILLMORE CA,FILLMORE
281,nan nan nan CAMARILLO CA,CAMARILLO
282,nan nan nan VENTURA CA,VENTURA
283,nan nan nan VENTURA CA,VENTURA
284,7072.0 MARMOTA ST VENTURA CA,VENTURA
285,2860.0 CLEVELAND DR OXNARD CA,OXNARD
286,321.0 FOREST_PARK BLVD OXNARD CA,OXNARD
287,nan nan nan OXNARD CA,OXNARD
288,8756.0 WELLINGTON ST VENTURA CA,VENTURA
289,1276.0 SEACLIFF_6 CT VENTURA CA,VENTURA
290,1300.0 SARATOGA_800 AVE VENTURA CA,VENTURA
291,1300.0 SARATOGA AVE VENTURA CA,VENTURA
292,1300.0 SARATOGA_112 AVE VENTURA CA,VENTURA
293,1300.0 SARATOGA_104 AVE VENTURA CA,VENTURA
294,1300.0 SARATOGA_1504 AVE VENTURA CA,VENTURA
295,6085.0 KING DR VENTURA CA,VENTURA
296,1400.0 HOLLY AVE OXNARD CA,OXNARD
297,1220.0 HIBISCUS ST OXNARD CA,OXNARD
298,304.0 VINEYARD AVE OXNARD CA,OXNARD
299,1920.0 H ST OXNARD CA,OXNARD
300,2634.0 NORTHBROOK DR OXNARD CA,OXNARD
301,1056.0 HELSAM AVE OXNARD CA,OXNARD
302,nan nan nan OXNARD CA,OXNARD
303,2632.0 BALBOA ST OXNARD CA,OXNARD
304,3461.0 ALMOND DR OXNARD CA,OXNARD
305,nan nan nan CAMARILLO CA,CAMARILLO
306,2358.0 TEMPLE AVE CAMARILLO CA,CAMARILLO
307,nan nan nan CAMARILLO CA,CAMARILLO
308,nan nan nan CAMARILLO CA,CAMARILLO
309,3444.0 HUERTA CT CAMARILLO CA,CAMARILLO
310,2480.0 CALLE_CITA nan CAMARILLO CA,CAMARILLO
311,95.0 HIGHLAND DR CAMARILLO CA,CAMARILLO
312,2486.0 PONDEROSA DR CAMARILLO CA,CAMARILLO
313,2486.0 PONDEROSA DR CAMARILLO CA,CAMARILLO
314,2486.0 PONDEROSA DR CAMARILLO CA,CAMARILLO
315,2486.0 PONDEROSA DR CAMARILLO CA,CAMARILLO
316,123.0 CALLE_LA_GUERRA CT CAMARILLO CA,CAMARILLO
317,1459.0 CALLE_LA_CUMBRE nan CAMARILLO CA,CAMARILLO
318,617.0 CORTE_CASTANO nan CAMARILLO CA,CAMARILLO
319,nan nan nan CAMARILLO CA,CAMARILLO
320,4467.0 CALLE_ARGOLLA nan CAMARILLO CA,CAMARILLO
321,4491.0 VIA_MARQUESA nan CAMARILLO CA,CAMARILLO
322,2361.0 BARRY ST CAMARILLO CA,CAMARILLO
323,2544.0 BARRY ST CAMARILLO CA,CAMARILLO
324,132.0 HOLLY DR CAMARILLO CA,CAMARILLO
325,nan nan nan CAMARILLO CA,CAMARILLO
326,4691.0 CALLE_DESCANSO nan CAMARILLO CA,CAMARILLO
327,nan nan nan CAMARILLO CA,CAMARILLO
328,475.0 ESCONDIDO CT CAMARILLO CA,CAMARILLO
329,3378.0 CORBY AVE CAMARILLO CA,CAMARILLO
330,nan nan nan CAMARILLO CA,CAMARILLO
331,nan nan nan CAMARILLO CA,CAMARILLO
332,5224.0 MEADOWVIEW DR CAMARILLO CA,CAMARILLO
333,1308.0 CALLE_BONITA nan CAMARILLO CA,CAMARILLO
334,2061.0 PASEO_NOCHE nan CAMARILLO CA,CAMARILLO
335,nan nan nan CAMARILLO CA,CAMARILLO
336,1112.0 VIA_LATINA DR CAMARILLO CA,CAMARILLO
337,1110.0 RACHEL DR OXNARD CA,OXNARD
338,1138.0 PATTERSON RD OXNARD CA,OXNARD
339,1156.0 PATTERSON RD OXNARD CA,OXNARD
340,2814.0 WOOLEY RD OXNARD CA,OXNARD
341,1520.0 MC_LOUGHLIN AVE OXNARD CA,OXNARD
342,1820.0 MC_LOUGHLIN AVE OXNARD CA,OXNARD
343,1801.0 DUNSMUIR CT OXNARD CA,OXNARD
344,3628.0 MONTE_CARLO DR OXNARD CA,OXNARD
345,3334.0 KEEL WAY OXNARD CA,OXNARD
346,nan nan nan OXNARD CA,OXNARD
347,nan nan nan OXNARD CA,OXNARD
348,1743.0 EMERALD_ISLE WAY OXNARD CA,OXNARD
349,1721.0 PEARL WAY OXNARD CA,OXNARD
350,227.0 GARDEN_GREEN AVE PORT_HUENEME CA,PORT_HUENEME
351,210.0 FIESTA_GREEN nan PORT_HUENEME CA,PORT_HUENEME
352,52.0 ELFIN_GREEN nan PORT_HUENEME CA,PORT_HUENEME
353,2577.0 YARDARM AVE PORT_HUENEME CA,PORT_HUENEME
354,2643.0 SEXTANT AVE PORT_HUENEME CA,PORT_HUENEME
355,467.0 CORVETTE ST PORT_HUENEME CA,PORT_HUENEME
356,2610.0 EXPLORER_COVE nan PORT_HUENEME CA,PORT_HUENEME
357,nan nan nan OXNARD CA,OXNARD
358,nan nan nan OXNARD CA,OXNARD
359,1200.0 GONZALES RD OXNARD CA,OXNARD
360,1411.0 JUNEWOOD WAY OXNARD CA,OXNARD
361,305.0 DOUGLAS AVE OXNARD CA,OXNARD
362,1100.0 VENTURA RD OXNARD CA,OXNARD
363,1200.0 VENTURA RD OXNARD CA,OXNARD
364,471.0 ROOSEVELT AVE OXNARD CA,OXNARD
365,327.0 HARRISON ST OXNARD CA,OXNARD
366,224.0 GRANT AVE OXNARD CA,OXNARD
367,307.0 ANITA AVE OXNARD CA,OXNARD
368,110.0 GARFIELD AVE OXNARD CA,OXNARD
369,125.0 GARFIELD AVE OXNARD CA,OXNARD
370,nan nan nan OXNARD CA,OXNARD
371,524.0 PACIFIC AVE OXNARD CA,OXNARD
372,528.0 PACIFIC AVE OXNARD CA,OXNARD
373,211.0 E ST OXNARD CA,OXNARD
374,831.0 SEVENTH ST OXNARD CA,OXNARD
375,613.0 C ST OXNARD CA,OXNARD
376,643.0 C ST OXNARD CA,OXNARD
377,nan nan nan OXNARD CA,OXNARD
378,nan nan nan OXNARD CA,OXNARD
379,nan nan nan OXNARD CA,OXNARD
380,735.0 E ST OXNARD CA,OXNARD
381,914.0 ILENA ST OXNARD CA,OXNARD
382,1032.0 KING ST OXNARD CA,OXNARD
383,1166.0 N ST OXNARD CA,OXNARD
384,1177.0 I ST OXNARD CA,OXNARD
385,932.0 WOOLEY RD OXNARD CA,OXNARD
386,1259.0 CEDAR ST OXNARD CA,OXNARD
387,433.0 ELM ST OXNARD CA,OXNARD
388,700.0 ELM ST OXNARD CA,OXNARD
389,2641.0 J ST OXNARD CA,OXNARD
390,441.0 CHANNEL_ISLANDS BLVD OXNARD CA,OXNARD
391,1535.0 OXNARD BLVD OXNARD CA,OXNARD
392,1285.0 COMMERCIAL AVE OXNARD CA,OXNARD
393,4231.0 J ST OXNARD CA,OXNARD
394,1592.0 PARK AVE PORT_HUENEME CA,PORT_HUENEME
395,222.0 C ST OXNARD CA,OXNARD
396,229.0 SCOTT ST OXNARD CA,OXNARD
397,nan nan nan OXNARD CA,OXNARD
398,nan nan nan OXNARD CA,OXNARD
399,300.0 HIGHLAND DR OXNARD CA,OXNARD
400,nan nan nan OXNARD CA,OXNARD
401,221.0 SCOTT ST PORT_HUENEME CA,PORT_HUENEME
402,195.0 COURTYARD DR PORT_HUENEME CA,PORT_HUENEME
403,615.0 ISLAND_VIEW CIR PORT_HUENEME CA,PORT_HUENEME
404,229.0 VENTURA RD PORT_HUENEME CA,PORT_HUENEME
405,nan nan nan OXNARD CA,OXNARD
406,nan nan nan OXNARD CA,OXNARD
407,1625.0 URBANA LN OXNARD CA,OXNARD
408,1842.0 SONATA DR OXNARD CA,OXNARD
409,nan nan nan OXNARD CA,OXNARD
410,400.0 GIBRALTAR ST OXNARD CA,OXNARD
411,230.0 IMPERIAL ST OXNARD CA,OXNARD
412,130.0 JULIAN ST OXNARD CA,OXNARD
413,1924.0 LA_PUERTA AVE OXNARD CA,OXNARD
414,3735.0 DUFAU RD OXNARD CA,OXNARD
415,160.0 FRANK AVE OXNARD CA,OXNARD
416,199.0 MC_MILLAN AVE OXNARD CA,OXNARD
417,3269.0 SYCAMORE ST OXNARD CA,OXNARD
418,nan nan nan OXNARD CA,OXNARD
419,nan nan nan OXNARD CA,OXNARD
420,nan nan nan OXNARD CA,OXNARD
421,1951.0 O_NEILL PL OXNARD CA,OXNARD
422,1824.0 KENNEDY PL OXNARD CA,OXNARD
423,2171.0 SAN_MATEO PL OXNARD CA,OXNARD
424,1030.0 CHEYENNE WAY OXNARD CA,OXNARD
425,5012.0 BRADFIELD PL OXNARD CA,OXNARD
426,413.0 CANTERBURY WAY OXNARD CA,OXNARD
427,nan nan nan OXNARD CA,OXNARD
428,1852.0 SANFORD ST OXNARD CA,OXNARD
429,2151.0 VANETTA ST OXNARD CA,OXNARD
430,nan nan nan nan CA,nan
431,nan nan nan OXNARD CA,OXNARD
432,nan nan nan OXNARD CA,OXNARD
433,nan nan nan OXNARD CA,OXNARD
434,nan nan nan OXNARD CA,OXNARD
435,nan nan nan OXNARD CA,OXNARD
436,6001.0 ARCTURUS AVE OXNARD CA,OXNARD
437,nan nan nan CAMARILLO CA,CAMARILLO
438,8.0 MARGARITA AVE CAMARILLO CA,CAMARILLO
439,48.0 IRENA AVE CAMARILLO CA,CAMARILLO
440,23.0 ISABEL AVE CAMARILLO CA,CAMARILLO
441,817.0 VIA_LORENTE nan CAMARILLO CA,CAMARILLO
442,6278.0 PASEO_ENCANTADA nan CAMARILLO CA,CAMARILLO
443,834.0 CALLE_PLANO nan CAMARILLO CA,CAMARILLO
444,836.0 CALLE_PLANO nan CAMARILLO CA,CAMARILLO
445,768.0 CALLE_PLANO nan CAMARILLO CA,CAMARILLO
446,28.0 CALLE_CATALUNA nan CAMARILLO CA,CAMARILLO
447,680.0 VIA_VISTA nan THOUSAND_OAKS CA,THOUSAND_OAKS
448,5221.0 VIA_QUINTO nan THOUSAND_OAKS CA,THOUSAND_OAKS
449,nan nan nan FILLMORE CA,FILLMORE
450,nan nan nan MOORPARK CA,MOORPARK
451,nan nan nan SIMI_VALLEY CA,SIMI_VALLEY
452,nan nan nan SIMI_VALLEY CA,SIMI_VALLEY
453,nan nan nan MOORPARK CA,MOORPARK
454,nan nan nan CAMARILLO CA,CAMARILLO
455,4776.0 PENROSE AVE MOORPARK CA,MOORPARK
456,13668.0 DEERING LN MOORPARK CA,MOORPARK
457,4323.0 WOODGLEN DR MOORPARK CA,MOORPARK
458,nan nan nan MOORPARK CA,MOORPARK
459,879.0 LOS_ANGELES AVE MOORPARK CA,MOORPARK
460,nan nan nan MOORPARK CA,MOORPARK
461,49.0 CHARLES ST MOORPARK CA,MOORPARK
462,71.0 CHARLES ST MOORPARK CA,MOORPARK
463,nan nan nan MOORPARK CA,MOORPARK
464,13818.0 STAGECOACH TRL MOORPARK CA,MOORPARK
465,13776.0 STAGECOACH TRL MOORPARK CA,MOORPARK
466,736.0 NOGALES AVE MOORPARK CA,MOORPARK
467,14476.0 AVENIDA_COLONIA nan MOORPARK CA,MOORPARK
468,14445.0 AVENIDA_COLONIA nan MOORPARK CA,MOORPARK
469,14343.0 AVENIDA_COLONIA nan MOORPARK CA,MOORPARK
470,14440.0 AVENIDA_COLONIA nan MOORPARK CA,MOORPARK
471,14384.0 DARTMOUTH CIR MOORPARK CA,MOORPARK
472,6876.0 AUBURN CIR MOORPARK CA,MOORPARK
473,14481.0 BAYLOR CIR MOORPARK CA,MOORPARK
474,6440.0 MARQUETTE ST MOORPARK CA,MOORPARK
475,nan nan nan SANTA_ROSA_VALLEY CA,SANTA_ROSA_VALLEY
476,2531.0 SCOTT PL THOUSAND_OAKS CA,THOUSAND_OAKS
477,416.0 CAMINO_DOS_PALOS nan THOUSAND_OAKS CA,THOUSAND_OAKS
478,3115.0 TANGLEWOOD CT THOUSAND_OAKS CA,THOUSAND_OAKS
479,429.0 CAMINO_MANZANAS nan THOUSAND_OAKS CA,THOUSAND_OAKS
480,316.0 QUEENSBURY ST THOUSAND_OAKS CA,THOUSAND_OAKS
481,824.0 PINETREE CIR THOUSAND_OAKS CA,THOUSAND_OAKS
482,613.0 AVE_DE_LA_PLATA nan THOUSAND_OAKS CA,THOUSAND_OAKS
483,nan nan nan SANTA_ROSA_VALLEY CA,SANTA_ROSA_VALLEY
484,528.0 SHENANDOAH ST THOUSAND_OAKS CA,THOUSAND_OAKS
485,502.0 FARGO ST THOUSAND_OAKS CA,THOUSAND_OAKS
486,1773.0 AV_DE_LAS_FLORES nan THOUSAND_OAKS CA,THOUSAND_OAKS
487,nan nan nan THOUSAND_OAKS CA,THOUSAND_OAKS
488,458.0 COUNTRY_CLUB DR SIMI_VALLEY CA,SIMI_VALLEY
489,1611.0 CALLE_ARTIGAS nan THOUSAND_OAKS CA,THOUSAND_OAKS
490,766.0 CALLE_CONTENTO nan THOUSAND_OAKS CA,THOUSAND_OAKS
491,3390.0 DARBY_#443 nan SIMI_VALLEY CA,SIMI_VALLEY
492,nan nan nan SIMI_VALLEY CA,SIMI_VALLEY
493,529.0 SIMI nan SIMI_VALLEY CA,SIMI_VALLEY
494,529.0 SIMI nan SIMI_VALLEY CA,SIMI_VALLEY
495,3387.0 TAPO_CYN RD SIMI_VALLEY CA,SIMI_VALLEY
496,529.0 SIMI nan SIMI_VALLEY CA,SIMI_VALLEY
497,nan nan nan SIMI_VALLEY CA,SIMI_VALLEY
498,3140.0 SHERI DR SIMI_VALLEY CA,SIMI_VALLEY
499,4166.0 LAREDO LN SIMI_VALLEY CA,SIMI_VALLEY
500,3910.0 COCHRAN ST SIMI_VALLEY CA,SIMI_VALLEY
501,nan nan nan SIMI_VALLEY CA,SIMI_VALLEY
502,2234.0 WINIFRED ST SIMI_VALLEY CA,SIMI_VALLEY
503,nan nan nan SIMI_VALLEY CA,SIMI_VALLEY
504,nan nan nan SIMI_VALLEY CA,SIMI_VALLEY
505,nan nan nan SIMI_VALLEY CA,SIMI_VALLEY
506,4830.0 BARNARD ST SIMI_VALLEY CA,SIMI_VALLEY
507,nan nan nan SIMI_VALLEY CA,SIMI_VALLEY
508,2990.0 GALVESTON DR SIMI_VALLEY CA,SIMI_VALLEY
509,3530.0 AUSTIN ST SIMI_VALLEY CA,SIMI_VALLEY
510,4460.0 LUBBOCK DR SIMI_VALLEY CA,SIMI_VALLEY
511,5258.0 MOHAVE DR SIMI_VALLEY CA,SIMI_VALLEY
512,nan nan nan SIMI_VALLEY CA,SIMI_VALLEY
513,nan nan nan SIMI_VALLEY CA,SIMI_VALLEY
514,nan nan nan SIMI_VALLEY CA,SIMI_VALLEY
515,nan nan nan SIMI_VALLEY CA,SIMI_VALLEY
516,383.0 ARISTOTLE ST SIMI_VALLEY CA,SIMI_VALLEY
517,650.0 COCHRAN ST SIMI_VALLEY CA,SIMI_VALLEY
518,321.0 ROYAL AVE SIMI_VALLEY CA,SIMI_VALLEY
519,846.0 CALIFORNIA AVE SIMI_VALLEY CA,SIMI_VALLEY
520,1712.0 SINALOA_105 RD SIMI_VALLEY CA,SIMI_VALLEY
521,1913.0 CROWNE_OAK LN SIMI_VALLEY CA,SIMI_VALLEY
522,1706.0 BALLARD ST SIMI_VALLEY CA,SIMI_VALLEY
523,1256.0 PATRICIA AVE SIMI_VALLEY CA,SIMI_VALLEY
524,2224.0 TRINWAY AVE SIMI_VALLEY CA,SIMI_VALLEY
525,2282.0 TRINWAY AVE SIMI_VALLEY CA,SIMI_VALLEY
526,2206.0 SYCAMORE DR SIMI_VALLEY CA,SIMI_VALLEY
527,2730.0 NILES ST SIMI_VALLEY CA,SIMI_VALLEY
528,2147.0 LINDALE AVE SIMI_VALLEY CA,SIMI_VALLEY
529,2124.0 SYCAMORE DR SIMI_VALLEY CA,SIMI_VALLEY
530,3378.0 HILLDALE AVE SIMI_VALLEY CA,SIMI_VALLEY
531,3074.0 FLETCHER ST SIMI_VALLEY CA,SIMI_VALLEY
532,2990.0 ROSETTE ST SIMI_VALLEY CA,SIMI_VALLEY
533,342.0 LAGUNA TRL SIMI_VALLEY CA,SIMI_VALLEY
534,6542.0 TWIN_CIRCLE LN SIMI_VALLEY CA,SIMI_VALLEY
535,nan nan nan SIMI_VALLEY CA,SIMI_VALLEY
536,1726.0 BRIDGET AVE SIMI_VALLEY CA,SIMI_VALLEY
537,nan nan nan SIMI_VALLEY CA,SIMI_VALLEY
538,1975.0 ROYAL AVE SIMI_VALLEY CA,SIMI_VALLEY
539,1913.0 SPARKS CT SIMI_VALLEY CA,SIMI_VALLEY
540,1953.0 WHITEHALL CT SIMI_VALLEY CA,SIMI_VALLEY
541,1229.0 DRAKE DR SIMI_VALLEY CA,SIMI_VALLEY
542,1774.0 HAMILTON ST SIMI_VALLEY CA,SIMI_VALLEY
543,2259.0 WISTERIA ST SIMI_VALLEY CA,SIMI_VALLEY
544,2380.0 BROWER ST SIMI_VALLEY CA,SIMI_VALLEY
545,1770.0 ORR AVE SIMI_VALLEY CA,SIMI_VALLEY
546,1861.0 CRATER ST SIMI_VALLEY CA,SIMI_VALLEY
547,2555.0 ELIZONDO AVE SIMI_VALLEY CA,SIMI_VALLEY
548,nan nan nan SIMI_VALLEY CA,SIMI_VALLEY
549,nan nan nan SIMI_VALLEY CA,SIMI_VALLEY
550,nan nan nan SIMI_VALLEY CA,SIMI_VALLEY
551,nan nan nan SIMI_VALLEY CA,SIMI_VALLEY
552,nan nan nan SIMI_VALLEY CA,SIMI_VALLEY
553,6015.0 PEPPERTREE LN SIMI_VALLEY CA,SIMI_VALLEY
554,nan nan nan SIMI_VALLEY CA,SIMI_VALLEY
555,nan nan nan SIMI_VALLEY CA,SIMI_VALLEY
556,nan nan nan SIMI_VALLEY CA,SIMI_VALLEY
557,nan nan nan SIMI_VALLEY CA,SIMI_VALLEY
558,nan nan nan SIMI_VALLEY CA,SIMI_VALLEY
559,nan nan nan SIMI_VALLEY CA,SIMI_VALLEY
560,nan nan nan SIMI_VALLEY CA,SIMI_VALLEY
561,nan nan nan SIMI_VALLEY CA,SIMI_VALLEY
562,nan nan nan SIMI_VALLEY CA,SIMI_VALLEY
563,nan nan nan SIMI_VALLEY CA,SIMI_VALLEY
564,nan nan nan SIMI_VALLEY CA,SIMI_VALLEY
565,nan nan nan SIMI_VALLEY CA,SIMI_VALLEY
566,nan nan nan SIMI_VALLEY CA,SIMI_VALLEY
567,nan nan nan SIMI_VALLEY CA,SIMI_VALLEY
568,nan nan nan SIMI_VALLEY CA,SIMI_VALLEY
569,nan nan nan SIMI_VALLEY CA,SIMI_VALLEY
570,nan nan nan SIMI_VALLEY CA,SIMI_VALLEY
571,nan nan nan SIMI_VALLEY CA,SIMI_VALLEY
572,nan nan nan SIMI_VALLEY CA,SIMI_VALLEY
573,nan nan nan SIMI_VALLEY CA,SIMI_VALLEY
574,nan nan nan SIMI_VALLEY CA,SIMI_VALLEY
575,nan nan nan SIMI_VALLEY CA,SIMI_VALLEY
576,nan nan nan SIMI_VALLEY CA,SIMI_VALLEY
577,nan nan nan SIMI_VALLEY CA,SIMI_VALLEY
578,nan nan nan SIMI_VALLEY CA,SIMI_VALLEY
579,nan nan nan SIMI_VALLEY CA,SIMI_VALLEY
580,nan nan nan SIMI_VALLEY CA,SIMI_VALLEY
581,nan nan nan SIMI_VALLEY CA,SIMI_VALLEY
582,nan nan nan SIMI_VALLEY CA,SIMI_VALLEY
583,nan nan nan SIMI_VALLEY CA,SIMI_VALLEY
584,nan nan nan SIMI_VALLEY CA,SIMI_VALLEY
585,nan nan nan SIMI_VALLEY CA,SIMI_VALLEY
586,nan nan nan SIMI_VALLEY CA,SIMI_VALLEY
587,nan nan nan SIMI_VALLEY CA,SIMI_VALLEY
588,nan nan nan SIMI_VALLEY CA,SIMI_VALLEY
589,nan nan nan SIMI_VALLEY CA,SIMI_VALLEY
590,nan nan nan SIMI_VALLEY CA,SIMI_VALLEY
591,nan nan nan SIMI_VALLEY CA,SIMI_VALLEY
592,nan nan nan SIMI_VALLEY CA,SIMI_VALLEY
593,nan nan nan SIMI_VALLEY CA,SIMI_VALLEY
594,nan nan nan SIMI_VALLEY CA,SIMI_VALLEY
595,nan nan nan SIMI_VALLEY CA,SIMI_VALLEY
596,nan nan nan SIMI_VALLEY CA,SIMI_VALLEY
597,nan nan nan SIMI_VALLEY CA,SIMI_VALLEY
598,nan nan nan SIMI_VALLEY CA,SIMI_VALLEY
599,nan nan nan SIMI_VALLEY CA,SIMI_VALLEY
600,nan nan nan SIMI_VALLEY CA,SIMI_VALLEY
601,nan nan nan SIMI_VALLEY CA,SIMI_VALLEY
602,nan nan nan SIMI_VALLEY CA,SIMI_VALLEY
603,nan nan nan SIMI_VALLEY CA,SIMI_VALLEY
604,nan nan nan SIMI_VALLEY CA,SIMI_VALLEY
605,nan nan nan SIMI_VALLEY CA,SIMI_VALLEY
606,nan nan nan SIMI_VALLEY CA,SIMI_VALLEY
607,nan nan nan SIMI_VALLEY CA,SIMI_VALLEY
608,nan nan nan SIMI_VALLEY CA,SIMI_VALLEY
609,nan nan nan SIMI_VALLEY CA,SIMI_VALLEY
610,nan nan nan SIMI_VALLEY CA,SIMI_VALLEY
611,nan nan nan SIMI_VALLEY CA,SIMI_VALLEY
612,153.0 DENNIS WAY SIMI_VALLEY CA,SIMI_VALLEY
613,9548.0 DENNIS WAY SIMI_VALLEY CA,SIMI_VALLEY
614,nan nan nan SIMI_VALLEY CA,SIMI_VALLEY
615,nan nan nan SIMI_VALLEY CA,SIMI_VALLEY
616,nan nan nan SIMI_VALLEY CA,SIMI_VALLEY
617,nan nan nan SIMI_VALLEY CA,SIMI_VALLEY
618,nan nan nan SIMI_VALLEY CA,SIMI_VALLEY
619,nan nan nan SIMI_VALLEY CA,SIMI_VALLEY
620,nan nan nan SIMI_VALLEY CA,SIMI_VALLEY
621,nan nan nan SIMI_VALLEY CA,SIMI_VALLEY
622,nan nan nan SIMI_VALLEY CA,SIMI_VALLEY
623,nan nan nan SIMI_VALLEY CA,SIMI_VALLEY
624,nan nan nan SIMI_VALLEY CA,SIMI_VALLEY
625,nan nan nan SIMI_VALLEY CA,SIMI_VALLEY
626,nan nan nan SIMI_VALLEY CA,SIMI_VALLEY
627,nan nan nan SIMI_VALLEY CA,SIMI_VALLEY
628,nan nan nan SIMI_VALLEY CA,SIMI_VALLEY
629,nan nan nan SIMI_VALLEY CA,SIMI_VALLEY
630,nan nan nan SIMI_VALLEY CA,SIMI_VALLEY
631,nan nan nan SIMI_VALLEY CA,SIMI_VALLEY
632,nan nan nan SIMI_VALLEY CA,SIMI_VALLEY
633,nan nan nan SIMI_VALLEY CA,SIMI_VALLEY
634,nan nan nan SIMI_VALLEY CA,SIMI_VALLEY
635,nan nan nan SIMI_VALLEY CA,SIMI_VALLEY
636,nan nan nan SIMI_VALLEY CA,SIMI_VALLEY
637,nan nan nan SIMI_VALLEY CA,SIMI_VALLEY
638,nan nan nan SIMI_VALLEY CA,SIMI_VALLEY
639,nan nan nan SIMI_VALLEY CA,SIMI_VALLEY
640,nan nan nan SIMI_VALLEY CA,SIMI_VALLEY
641,nan nan nan SIMI_VALLEY CA,SIMI_VALLEY
642,nan nan nan SIMI_VALLEY CA,SIMI_VALLEY
643,9420.0 TRAILS_END DR SIMI_VALLEY CA,SIMI_VALLEY
644,nan nan nan SIMI_VALLEY CA,SIMI_VALLEY
645,nan nan nan SIMI_VALLEY CA,SIMI_VALLEY
646,nan nan nan SIMI_VALLEY CA,SIMI_VALLEY
647,nan nan nan SIMI_VALLEY CA,SIMI_VALLEY
648,nan nan nan SIMI_VALLEY CA,SIMI_VALLEY
649,nan nan nan SIMI_VALLEY CA,SIMI_VALLEY
650,nan nan nan SIMI_VALLEY CA,SIMI_VALLEY
651,nan nan nan SIMI_VALLEY CA,SIMI_VALLEY
652,nan nan nan SIMI_VALLEY CA,SIMI_VALLEY
653,nan nan nan SIMI_VALLEY CA,SIMI_VALLEY
654,nan nan nan SIMI_VALLEY CA,SIMI_VALLEY
655,nan nan nan SIMI_VALLEY CA,SIMI_VALLEY
656,nan nan nan SIMI_VALLEY CA,SIMI_VALLEY
657,nan nan nan SIMI_VALLEY CA,SIMI_VALLEY
658,nan nan nan SIMI_VALLEY CA,SIMI_VALLEY
659,nan nan nan SIMI_VALLEY CA,SIMI_VALLEY
660,nan nan nan SIMI_VALLEY CA,SIMI_VALLEY
661,nan nan nan SIMI_VALLEY CA,SIMI_VALLEY
662,nan nan nan SIMI_VALLEY CA,SIMI_VALLEY
663,nan nan nan SIMI_VALLEY CA,SIMI_VALLEY
664,nan nan nan SIMI_VALLEY CA,SIMI_VALLEY
665,nan nan nan SIMI_VALLEY CA,SIMI_VALLEY
666,nan nan nan SIMI_VALLEY CA,SIMI_VALLEY
667,nan nan nan SIMI_VALLEY CA,SIMI_VALLEY
668,nan nan nan SIMI_VALLEY CA,SIMI_VALLEY
669,nan nan nan SIMI_VALLEY CA,SIMI_VALLEY
670,nan nan nan SIMI_VALLEY CA,SIMI_VALLEY
671,nan nan nan SIMI_VALLEY CA,SIMI_VALLEY
672,nan nan nan SIMI_VALLEY CA,SIMI_VALLEY
673,2366.0 FASLEY AVE SIMI_VALLEY CA,SIMI_VALLEY
674,nan nan nan SIMI_VALLEY CA,SIMI_VALLEY
675,nan nan nan SIMI_VALLEY CA,SIMI_VALLEY
676,1635.0 KIRSTEN AVE SIMI_VALLEY CA,SIMI_VALLEY
677,1789.0 EMORY AVE SIMI_VALLEY CA,SIMI_VALLEY
678,1920.0 SUNTREE_B LN SIMI_VALLEY CA,SIMI_VALLEY
679,2105.0 EMORY_#81 AVE SIMI_VALLEY CA,SIMI_VALLEY
680,nan nan nan SIMI_VALLEY CA,SIMI_VALLEY
681,2070.0 SWINDON AVE SIMI_VALLEY CA,SIMI_VALLEY
682,6627.0 SASPARILLA ST SIMI_VALLEY CA,SIMI_VALLEY
683,nan nan nan THOUSAND_OAKS CA,THOUSAND_OAKS
684,nan nan nan THOUSAND_OAKS CA,THOUSAND_OAKS
685,1501.0 SUSAN DR THOUSAND_OAKS CA,THOUSAND_OAKS
686,311.0 HAIGH RD MOORPARK CA,MOORPARK
687,311.0 HAIGH RD THOUSAND_OAKS CA,THOUSAND_OAKS
688,nan nan nan THOUSAND_OAKS CA,THOUSAND_OAKS
689,882.0 CALLE_LAREDO nan THOUSAND_OAKS CA,THOUSAND_OAKS
690,nan nan nan nan CA,nan
691,nan nan nan WESTLAKE CA,WESTLAKE
692,3943.0 GREENWOOD ST THOUSAND_OAKS CA,THOUSAND_OAKS
693,3466.0 KIMBER DR THOUSAND_OAKS CA,THOUSAND_OAKS
694,nan nan nan PORT_HUENEME CA,PORT_HUENEME
695,1033.0 BROADBECK DR THOUSAND_OAKS CA,THOUSAND_OAKS
696,nan nan nan THOUSAND_OAKS CA,THOUSAND_OAKS
697,nan nan nan THOUSAND_OAKS CA,THOUSAND_OAKS
698,nan nan nan THOUSAND_OAKS CA,THOUSAND_OAKS
699,3145.0 OLD_CONEJO RD THOUSAND_OAKS CA,THOUSAND_OAKS
700,nan nan nan THOUSAND_OAKS CA,THOUSAND_OAKS
701,nan nan nan THOUSAND_OAKS CA,THOUSAND_OAKS
702,885.0 HILLCREST DR THOUSAND_OAKS CA,THOUSAND_OAKS
703,nan nan nan THOUSAND_OAKS CA,THOUSAND_OAKS
704,nan nan nan THOUSAND_OAKS CA,THOUSAND_OAKS
705,220.0 ERBES RD THOUSAND_OAKS CA,THOUSAND_OAKS
706,2747.0 HILLCREST DR THOUSAND_OAKS CA,THOUSAND_OAKS
707,130.0 NEWBURY LN THOUSAND_OAKS CA,THOUSAND_OAKS
708,nan nan nan THOUSAND_OAKS CA,THOUSAND_OAKS
709,nan nan nan THOUSAND_OAKS CA,THOUSAND_OAKS
710,nan nan nan THOUSAND_OAKS CA,THOUSAND_OAKS
711,nan nan nan THOUSAND_OAKS CA,THOUSAND_OAKS
712,205.0 ACACIA RD THOUSAND_OAKS CA,THOUSAND_OAKS
713,245.0 ACACIA RD THOUSAND_OAKS CA,THOUSAND_OAKS
714,nan nan nan THOUSAND_OAKS CA,THOUSAND_OAKS
715,205.0 TIMBER RD THOUSAND_OAKS CA,THOUSAND_OAKS
716,nan nan nan THOUSAND_OAKS CA,THOUSAND_OAKS
717,nan nan nan THOUSAND_OAKS CA,THOUSAND_OAKS
718,nan nan nan THOUSAND_OAKS CA,THOUSAND_OAKS
719,nan nan nan THOUSAND_OAKS CA,THOUSAND_OAKS
720,nan nan nan THOUSAND_OAKS CA,THOUSAND_OAKS
721,nan nan nan THOUSAND_OAKS CA,THOUSAND_OAKS
722,nan nan nan THOUSAND_OAKS CA,THOUSAND_OAKS
723,nan nan nan THOUSAND_OAKS CA,THOUSAND_OAKS
724,nan nan nan THOUSAND_OAKS CA,THOUSAND_OAKS
725,nan nan nan THOUSAND_OAKS CA,THOUSAND_OAKS
726,nan nan nan THOUSAND_OAKS CA,THOUSAND_OAKS
727,nan nan nan THOUSAND_OAKS CA,THOUSAND_OAKS
728,nan nan nan THOUSAND_OAKS CA,THOUSAND_OAKS
729,nan nan nan THOUSAND_OAKS CA,THOUSAND_OAKS
730,nan nan nan THOUSAND_OAKS CA,THOUSAND_OAKS
731,nan nan nan THOUSAND_OAKS CA,THOUSAND_OAKS
732,348.0 ACACIA RD THOUSAND_OAKS CA,THOUSAND_OAKS
733,nan nan nan THOUSAND_OAKS CA,THOUSAND_OAKS
734,nan nan nan THOUSAND_OAKS CA,THOUSAND_OAKS
735,364.0 ACACIA RD THOUSAND_OAKS CA,THOUSAND_OAKS
736,nan nan nan THOUSAND_OAKS CA,THOUSAND_OAKS
737,nan nan nan THOUSAND_OAKS CA,THOUSAND_OAKS
738,nan nan nan THOUSAND_OAKS CA,THOUSAND_OAKS
739,nan nan nan THOUSAND_OAKS CA,THOUSAND_OAKS
740,nan nan nan THOUSAND_OAKS CA,THOUSAND_OAKS
741,nan nan nan THOUSAND_OAKS CA,THOUSAND_OAKS
742,nan nan nan THOUSAND_OAKS CA,THOUSAND_OAKS
743,nan nan nan THOUSAND_OAKS CA,THOUSAND_OAKS
744,nan nan nan THOUSAND_OAKS CA,THOUSAND_OAKS
745,nan nan nan THOUSAND_OAKS CA,THOUSAND_OAKS
746,nan nan nan THOUSAND_OAKS CA,THOUSAND_OAKS
747,nan nan nan THOUSAND_OAKS CA,THOUSAND_OAKS
748,nan nan nan THOUSAND_OAKS CA,THOUSAND_OAKS
749,nan nan nan THOUSAND_OAKS CA,THOUSAND_OAKS
750,nan nan nan THOUSAND_OAKS CA,THOUSAND_OAKS
751,nan nan nan THOUSAND_OAKS CA,THOUSAND_OAKS
752,nan nan nan THOUSAND_OAKS CA,THOUSAND_OAKS
753,nan nan nan THOUSAND_OAKS CA,THOUSAND_OAKS
754,nan nan nan THOUSAND_OAKS CA,THOUSAND_OAKS
755,nan nan nan THOUSAND_OAKS CA,THOUSAND_OAKS
756,nan nan nan THOUSAND_OAKS CA,THOUSAND_OAKS
757,nan nan nan THOUSAND_OAKS CA,THOUSAND_OAKS
758,nan nan nan THOUSAND_OAKS CA,THOUSAND_OAKS
759,3175.0 CAMINO_GRACIOSA nan THOUSAND_OAKS CA,THOUSAND_OAKS
760,2780.0 CALLE_OLIVO nan THOUSAND_OAKS CA,THOUSAND_OAKS
761,1382.0 CALLE_PIMIENTO nan THOUSAND_OAKS CA,THOUSAND_OAKS
762,nan nan nan THOUSAND_OAKS CA,THOUSAND_OAKS
763,608.0 CALLE_TULIPAN nan THOUSAND_OAKS CA,THOUSAND_OAKS
764,nan nan nan THOUSAND_OAKS CA,THOUSAND_OAKS
765,2465.0 AV_DE_LAS_PLANTAS nan THOUSAND_OAKS CA,THOUSAND_OAKS
766,2151.0 CALLE_LILA nan THOUSAND_OAKS CA,THOUSAND_OAKS
767,nan nan nan THOUSAND_OAKS CA,THOUSAND_OAKS
768,nan nan nan THOUSAND_OAKS CA,THOUSAND_OAKS
769,nan nan nan THOUSAND_OAKS CA,THOUSAND_OAKS
770,257.0 FAIRVIEW RD THOUSAND_OAKS CA,THOUSAND_OAKS
771,nan nan nan THOUSAND_OAKS CA,THOUSAND_OAKS
772,nan nan nan THOUSAND_OAKS CA,THOUSAND_OAKS
773,nan nan nan THOUSAND_OAKS CA,THOUSAND_OAKS
774,nan nan nan THOUSAND_OAKS CA,THOUSAND_OAKS
775,nan nan nan THOUSAND_OAKS CA,THOUSAND_OAKS
776,nan nan nan THOUSAND_OAKS CA,THOUSAND_OAKS
777,nan nan nan THOUSAND_OAKS CA,THOUSAND_OAKS
778,nan nan nan WESTLAKE_VILLAGE CA,WESTLAKE_VILLAGE
779,nan nan nan WESTLAKE_VILLAGE CA,WESTLAKE_VILLAGE
780,2858.0 APPALACHIAN CT WESTLAKE CA,WESTLAKE
781,nan nan nan THOUSAND_OAKS CA,THOUSAND_OAKS
782,300.0 PEBBLE_BEACH DR THOUSAND_OAKS CA,THOUSAND_OAKS
783,nan nan nan OAK_PARK CA,OAK_PARK
784,nan nan nan OAK_PARK CA,OAK_PARK
785,nan nan nan OAK_PARK CA,OAK_PARK
786,nan nan nan OAK_PARK CA,OAK_PARK
787,nan nan nan OAK_PARK CA,OAK_PARK
788,nan nan nan OAK_PARK CA,OAK_PARK
789,nan nan nan OAK_PARK CA,OAK_PARK
790,nan nan nan OAK_PARK CA,OAK_PARK
791,nan nan nan OAK_PARK CA,OAK_PARK
792,nan nan nan OAK_PARK CA,OAK_PARK
793,nan nan nan OAK_PARK CA,OAK_PARK
794,nan nan nan OAK_PARK CA,OAK_PARK
795,nan nan nan OAK_PARK CA,OAK_PARK
796,nan nan nan OAK_PARK CA,OAK_PARK
797,nan nan nan VENTURA_COUNTY CA,VENTURA_COUNTY
798,nan nan nan THOUSAND_OAKS CA,THOUSAND_OAKS
799,2627.0 HARTLAND CIR WESTLAKE CA,WESTLAKE
800,1108.0 LANDSBURN CIR WESTLAKE CA,WESTLAKE
801,nan nan nan MALIBU CA,MALIBU
802,nan nan nan MALIBU CA,MALIBU
803,nan nan nan MALIBU CA,MALIBU
804,nan nan nan MALIBU CA,MALIBU
805,nan nan nan MALIBU CA,MALIBU
806,nan nan nan MALIBU CA,MALIBU
807,nan nan nan MALIBU CA,MALIBU
808,nan nan nan THOUSAND_OAKS CA,THOUSAND_OAKS
809,nan nan nan THOUSAND_OAKS CA,THOUSAND_OAKS
810,nan nan nan THOUSAND_OAKS CA,THOUSAND_OAKS
811,1314.0 THORNCROFT CT WESTLAKE CA,WESTLAKE
812,1575.0 FOLKESTONE TRL WESTLAKE CA,WESTLAKE
813,nan nan nan MALIBU CA,MALIBU
814,nan nan nan MALIBU CA,MALIBU
815,nan nan nan MALIBU CA,MALIBU
816,nan nan nan MALIBU CA,MALIBU
817,nan nan nan MALIBU CA,MALIBU
818,nan nan nan MALIBU CA,MALIBU
819,nan nan nan MALIBU CA,MALIBU
820,nan nan nan MALIBU CA,MALIBU
821,nan nan nan MALIBU CA,MALIBU
822,nan nan nan MALIBU CA,MALIBU
823,nan nan nan MALIBU CA,MALIBU
824,nan nan nan MALIBU CA,MALIBU
825,nan nan nan MALIBU CA,MALIBU
826,nan nan nan MALIBU CA,MALIBU
827,nan nan nan MALIBU CA,MALIBU
828,nan nan nan MALIBU CA,MALIBU
829,nan nan nan MALIBU CA,MALIBU
830,nan nan nan MALIBU CA,MALIBU
831,nan nan nan MALIBU CA,MALIBU
832,nan nan nan MALIBU CA,MALIBU
833,nan nan nan MALIBU CA,MALIBU
834,nan nan nan MALIBU CA,MALIBU
835,nan nan nan MALIBU CA,MALIBU
836,nan nan nan MALIBU CA,MALIBU
837,nan nan nan MALIBU CA,MALIBU
838,nan nan nan MALIBU CA,MALIBU
839,nan nan nan MALIBU CA,MALIBU
840,nan nan nan MALIBU CA,MALIBU
841,nan nan nan MALIBU CA,MALIBU
842,nan nan nan MALIBU CA,MALIBU
843,nan nan nan MALIBU CA,MALIBU
844,nan nan nan MALIBU CA,MALIBU
845,nan nan nan MALIBU CA,MALIBU
846,nan nan nan MALIBU CA,MALIBU
847,nan nan nan MALIBU CA,MALIBU
848,nan nan nan MALIBU CA,MALIBU
849,nan nan nan MALIBU CA,MALIBU
850,nan nan nan MALIBU CA,MALIBU
851,nan nan nan MALIBU CA,MALIBU
852,nan nan nan OAK_PARK CA,OAK_PARK
853,nan nan nan OAK_PARK CA,OAK_PARK
854,nan nan nan OAK_PARK CA,OAK_PARK
855,379.0 SOUTHRIDGE DR OAK_PARK CA,OAK_PARK
856,6613.0 POPPYVIEW DR OAK_PARK CA,OAK_PARK
857,nan nan nan OAK_PARK CA,OAK_PARK
858,37.0 SAGE LN BELL_CANYON CA,BELL_CANYON
859,34.0 STAGECOACH RD BELL_CANYON CA,BELL_CANYON
