,address,City
0,572.0 BUNKER_HILL DR SAN_BERNARDINO CA,SAN_BERNARDINO
1,2443.0 ROXBURY DR SAN_BERNARDINO CA,SAN_BERNARDINO
2,nan ARIZONA_AND_MONTEREY nan NEEDLES CA,NEEDLES
3,2523.0 OGDEN ST SAN_BERNARDINO CA,SAN_BERNARDINO
4,6970.0 OSBUN RD SAN_BERNARDINO CA,SAN_BERNARDINO
5,34868.0 DATE AVE YUCAIPA CA,YUCAIPA
6,12171.0 LAKEVIEW DR TRONA CA,TRONA
7,82202.0 5TH ST TRONA CA,TRONA
8,7505.0 CIBOLA TRL YUCCA_VALLEY CA,YUCCA_VALLEY
9,62620.0 NARNIA WAY JOSHUA_TREE CA,JOSHUA_TREE
10,5422.0 ADOBE RD TWENTYNINE_PALMS CA,TWENTYNINE_PALMS
11,836.0 BEACH DR NEEDLES CA,NEEDLES
12,5644.0 PERIDOT AVE ALTA_LOMA CA,ALTA_LOMA
