,address,City
0,1030 P ST BAKERSFIELD CA,BAKERSFIELD
1,1007 SUMNER ST BAKERSFIELD CA,BAKERSFIELD
2,115 OWENS ST BAKERSFIELD CA,BAKERSFIELD
3,1134 13TH ST WASCO CA,WASCO
4,1025 G ST WASCO CA,WASCO
5,122 KERN ST TAFT CA,TAFT
6,607 B ST TAFT CA,TAFT
7,515 E ST TEHACHAPI CA,TEHACHAPI
8,18483 BAYLESS ST SHAFTER CA,SHAFTER
9,3619 L ST BAKERSFIELD CA,BAKERSFIELD
10,527 WATER ST BAKERSFIELD CA,BAKERSFIELD
11,1227 DRURY LN BAKERSFIELD CA,BAKERSFIELD
12,3008 CRESTLINE RD BAKERSFIELD CA,BAKERSFIELD
13,502 TANNER ST BAKERSFIELD CA,BAKERSFIELD
14,2208 LARCUS AVE BAKERSFIELD CA,BAKERSFIELD
15,2207 LUCKY ST BAKERSFIELD CA,BAKERSFIELD
16,2306 MICHAEL ST BAKERSFIELD CA,BAKERSFIELD
17,1819 PLANZ RD BAKERSFIELD CA,BAKERSFIELD
18,3406 OLIVER ST BAKERSFIELD CA,BAKERSFIELD
19,207 ADAMS ST TAFT CA,TAFT
20,19648 NEURALIA RD CALIFORNIA_CITY CA,CALIFORNIA_CITY
21,27193 ANDERSON ST BORON CA,BORON
22,27096 COTE ST BORON CA,BORON
23,27307 ANDERSON ST BORON CA,BORON
24,6909 CRANBROOK AVE BAKERSFIELD CA,BAKERSFIELD
25,3701 CENTURY DR BAKERSFIELD CA,BAKERSFIELD
26,2424 CAMELLIA ST WASCO CA,WASCO
