,address,City
0,19417 INGOMAR ST LOS_ANGELES CA,LOS_ANGELES
1,6205 RANDI AVE LOS_ANGELES CA,LOS_ANGELES
2,8139 MATILIJA AVE LOS_ANGELES CA,LOS_ANGELES
3,14344 FOOTHILL BLVD SYLMAR CA,SYLMAR
4,757 OCEAN AVE SANTA_MONICA CA,SANTA_MONICA
5,1846 MARTIN_LUTHER_KING_JR BLVD LOS_ANGELES CA,LOS_ANGELES
6,1556 37TH PL LOS_ANGELES CA,LOS_ANGELES
7,2231 CATALINA ST LOS_ANGELES CA,LOS_ANGELES
8,3538 SIERRA ST LOS_ANGELES CA,LOS_ANGELES
9,2186 NEW_YORK DR ALTADENA CA,ALTADENA
10,920 65TH ST LOS_ANGELES CA,LOS_ANGELES
11,1227 87TH PL LOS_ANGELES CA,LOS_ANGELES
12,9124 BUDLONG AVE LOS_ANGELES CA,LOS_ANGELES
13,10722 ANZAC AVE LOS_ANGELES CA,LOS_ANGELES
14,913 CLAUDE ST CARSON CA,CARSON
15,2718 SATURN AVE HUNTINGTON_PARK CA,HUNTINGTON_PARK
16,7728 ALLENGROVE ST DOWNEY CA,DOWNEY
17,7726 FINEVALE DR DOWNEY CA,DOWNEY
18,6218 CONANT ST LONG_BEACH CA,LONG_BEACH
19,19418 GUNLOCK AVE CARSON CA,CARSON
20,3721 PATTON AVE LOS_ANGELES CA,LOS_ANGELES
21,13138 MICHELLE CIR WHITTIER CA,WHITTIER
22,12027 EDDERTON AVE WHITTIER CA,WHITTIER
23,1365 GROVERDALE ST COVINA CA,COVINA
24,13664 PRICHARD ST LA_PUENTE CA,LA_PUENTE
25,9907 NADINE ST TEMPLE_CITY CA,TEMPLE_CITY
26,1240 PENNSYLVANIA AVE GLENDORA CA,GLENDORA
