,address,City
0,392 HOLLY ST RIALTO CA,RIALTO
1,320 WOODCREST ST RIALTO CA,RIALTO
2,1705 MAGNOLIA AVE SAN_BERNARDINO CA,SAN_BERNARDINO
3,3965 PARKSIDE DR SAN_BERNARDINO CA,SAN_BERNARDINO
4,1350 BOTHWELL AVE COLTON CA,COLTON
5,901 POST ST REDLANDS CA,REDLANDS
6,1346 MONTEREY ST REDLANDS CA,REDLANDS
7,6515 NAPA ST RANCHO_CUCAMONGA CA,RANCHO_CUCAMONGA
8,8428 VIA_LADERA nan CUCAMONGA CA,CUCAMONGA
9,8203 ARCHIBALD AVE CUCAMONGA CA,CUCAMONGA
10,8197 ARCHIBALD AVE CUCAMONGA CA,CUCAMONGA
11,8177 ARCHIBALD AVE CUCAMONGA CA,CUCAMONGA
12,18260 SAN_JACINTO CT FONTANA CA,FONTANA
13,1887 HARDT ST SAN_BERNARDINO CA,SAN_BERNARDINO
14,25965 HOLLY_VISTA BLVD SAN_BERNARDINO CA,SAN_BERNARDINO
15,34594 AVE_H nan YUCAIPA CA,YUCAIPA
16,23520 PALA LN APPLE_VALLEY CA,APPLE_VALLEY
17,4054 FRANCIS AVE CHINO CA,CHINO
18,6287 TRUMAN CT CHINO CA,CHINO
19,4962 LOS_SERRANOS RD CHINO_HILLS CA,CHINO_HILLS
20,859 CARSON ST UPLAND CA,UPLAND
21,1147 7TH ST ONTARIO CA,ONTARIO
22,1322 ALLYN AVE ONTARIO CA,ONTARIO
23,1228 GRANITE AVE ONTARIO CA,ONTARIO
24,443 BEVERLY SQ ONTARIO CA,ONTARIO
