,address,City
0,23952.0 WELBY WAY LOS_ANGELES CA,LOS_ANGELES
1,31556.0 AGOURA RD WESTLAKE_VILLAGE CA,WESTLAKE_VILLAGE
2,31552.0 AGOURA RD WESTLAKE_VILLAGE CA,WESTLAKE_VILLAGE
3,nan nan nan RESEDA CA,RESEDA
4,22000.0 COLLINS ST LOS_ANGELES CA,LOS_ANGELES
5,21301.0 ERWIN ST LOS_ANGELES CA,LOS_ANGELES
6,5325.0 NEWCASTLE AVE LOS_ANGELES CA,LOS_ANGELES
7,5340.0 YARMOUTH AVE LOS_ANGELES CA,LOS_ANGELES
8,nan nan nan WOODLAND_HILLS CA,WOODLAND_HILLS
9,nan nan nan PANORAMA_CITY CA,PANORAMA_CITY
10,8139.0 MATILIJA AVE LOS_ANGELES CA,LOS_ANGELES
11,15476.0 LA_MAIDA ST LOS_ANGELES CA,LOS_ANGELES
12,nan nan nan ENCINO CA,ENCINO
13,8110.0 LONGRIDGE AVE LOS_ANGELES CA,LOS_ANGELES
14,11532.0 ARMINTA ST LOS_ANGELES CA,LOS_ANGELES
15,6227.0 MORSE AVE LOS_ANGELES CA,LOS_ANGELES
16,12606.0 BURBANK BLVD LOS_ANGELES CA,LOS_ANGELES
17,nan nan nan NORTH_HOLLYWOOD CA,NORTH_HOLLYWOOD
18,13424.0 VALLEYHEART DR LOS_ANGELES CA,LOS_ANGELES
19,nan nan nan nan nan,nan
20,nan nan nan nan nan,nan
21,4934.0 ARCOLA AVE LOS_ANGELES CA,LOS_ANGELES
22,10629.0 WOODBRIDGE ST LOS_ANGELES CA,LOS_ANGELES
23,nan nan nan TOLUCA_LAKE CA,TOLUCA_LAKE
24,nan nan nan TOLUCA_LAKE CA,TOLUCA_LAKE
25,3022.0 VALEVISTA TRL LOS_ANGELES CA,LOS_ANGELES
26,nan nan nan LOS_ANGELES CA,LOS_ANGELES
27,nan nan nan LOS_ANGELES CA,LOS_ANGELES
28,nan nan nan LOS_ANGELES CA,LOS_ANGELES
29,nan nan nan LOS_ANGELES CA,LOS_ANGELES
30,nan nan nan BURBANK CA,BURBANK
31,2915.0 OLNEY PL BURBANK CA,BURBANK
32,nan nan nan SYLMAR CA,SYLMAR
33,13202.0 BEAVER ST LOS_ANGELES CA,LOS_ANGELES
34,920.0 MACLAY AVE SAN_FERNANDO CA,SAN_FERNANDO
35,512.0 HARDING AVE SAN_FERNANDO CA,SAN_FERNANDO
36,11300.0 FOOTHILL BLVD LOS_ANGELES CA,LOS_ANGELES
37,12410.0 TERRA_BELLA ST LOS_ANGELES CA,LOS_ANGELES
38,nan nan nan TUJUNGA CA,TUJUNGA
39,nan nan nan TUJUNGA CA,TUJUNGA
40,14925.0 HUBBARD ST LOS_ANGELES CA,LOS_ANGELES
41,11212.0 RINCON AVE LOS_ANGELES CA,LOS_ANGELES
42,nan nan nan PACOIMA CA,PACOIMA
43,nan nan nan PACOIMA CA,PACOIMA
44,9800.0 VESPER AVE LOS_ANGELES CA,LOS_ANGELES
45,9800.0 SEPULVEDA BLVD LOS_ANGELES CA,LOS_ANGELES
46,8413.0 DELCO AVE LOS_ANGELES CA,LOS_ANGELES
47,8553.0 CHIMINEAS AVE LOS_ANGELES CA,LOS_ANGELES
48,nan nan nan SANTA_CLARITA CA,SANTA_CLARITA
49,nan nan nan SANTA_CLARITA CA,SANTA_CLARITA
50,nan nan nan nan nan,nan
51,nan nan nan nan nan,nan
52,nan nan nan CHATSWORTH CA,CHATSWORTH
53,nan nan nan nan nan,nan
54,nan nan nan nan nan,nan
55,nan nan nan nan nan,nan
56,nan nan nan nan nan,nan
57,19346.0 PAUMA_VALLEY DR LOS_ANGELES CA,LOS_ANGELES
58,nan nan nan nan nan,nan
59,nan nan nan SAUGUS CA,SAUGUS
60,nan nan nan nan nan,nan
61,nan nan nan nan nan,nan
62,nan nan nan nan nan,nan
63,nan nan nan nan nan,nan
64,nan nan nan nan nan,nan
65,nan nan nan nan nan,nan
66,nan nan nan nan nan,nan
67,nan nan nan nan nan,nan
68,25132.0 EVERETT DR SANTA_CLARITA CA,SANTA_CLARITA
69,23530.0 NEWHALL AVE SANTA_CLARITA CA,SANTA_CLARITA
70,nan nan nan nan nan,nan
71,nan nan nan nan nan,nan
72,nan nan nan SYLMAR CA,SYLMAR
73,nan nan nan nan nan,nan
74,nan nan nan SYLMAR CA,SYLMAR
75,nan nan nan nan nan,nan
76,23530.0 VIA_CHANTILLY nan SANTA_CLARITA CA,SANTA_CLARITA
77,nan nan nan CASTAIC CA,CASTAIC
78,40760.0 VIA_TRANQILO nan PALMDALE CA,PALMDALE
79,1700.0 AVENUE_Q14 nan PALMDALE CA,PALMDALE
80,nan VIC_AVE_Q4/15TH_STE nan PALMDALE CA,PALMDALE
81,nan VIC_AVE_Q2/14TH_STE nan PALMDALE CA,PALMDALE
82,2102.0 AVENUE_Q5 nan PALMDALE CA,PALMDALE
83,nan 26TH_STE/VIC_AVE_R6 nan PALMDALE CA,PALMDALE
84,38527.0 33RD_ST_E nan PALMDALE CA,PALMDALE
85,839.0 AVENUE_P12 nan PALMDALE CA,PALMDALE
86,nan PALMDALE_BL(PAV)/AVE_R nan SUN_VILLAGE CA,SUN_VILLAGE
87,nan VIC_80_STE/AVE_P11 nan ALPINE_BUTTE CA,ALPINE_BUTTE
88,nan VIC_150_STE/AVE_P4 nan ALPINE_BUTTE CA,ALPINE_BUTTE
89,15306.0 AVENUE_Q1 nan LAKE_LOS_ANGELES CA,LAKE_LOS_ANGELES
90,nan VIC_AVE_R4/193_STE nan BLACK_BUTTE CA,BLACK_BUTTE
91,nan VIC_AVE_R4/193_STE nan BLACK_BUTTE CA,BLACK_BUTTE
92,nan VIC_AVE_R4/197_STE nan BLACK_BUTTE CA,BLACK_BUTTE
93,nan VIC_AVE_P/195_STE nan BLACK_BUTTE CA,BLACK_BUTTE
94,26055.0 AVENUE_U12 nan LLANO CA,LLANO
95,nan AVE_S/VIC_235_STE nan BLACK_BUTTE CA,BLACK_BUTTE
96,nan AVE_S/VIC_236_STE nan BLACK_BUTTE CA,BLACK_BUTTE
97,nan AVE_S/VIC_236_STE nan BLACK_BUTTE CA,BLACK_BUTTE
98,nan AVE_S/VIC_237_STE nan BLACK_BUTTE CA,BLACK_BUTTE
99,nan VIC_240_STE/AVE_S4 nan BLACK_BUTTE CA,BLACK_BUTTE
100,nan VIC_AVE_S4/241_STE nan BLACK_BUTTE CA,BLACK_BUTTE
101,nan VIC_AVE_S4/242_STE nan BLACK_BUTTE CA,BLACK_BUTTE
102,nan 223_STE/VIC_AVE_S12 nan BLACK_BUTTE CA,BLACK_BUTTE
103,nan VIC_AVE_S4/220_STE nan BLACK_BUTTE CA,BLACK_BUTTE
104,nan VIC_AVE_T8/210_STE nan BLACK_BUTTE CA,BLACK_BUTTE
105,nan VIC_AVE_U8/221_STE nan BLACK_BUTTE CA,BLACK_BUTTE
106,nan VIC_AVE_U8/230_STE nan BLACK_BUTTE CA,BLACK_BUTTE
107,nan VIC_AVE_U14/230_STE nan BLACK_BUTTE CA,BLACK_BUTTE
108,nan VIC_AVE_U12/205_STE nan BLACK_BUTTE CA,BLACK_BUTTE
109,nan PEARBLOSSOM_HWY(PAV)/VIC nan BLACK_BUTTE CA,BLACK_BUTTE
110,nan VIC_AVE_V8/223_STE nan BLACK_BUTTE CA,BLACK_BUTTE
111,nan VIC_AVE_V8/223_STE nan BLACK_BUTTE CA,BLACK_BUTTE
112,nan 132_STE/VIC_AVE_V13 nan PEARBLOSSOM CA,PEARBLOSSOM
113,nan COR_AVE_V(DRT)/LONGVIEW( nan PEARBLOSSOM CA,PEARBLOSSOM
114,nan AVE_U4(DRT)/VIC_138_STE nan PEARBLOSSOM CA,PEARBLOSSOM
115,nan 141_STE(DRT)/VIC_AVE_U nan PEARBLOSSOM CA,PEARBLOSSOM
116,nan EWEN_AVE(DRT)/VIC_121_ST nan PEARBLOSSOM CA,PEARBLOSSOM
117,nan AVE_R12/VIC_132ND_STE nan SUN_VILLAGE CA,SUN_VILLAGE
118,nan AVE_R2/VIC_LONGVIEW_RD nan SUN_VILLAGE CA,SUN_VILLAGE
119,nan AVE_R6/VIC_150TH_STE nan SUN_VILLAGE CA,SUN_VILLAGE
120,10606.0 AVENUE_R6 nan LITTLEROCK CA,LITTLEROCK
121,11707.0 AVENUE_R4 nan SUN_VILLAGE CA,SUN_VILLAGE
122,nan nan nan LITTLEROCK CA,LITTLEROCK
123,nan OLD_NADEAU_RD/VIC_SMALL nan PALMDALE CA,PALMDALE
124,nan VIC_OLD_NADEAU_RD/VIC_SM nan PALMDALE CA,PALMDALE
125,nan VIC_ANGELES_HWY/CARSON_M nan ACTON CA,ACTON
126,nan VIC_AVENUE_Z4/VIC_92ND_S nan JUNIPER_HILLS CA,JUNIPER_HILLS
127,nan VIC_113_STE/AVE_Z8 nan JUNIPER_HILLS CA,JUNIPER_HILLS
128,nan VIC_AVE_X12/VIC_140TH_ST nan PEARBLOSSOM CA,PEARBLOSSOM
129,13138.0 FORT_TEJON RD PEARBLOSSOM CA,PEARBLOSSOM
130,nan LONGVIEW_RD/VIC(Z14E)LEP nan JUNIPER_HILLS CA,JUNIPER_HILLS
131,nan HONEYBEE_LN/VIC_118_STE nan JUNIPER_HILLS CA,JUNIPER_HILLS
132,nan VIC_LARGO_VISTA/AVE_Z nan MOUNT_WATERMAN CA,MOUNT_WATERMAN
133,nan VIC_200_STE/CAMINO_RD nan MOUNT_WATERMAN CA,MOUNT_WATERMAN
134,nan CALLE_RHEA(203E)/VIC_AVE nan MOUNT_WATERMAN CA,MOUNT_WATERMAN
135,31620.0 FORT_TEJON RD LLANO CA,LLANO
136,nan VIC_AVE_Y6/241_STE nan MOUNT_WATERMAN CA,MOUNT_WATERMAN
137,nan VIC_AVE_Z/233_STE nan MOUNT_WATERMAN CA,MOUNT_WATERMAN
138,nan VIC_223_STE/AVE_Y14 nan MOUNT_WATERMAN CA,MOUNT_WATERMAN
139,nan VIC_AVE_Z2/241_STE nan MOUNT_WATERMAN CA,MOUNT_WATERMAN
140,nan VIC_AVE_Z8/257_STE nan MOUNT_WATERMAN CA,MOUNT_WATERMAN
141,nan AVE_O/VIC_142_STE nan ALPINE_BUTTE CA,ALPINE_BUTTE
142,40574.0 168TH_ST_E nan LANCASTER CA,LANCASTER
143,40614.0 176TH_ST_E nan PALMDALE CA,PALMDALE
144,nan AVE_Q(PAV)/VIC_170_STE nan BLACK_BUTTE CA,BLACK_BUTTE
145,nan COR_AVE_N8/178TH_STE nan BLACK_BUTTE CA,BLACK_BUTTE
146,nan COR_185TH_STE/AVE_N8 nan BLACK_BUTTE CA,BLACK_BUTTE
147,nan COR_AVE_N8/192_STE nan BLACK_BUTTE CA,BLACK_BUTTE
148,nan COR_SADDLE_BACK_DR/DESER nan BLACK_BUTTE CA,BLACK_BUTTE
149,nan COR_136E(NOG)/AVE_O(PAV) nan ALPINE_BUTTE CA,ALPINE_BUTTE
150,nan AVE_N13/VIC_134_STE nan ALPINE_BUTTE CA,ALPINE_BUTTE
151,nan COR_AVE_N13(NOG)/130_E(D nan ALPINE_BUTTE CA,ALPINE_BUTTE
152,nan COR_AV_N9(NOG)/LONGVIEW( nan ALPINE_BUTTE CA,ALPINE_BUTTE
153,nan VIC_AVE_N12/125_STE nan ALPINE_BUTTE CA,ALPINE_BUTTE
154,nan 125_STE/VIC_AVE_04 nan ALPINE_BUTTE CA,ALPINE_BUTTE
155,nan COR_AVE_08/125_STE nan ALPINE_BUTTE CA,ALPINE_BUTTE
156,nan 110_STE/VIC_AVE_O12 nan ALPINE_BUTTE CA,ALPINE_BUTTE
157,nan VIC_AVE_08/116_STE nan ALPINE_BUTTE CA,ALPINE_BUTTE
158,nan VIC_AVE_014/115_STE nan ALPINE_BUTTE CA,ALPINE_BUTTE
159,nan VIC_AVE_010/116_STE nan ALPINE_BUTTE CA,ALPINE_BUTTE
160,nan VIC_AVE_P8/130_STE nan ALPINE_BUTTE CA,ALPINE_BUTTE
161,nan LONGVIEW_RD/VIC_AVE_P nan ALPINE_BUTTE CA,ALPINE_BUTTE
162,nan VIC_AVE_P12/124_STE nan ALPINE_BUTTE CA,ALPINE_BUTTE
163,nan 172_STE/VIC_AVE_T2 nan BLACK_BUTTE CA,BLACK_BUTTE
164,nan COR_173_STE/AVE_175_STE nan BLACK_BUTTE CA,BLACK_BUTTE
165,nan VIC_167_STE/AVE_T8 nan BLACK_BUTTE CA,BLACK_BUTTE
166,nan 200_STE/VIC_AVE_S4 nan BLACK_BUTTE CA,BLACK_BUTTE
167,nan AVE_T/VIC_200_STE nan BLACK_BUTTE CA,BLACK_BUTTE
168,nan VIC_AVE_T8/200_STE nan BLACK_BUTTE CA,BLACK_BUTTE
169,nan VIC_AVE_T4/195_STE nan BLACK_BUTTE CA,BLACK_BUTTE
170,nan VIC_185_STE/AVE_T10 nan BLACK_BUTTE CA,BLACK_BUTTE
171,nan VIC_AVE_U/180_STE nan BLACK_BUTTE CA,BLACK_BUTTE
172,nan VIC_AVE_P4/215_STE nan BLACK_BUTTE CA,BLACK_BUTTE
173,nan VIC_220_STE/AVE_Q nan BLACK_BUTTE CA,BLACK_BUTTE
174,nan 180_STE/VIC_AVE_W7 nan BLACK_BUTTE CA,BLACK_BUTTE
175,20150.0 AVENUE_Q10 nan LANCASTER CA,LANCASTER
176,nan VIC_AVE_R6/225_STE nan BLACK_BUTTE CA,BLACK_BUTTE
177,nan AVE_S/VIC_220TH_STE nan PALMDALE CA,PALMDALE
178,nan VIC_AVE_R4/202_STE nan BLACK_BUTTE CA,BLACK_BUTTE
179,nan VIC_AVE_Y/178_STE nan MOUNT_WATERMAN CA,MOUNT_WATERMAN
180,nan VIC_AVE_X/195_STE nan MOUNT_WATERMAN CA,MOUNT_WATERMAN
181,32750.0 195TH ST LLANO CA,LLANO
182,nan VIC_FORT_TEJON/195_STE nan MOUNT_WATERMAN CA,MOUNT_WATERMAN
183,nan COR_213_STE(PAV)/AVE_X(D nan MOUNT_WATERMAN CA,MOUNT_WATERMAN
184,nan AVE_X8_(DRT)/VIC_230_STE AVE MOUNT_WATERMAN CA,MOUNT_WATERMAN
185,nan VIC_AVE_X10/258_STE nan MOUNT_WATERMAN CA,MOUNT_WATERMAN
186,nan VIC_AVE_V6/243_STE nan BLACK_BUTTE CA,BLACK_BUTTE
187,nan VIC_AVE_V/248_STE nan BLACK_BUTTE CA,BLACK_BUTTE
188,nan VIC_AVE_V2/258_STE nan BLACK_BUTTE CA,BLACK_BUTTE
189,nan VIC_AVE_V4/263_STE nan BLACK_BUTTE CA,BLACK_BUTTE
190,nan VIC_AVE_W8/255_STE nan BLACK_BUTTE CA,BLACK_BUTTE
191,nan 241_STE/VIC_AVE_O2 nan BLACK_BUTTE CA,BLACK_BUTTE
192,nan VIC_AVE_O8/250_STE nan BLACK_BUTTE CA,BLACK_BUTTE
193,nan VIC_AVE_P12/256_STE nan BLACK_BUTTE CA,BLACK_BUTTE
194,nan COUNTY_LN(DRT)/VIC_AVE_P BRNCH BLACK_BUTTE CA,BLACK_BUTTE
195,2829.0 AVENUE_M12 nan PALMDALE CA,PALMDALE
196,nan VIC_15_STW/AVE_G6 nan CALICHE CA,CALICHE
197,nan VIC_AVE_G12/15_STW nan CALICHE CA,CALICHE
198,627.0 AVENUE_J11 nan LANCASTER CA,LANCASTER
199,nan VIC_SIERRA_HWY/AVE_G8 nan ROSEVELT CA,ROSEVELT
200,nan PONDERA_ST/VIC_DIVISION nan LANCASTER CA,LANCASTER
201,167.0 AVENUE_F nan LANCASTER CA,LANCASTER
202,nan VIC_AVE_E8/DIVISION nan REDMAN CA,REDMAN
203,nan VIC_AVE_E6/42_STE nan REDMAN CA,REDMAN
204,nan VIC_AVE_D/47_STE nan REDMAN CA,REDMAN
205,nan VIC_AVE_D/50_STE nan REDMAN CA,REDMAN
206,nan VIC_AVE_D/50_STE nan REDMAN CA,REDMAN
207,nan VIC_AVE_E8/50_STE nan REDMAN CA,REDMAN
208,1151.0 AVENUE_J6 nan LANCASTER CA,LANCASTER
209,1164.0 AVENUE_J12 nan LANCASTER CA,LANCASTER
210,1616.0 ZOLTAN ST LANCASTER CA,LANCASTER
211,nan VIC_AVE_J/45TH_STE nan LANCASTER CA,LANCASTER
212,nan AVE_G/VIC_45_STE nan ROSEVELT CA,ROSEVELT
213,nan VIC_AVE_G2/41_STE nan ROSEVELT CA,ROSEVELT
214,3334.0 AVENUE_H nan LANCASTER CA,LANCASTER
215,nan 42_STE/VIC_AVE_H4 nan ROSEVELT CA,ROSEVELT
216,nan COR_AVE_H(PAV)/48_STE(NO nan ROSEVELT CA,ROSEVELT
217,nan VIC_AVEL/197_STE nan BUTTE_VALLEY CA,BUTTE_VALLEY
218,nan VIC_AVE_L8/192_STE nan BUTTE_VALLEY CA,BUTTE_VALLEY
219,nan VIC_190_STE/AVE_L8 nan BUTTE_VALLEY CA,BUTTE_VALLEY
220,nan COR_180_STE/AVE_M nan BUTTE_VALLEY CA,BUTTE_VALLEY
221,nan COR_AVE_M(DRT)/178_STE(N nan BUTTE_VALLEY CA,BUTTE_VALLEY
222,nan VIC_AVE_M13/194_STE nan BUTTE_VALLEY CA,BUTTE_VALLEY
223,nan VIC_AVE_N/194_STE nan BUTTE_VALLEY CA,BUTTE_VALLEY
224,nan VIC_AVE_M12/197_STE nan BUTTE_VALLEY CA,BUTTE_VALLEY
225,nan VIC_AVE_M14/197_STE nan BUTTE_VALLEY CA,BUTTE_VALLEY
226,nan VIC_AVE_M12/184_STE nan BUTTE_VALLEY CA,BUTTE_VALLEY
227,nan VIC_AVE_M14/187_STE nan BUTTE_VALLEY CA,BUTTE_VALLEY
228,nan VIC_AVE_G8/17_STE nan ROSEVELT CA,ROSEVELT
229,nan COR_DIVISION_ST(PAV)AVE nan ROSEVELT CA,ROSEVELT
230,nan 60TH_STW(PAV)/VIC_AVE_E1 RD LANCASTER CA,LANCASTER
231,nan NEWGROVE_ST/VIC_63RD_STW nan DEL_SUR CA,DEL_SUR
232,nan COR_65_STW/LUMBER_ST nan DEL_SUR CA,DEL_SUR
233,nan VIC_97_STW/AVE_L12 nan ANAVERDE CA,ANAVERDE
234,nan VIC_AVE_M12/77_STW nan ANAVERDE CA,ANAVERDE
235,nan VIC_AVE_M8/89_STW nan ANAVERDE CA,ANAVERDE
236,nan BOUQUET_CYN_RD/VIC_ROGER nan LEONA_VALLEY CA,LEONA_VALLEY
237,nan VIC_BOUQUET_CYN/90_STW nan ANAVERDE CA,ANAVERDE
238,nan VIC_BOUQUET_CYN/92_STW nan ANAVERDE CA,ANAVERDE
239,nan CROWN_VLY_RD/VIC_ALISO_S nan ACTON CA,ACTON
240,nan 2_MI_N_SOLEDAD_CYN_RD/3 ST MOUNT_GLEASON CA,MOUNT_GLEASON
241,nan VIC_CORINTO/OAK_SPRING_C nan LOS_ANGELES CA,LOS_ANGELES
242,nan VIC_TELLER_AVE/WILD_COUN nan AGUA_DULCE CA,AGUA_DULCE
243,nan WAGON_WHEEL_RD/WOOLSEY_R nan AGUA_DULCE CA,AGUA_DULCE
244,nan 3/4_MI_S_DAVENPORT_RD/VI nan AGUA_DULCE CA,AGUA_DULCE
245,nan VIC_TICK_CYN_RD/1_MI_N_A nan AGUA_DULCE CA,AGUA_DULCE
246,nan TICK_CANYON_RD/CABIN nan SAUGUS CA,SAUGUS
247,nan VIC_AGUA_DULCE_CYN_RD/AV nan AGUA_DULCE CA,AGUA_DULCE
248,nan VIC_AV_FRWY/WINDRUSH_RD nan AGUA_DULCE CA,AGUA_DULCE
249,nan VIC_LINDA_VISTA/MADISON nan AGUA_DULCE CA,AGUA_DULCE
250,nan CHRISCO_AVE(DRT)/VIC_RID nan AGUA_DULCE CA,AGUA_DULCE
251,nan 2_MI_N_AV_FRWY/VIC_SHANN nan ACTON CA,ACTON
252,nan ACTON_CYN_RD/VIC_VIA_CLA nan ACTON CA,ACTON
253,nan AVE_I15/VIC_96_PLW nan DEL_SUR CA,DEL_SUR
254,nan AVE_I11/VIC_99_STW nan DEL_SUR CA,DEL_SUR
255,nan AVE_I9/VIC_98_PLW nan DEL_SUR CA,DEL_SUR
256,nan VIC_AVE_F8/90_STW nan ANTELOPE_ACRES CA,ANTELOPE_ACRES
257,nan COR_AVE_D2/(82_STW)CALAM nan ANTELOPE_ACRES CA,ANTELOPE_ACRES
258,nan SPUNKY_CYN_RD/VIC_EL_BAR nan SAUGUS CA,SAUGUS
259,nan CALLE_MALEZA/VIC_EL_JORN nan GREEN_VALLEY CA,GREEN_VALLEY
260,nan DESCONOCIDO/VIC_NARANJO nan GREEN_VALLEY CA,GREEN_VALLEY
261,nan COR_ANTELOPE_HWY/87_STW nan ANTELOPE_ACRES CA,ANTELOPE_ACRES
262,nan 80_STW/VIC_AVE_A15 nan ANTELOPE_ACRES CA,ANTELOPE_ACRES
263,nan ANTELOPE_HWY(A13)/VIC_80 nan ANTELOPE_ACRES CA,ANTELOPE_ACRES
264,nan COR_A_V_HWY(A13)/SPRING nan ANTELOPE_ACRES CA,ANTELOPE_ACRES
265,nan 80_STW/VIC_AVE_B12 nan ANTELOPE_ACRES CA,ANTELOPE_ACRES
266,nan COR_AVE_C/72_STW nan ANTELOPE_ACRES CA,ANTELOPE_ACRES
267,nan AVE_B14/VIC_76_STW nan ANTELOPE_ACRES CA,ANTELOPE_ACRES
268,nan AVE_C10/VIC_89_STW nan ANTELOPE_ACRES CA,ANTELOPE_ACRES
269,nan RAINBOW_WK/VIC_SHORELINE nan GREEN_VALLEY CA,GREEN_VALLEY
270,nan VIC_155_STW/AVE_E10 nan FAIRMONT CA,FAIRMONT
271,nan VIC_AVE_G/145_STW nan FAIRMONT CA,FAIRMONT
272,nan AVE_E/VIC_206_STW nan FAIRMONT CA,FAIRMONT
273,17565.0 LONE_PINE TRL LAKE_HUGHES CA,LAKE_HUGHES
274,nan nan nan nan nan,nan
275,27732.0 CARAWAY LN SANTA_CLARITA CA,SANTA_CLARITA
276,nan nan nan nan nan,nan
277,nan VIC_AVE_K6/88_STW nan DEL_SUR CA,DEL_SUR
278,nan VIC_AVE_A8/55_STW nan CALICHE CA,CALICHE
279,nan 53_STW/VIC_AVE_C12 nan CALICHE CA,CALICHE
280,nan VIC_AVE_A3/127_STW nan ANTELOPE_ACRES CA,ANTELOPE_ACRES
281,nan VIC_AVE_A6/128_STW nan ANTELOPE_ACRES CA,ANTELOPE_ACRES
282,nan AVE_B10/VIC_125_STW nan ANTELOPE_ACRES CA,ANTELOPE_ACRES
283,nan COR_AVE_B14/120_STW nan ANTELOPE_ACRES CA,ANTELOPE_ACRES
284,nan AVE_C6/VIC_122_STW nan ANTELOPE_ACRES CA,ANTELOPE_ACRES
285,nan AVE_C4/VIC_118_STW nan ANTELOPE_ACRES CA,ANTELOPE_ACRES
286,nan COR_AVE_B10/EXPLORER_DR nan ANTELOPE_ACRES CA,ANTELOPE_ACRES
287,nan AVE_A(PAV)/VIC_101_STW nan ANTELOPE_ACRES CA,ANTELOPE_ACRES
288,nan AVE_B4/VIC_97_STW nan ANTELOPE_ACRES CA,ANTELOPE_ACRES
289,nan VIC_AVE_D14/112_STW nan ANTELOPE_ACRES CA,ANTELOPE_ACRES
290,nan VIC_AVE_E12/135_STW nan ANTELOPE_ACRES CA,ANTELOPE_ACRES
291,nan COR_AVE_D4/90_STW nan ANTELOPE_ACRES CA,ANTELOPE_ACRES
292,nan AVE_D4/VIC_90_STW nan ANTELOPE_ACRES CA,ANTELOPE_ACRES
293,nan COR_100_STW/AVE_D8 nan ANTELOPE_ACRES CA,ANTELOPE_ACRES
294,nan 93_STW(DRT)/VIC_AVE_E nan ANTELOPE_ACRES CA,ANTELOPE_ACRES
295,nan 91_STW/VIC_AVE_E14 nan ANTELOPE_ACRES CA,ANTELOPE_ACRES
296,nan AVE_F(DRT)/VIC_95TH_STW nan ANTELOPE_ACRES CA,ANTELOPE_ACRES
297,nan 102_STW/VIC_AVE_E4 nan ANTELOPE_ACRES CA,ANTELOPE_ACRES
298,nan COR_AVE_E8/101_STW nan ANTELOPE_ACRES CA,ANTELOPE_ACRES
299,nan VIC_AVE_F4/115_STW nan ANTELOPE_ACRES CA,ANTELOPE_ACRES
300,nan VIC_AVE_F14/110_STW nan ANTELOPE_ACRES CA,ANTELOPE_ACRES
301,nan VIC_AVE_F12/110_STW nan ANTELOPE_ACRES CA,ANTELOPE_ACRES
302,nan VIC_AVE_F8/100_STW nan ANTELOPE_ACRES CA,ANTELOPE_ACRES
303,nan AVE_G/VIC_110_STW nan ANTELOPE_ACRES CA,ANTELOPE_ACRES
304,nan VIC_AVE_G8/120_STW nan ANTELOPE_ACRES CA,ANTELOPE_ACRES
305,nan VIC_AVE_F4/125_STW nan ANTELOPE_ACRES CA,ANTELOPE_ACRES
306,nan VIC_AVE_G4/125_STW nan ANTELOPE_ACRES CA,ANTELOPE_ACRES
307,nan COR_MYRICK_CANYON_RD/AVE nan ANTELOPE_ACRES CA,ANTELOPE_ACRES
308,nan VIC_AVE_J4/139_STW nan DEL_SUR CA,DEL_SUR
309,nan VIC_75_STW/AVE_F12 nan ANTELOPE_ACRES CA,ANTELOPE_ACRES
310,nan VIC_AVE_F14/70_STW nan ANTELOPE_ACRES CA,ANTELOPE_ACRES
311,46503.0 70TH_ST_W nan LANCASTER CA,LANCASTER
312,nan VIC_AVE_G12/70_STW nan ANTELOPE_ACRES CA,ANTELOPE_ACRES
313,nan nan nan nan nan,nan
314,nan nan nan nan nan,nan
315,nan nan nan nan nan,nan
316,nan nan nan nan nan,nan
317,nan nan nan nan nan,nan
318,nan nan nan nan nan,nan
319,nan nan nan nan nan,nan
320,nan nan nan nan nan,nan
321,nan nan nan nan nan,nan
322,nan nan nan nan nan,nan
323,nan nan nan nan nan,nan
324,nan nan nan nan nan,nan
325,nan COR_AVE_B8(PAV)/250_STW( nan FAIRMONT CA,FAIRMONT
326,nan COR_AVE_C6(DRT)/267_STW( nan FAIRMONT CA,FAIRMONT
327,nan 240_STW(DRT)/VIC_AVE_B10 nan FAIRMONT CA,FAIRMONT
328,nan 225TH_STW(DRT)/VIC_AVE_B BRNCH FAIRMONT CA,FAIRMONT
329,nan VIC_AVE_E7/224_STW nan FAIRMONT CA,FAIRMONT
330,nan VIC_235_STW/AVE_F4 nan SAWMILL_MOUNTAIN CA,SAWMILL_MOUNTAIN
331,nan VIC_AVE_F10/229_STW nan SAWMILL_MOUNTAIN CA,SAWMILL_MOUNTAIN
332,nan VIC_AVE_E3/54_STE nan REDMAN CA,REDMAN
333,nan VIC_AVE_E3/55_STE nan REDMAN CA,REDMAN
334,nan VIC_AVE_D-2/93_STE nan REDMAN CA,REDMAN
335,nan AVE_E-2/VIC_91_STE nan REDMAN CA,REDMAN
336,nan AVE_E-3/VIC_91_STE nan REDMAN CA,REDMAN
337,nan 92_STE/VIC_AVE_E3 nan REDMAN CA,REDMAN
338,nan AVE_E3/VIC_91_STE nan REDMAN CA,REDMAN
339,nan AVE_E3/VIC_91_STE nan REDMAN CA,REDMAN
340,nan VIC_AVE_F14/97_STE nan REDMAN CA,REDMAN
341,nan 120_STE/VIC_AVE_D6 nan REDMAN CA,REDMAN
342,nan AVE_E/VIC_122_STE nan REDMAN CA,REDMAN
343,nan AVE_E/VIC_132_STE nan REDMAN CA,REDMAN
344,nan VIC_AVE_F/160_STE nan REDMAN CA,REDMAN
345,nan VIC_163RD_STE/AVE_F4 nan REDMAN CA,REDMAN
346,nan VIC_AVE_F/150_STE nan REDMAN CA,REDMAN
347,nan VIC_155_STE/AVE_F8 nan REDMAN CA,REDMAN
348,nan AVE_E8/VIC_184_STE nan HI_VISTA CA,HI_VISTA
349,nan VIC_AVE_E12/183_STE nan HI_VISTA CA,HI_VISTA
350,nan AVE_E8/VIC_185_STE nan HI_VISTA CA,HI_VISTA
351,nan VIC_AVE_E2/191_STE nan HI_VISTA CA,HI_VISTA
352,nan AVE_E8/VIC_191_STE nan HI_VISTA CA,HI_VISTA
353,19703.0 AVENUE_G nan LANCASTER CA,LANCASTER
354,nan VIC_AVE_F8/188_STE nan HI_VISTA CA,HI_VISTA
355,nan VIC_AVE_F/177_STE nan HI_VISTA CA,HI_VISTA
356,nan VIC_AVE_A4/210_STE nan HI_VISTA CA,HI_VISTA
357,nan VIC_AVE_A6/214_STE nan HI_VISTA CA,HI_VISTA
358,nan VIC_AVE_A10/220_STE nan HI_VISTA CA,HI_VISTA
359,nan VIC_AVE_A10/220_STE nan HI_VISTA CA,HI_VISTA
360,nan VIC_AVE_A8/225_STE nan HI_VISTA CA,HI_VISTA
361,nan VIC_AVE_B/220_STE nan HI_VISTA CA,HI_VISTA
362,nan VIC_AVE_C4/205_STE nan HI_VISTA CA,HI_VISTA
363,nan VIC_AVE_C4/220_STE nan HI_VISTA CA,HI_VISTA
364,nan VIC_AVE_C10/210_STE nan HI_VISTA CA,HI_VISTA
365,nan VIC_AVE_D/210_STE nan HI_VISTA CA,HI_VISTA
366,nan AVE_E(DRT)/VIC_205_STE nan HI_VISTA CA,HI_VISTA
367,nan AVE_D8(DRT)/VIC_210_STE nan HI_VISTA CA,HI_VISTA
368,nan VIC_AVE_D8/210_STE nan HI_VISTA CA,HI_VISTA
369,nan VIC_AVE_D10/210_STE nan HI_VISTA CA,HI_VISTA
370,nan VIC_AVE_D10/210_STE nan HI_VISTA CA,HI_VISTA
371,nan VIC_AVE_D4/221_STE nan HI_VISTA CA,HI_VISTA
372,nan 220_STE(DRT)/VIC_AVE_E10 nan HI_VISTA CA,HI_VISTA
373,nan 220_STE(DRT)/VIC_AVE_E10 nan HI_VISTA CA,HI_VISTA
374,nan VIC_AVE_E10/220_STE nan HI_VISTA CA,HI_VISTA
375,nan VIC_AVE_E10/218_STE nan HI_VISTA CA,HI_VISTA
376,nan VIC_AVE_F8/VIC_210_STE nan HI_VISTA CA,HI_VISTA
377,nan VIC_205_STE/VIC_AVE_F8 nan HI_VISTA CA,HI_VISTA
378,nan VIC_AVE_F/VIC_205_STE nan HI_VISTA CA,HI_VISTA
379,nan AVE_D8/VIC_227_STE nan HI_VISTA CA,HI_VISTA
380,nan AVE_E/VIC_227_STE nan HI_VISTA CA,HI_VISTA
381,nan COR_220_STE/AVE_D12 nan HI_VISTA CA,HI_VISTA
382,nan COR_AVE_D8/VIC_225_STE nan HI_VISTA CA,HI_VISTA
383,nan COR_AVE_D8/225_STE nan HI_VISTA CA,HI_VISTA
384,nan VIC_AVE_D4/VIC_215_STE nan HI_VISTA CA,HI_VISTA
385,nan VIC_210_STE/VIC_AVE_D6 nan HI_VISTA CA,HI_VISTA
386,nan VIC_AVE_B8/245_STE nan HI_VISTA CA,HI_VISTA
387,nan VIC_AVE_B10/250_STE nan HI_VISTA CA,HI_VISTA
388,nan VIC_AVE_C6/245_STE nan HI_VISTA CA,HI_VISTA
389,nan VIC_AVE_C4/248_STE nan HI_VISTA CA,HI_VISTA
390,nan VIC_240_STE/AVE_C10 nan HI_VISTA CA,HI_VISTA
391,nan VIC_AVE_C12/242_STE nan HI_VISTA CA,HI_VISTA
392,nan VIC_AVE_C8/252_STE nan HI_VISTA CA,HI_VISTA
393,nan VIC_AVE_D12/254_STE nan HI_VISTA CA,HI_VISTA
394,nan VIC_AVE_D/237_STE nan HI_VISTA CA,HI_VISTA
395,nan VIC_245_STE/AVE_E6 nan HI_VISTA CA,HI_VISTA
396,nan VIC_AVE_F6/247_STE nan HI_VISTA CA,HI_VISTA
397,nan COR_AVE_F/240_STE nan HI_VISTA CA,HI_VISTA
398,nan VIC_AVE_F12/232_STE nan HI_VISTA CA,HI_VISTA
399,nan 235_STE/VIC_AVE_G10 nan HI_VISTA CA,HI_VISTA
400,nan 240_STE/VIC_AVE_H nan HI_VISTA CA,HI_VISTA
401,nan 235_STE/VIC_AVE_H nan HI_VISTA CA,HI_VISTA
402,45848.0 242ND_ST_E nan LANCASTER CA,LANCASTER
403,nan VIC_245_STE/AVE_H2 nan HI_VISTA CA,HI_VISTA
404,nan COR_AVE_I4/235_STE nan BUTTE_VALLEY CA,BUTTE_VALLEY
405,nan AVE_I4/VIC_235_STE nan BUTTE_VALLEY CA,BUTTE_VALLEY
406,nan 240TH_STE(DRT)/VIC_LANCA nan HI_VISTA CA,HI_VISTA
407,nan VIC_AVE_I4/240_STE nan BUTTE_VALLEY CA,BUTTE_VALLEY
408,nan COR_AVE_G10/235_STE nan HI_VISTA CA,HI_VISTA
409,25229.0 AVENUE_J4 nan LANCASTER CA,LANCASTER
410,nan AVE_K/VIC_255_STE nan BUTTE_VALLEY CA,BUTTE_VALLEY
411,nan VIC_AVE_L/VIC_255_STE nan BUTTE_VALLEY CA,BUTTE_VALLEY
412,nan VIC_243_STE/AVE_K8 nan BUTTE_VALLEY CA,BUTTE_VALLEY
413,nan COR_AVE_L2/252_STE nan BUTTE_VALLEY CA,BUTTE_VALLEY
414,nan COR_AVE_L2/252_STE nan BUTTE_VALLEY CA,BUTTE_VALLEY
415,25716.0 AVENUE_M nan PALMDALE CA,PALMDALE
416,nan AVE_M/VIC_246_STE nan BUTTE_VALLEY CA,BUTTE_VALLEY
417,nan 250_STE/VIC_AVE_M7 nan BUTTE_VALLEY CA,BUTTE_VALLEY
418,nan 246_STE/VIC_AVE_M8 nan BUTTE_VALLEY CA,BUTTE_VALLEY
419,nan AVE_M/VIC_231_STE nan BUTTE_VALLEY CA,BUTTE_VALLEY
420,nan 244_STE/VIC_AVE_N11 nan BLACK_BUTTE CA,BLACK_BUTTE
421,nan AVE_N/VIC_255_STE nan BLACK_BUTTE CA,BLACK_BUTTE
422,nan AVE_N/VIC_255_STE nan BLACK_BUTTE CA,BLACK_BUTTE
423,nan AVE_N/VIC_255_STE nan BLACK_BUTTE CA,BLACK_BUTTE
424,nan AVE_N/VIC_255_STE nan BLACK_BUTTE CA,BLACK_BUTTE
425,nan 220_STE/VIC_AVE_G8 nan HI_VISTA CA,HI_VISTA
426,nan AVE_G/VIC_224_STE nan HI_VISTA CA,HI_VISTA
427,nan VIC_AVE_H14/216_STE nan BUTTE_VALLEY CA,BUTTE_VALLEY
428,nan 205_STE/VIC_AVE_H4 nan HI_VISTA CA,HI_VISTA
429,nan AVE_I/VIC_206_STE nan BUTTE_VALLEY CA,BUTTE_VALLEY
430,nan 212_STE/VIC_AVE_H6 nan HI_VISTA CA,HI_VISTA
431,nan VIC_AVE_J6/212_STE nan BUTTE_VALLEY CA,BUTTE_VALLEY
432,nan COR_AVE_J4/227_STE nan BUTTE_VALLEY CA,BUTTE_VALLEY
433,nan AVE_J14/VIC_226_STE nan BUTTE_VALLEY CA,BUTTE_VALLEY
434,nan 220_STE/VIC_AVE_K14 nan BUTTE_VALLEY CA,BUTTE_VALLEY
435,nan VIC_AVE_L10/220_STE nan BUTTE_VALLEY CA,BUTTE_VALLEY
436,nan VIC_AVE_M4/LARGO_VISTA_R nan BUTTE_VALLEY CA,BUTTE_VALLEY
437,nan LARGO_VISTA_RD/VIC_AVE_M CRES BUTTE_VALLEY CA,BUTTE_VALLEY
438,nan LARGO_VISTA(DRT)/VIC_AVE nan BUTTE_VALLEY CA,BUTTE_VALLEY
439,nan AVE_N8(DRT)/VIC_LARGO_VI nan BLACK_BUTTE CA,BLACK_BUTTE
440,nan VIC_AVE_N10/215_STE nan BLACK_BUTTE CA,BLACK_BUTTE
441,nan VIC_187_STE/AVE_G14 nan HI_VISTA CA,HI_VISTA
442,nan VIC_182_STE/AVE_G10 nan HI_VISTA CA,HI_VISTA
443,nan COR_186_STE/AVE_H11 nan HI_VISTA CA,HI_VISTA
444,nan AVE_H8/VIC_182_STE nan HI_VISTA CA,HI_VISTA
445,nan VIC_AVE_I/170_STE nan BUTTE_VALLEY CA,BUTTE_VALLEY
446,nan VIC_AVE_I/170_STE nan BUTTE_VALLEY CA,BUTTE_VALLEY
447,nan COR_AVE_I/180_STE nan BUTTE_VALLEY CA,BUTTE_VALLEY
448,nan VIC_AVE_I/175_STE nan BUTTE_VALLEY CA,BUTTE_VALLEY
449,nan VIC_AVE_J/185_STE nan BUTTE_VALLEY CA,BUTTE_VALLEY
450,nan 140_STE(PAV)/VIC_AVE_G10 nan ROSEVELT CA,ROSEVELT
451,nan VIC_AVE_G10/145_STE nan ROSEVELT CA,ROSEVELT
452,nan VIC_AVE_G8/140_STE nan ROSEVELT CA,ROSEVELT
453,nan CAPLETON(DRT)/VIC_150_ST nan ROSEVELT CA,ROSEVELT
454,nan BRIGHTSTONE(DRT)/VIC_153 nan ROSEVELT CA,ROSEVELT
455,nan VIC_AVE_G10/150_STE nan ROSEVELT CA,ROSEVELT
456,nan VIC_AVE_I/165_STE nan ROSEVELT CA,ROSEVELT
457,nan AVE_H/VIC_143_STE nan ROSEVELT CA,ROSEVELT
458,nan COR_AVE_J4/VIC_161_STE nan ROSEVELT CA,ROSEVELT
459,nan VIC_AVE_G6/112_STE nan ROSEVELT CA,ROSEVELT
460,nan VIC_AVE_G14/118_STE nan ROSEVELT CA,ROSEVELT
461,nan 125_STE/VIC_AVE_G2 nan ROSEVELT CA,ROSEVELT
462,nan AVE_G/VIC_135_STE nan ROSEVELT CA,ROSEVELT
463,nan 122_STE/VIC_AVE_H2 nan ROSEVELT CA,ROSEVELT
464,nan COR_AVE_H8/122_STE nan ROSEVELT CA,ROSEVELT
465,nan 122_STE/VIC_AVE_H6 nan ROSEVELT CA,ROSEVELT
466,nan COR_AVE_G8/115_STE nan ROSEVELT CA,ROSEVELT
467,nan 121_STE/VIC_AVE_I10 nan ROSEVELT CA,ROSEVELT
468,nan AVE_I/VIC_127_STE nan ROSEVELT CA,ROSEVELT
469,nan COR_133_STE/AVE_J8 nan ROSEVELT CA,ROSEVELT
470,nan 125_STE/VIC_AVE_I12 nan ROSEVELT CA,ROSEVELT
471,nan COR_116_STE/AVE_K5 nan ROSEVELT CA,ROSEVELT
472,nan COR_117_STE+120_STE/AVE nan ROSEVELT CA,ROSEVELT
473,nan COR_117_STE/AVE_K11 nan ROSEVELT CA,ROSEVELT
474,nan COR_118_STE/AVE_K12 nan ROSEVELT CA,ROSEVELT
475,nan VIC_AVE_M6/130_STE nan ALPINE_BUTTE CA,ALPINE_BUTTE
476,nan VIC_AVE_G2/84_STE nan ROSEVELT CA,ROSEVELT
477,nan VIC_AVE_H8/98_STE nan ROSEVELT CA,ROSEVELT
478,nan COR_AVE_I/90_STE nan ROSEVELT CA,ROSEVELT
479,nan COR_90TH_ST_E(PAV)/AVE_G BRNCH ROSEVELT CA,ROSEVELT
480,nan 107_STE/VIC_AVE_J6 nan ROSEVELT CA,ROSEVELT
481,nan COR_AVE_J(PAV)/81_STE(NO nan ROSEVELT CA,ROSEVELT
482,nan AVE_J4/VIC_81_STE nan ROSEVELT CA,ROSEVELT
483,nan COR_AVE_K14/95_STE nan ROSEVELT CA,ROSEVELT
484,nan 92_STE/VIC_AVE_L6 nan ROSEVELT CA,ROSEVELT
485,nan COR_93_STE/AVE_L4 nan ROSEVELT CA,ROSEVELT
486,nan VIC_AVE_G6/62_STE nan ROSEVELT CA,ROSEVELT
487,nan 80_STE/VIC_AVE_G nan ROSEVELT CA,ROSEVELT
488,nan VIC_AVE_G10/78_STE nan ROSEVELT CA,ROSEVELT
489,nan AVE_H/VIC_77_STE nan ROSEVELT CA,ROSEVELT
490,nan VIC_AVE_H12/78_STE nan ROSEVELT CA,ROSEVELT
491,nan VIC_AVE_H14/78_STE nan ROSEVELT CA,ROSEVELT
492,nan 60_STE/VIC_PILLSBURRY(I1 BLVD ROSEVELT CA,ROSEVELT
493,nan LANCASTER_BLVD/VIC_57_ST nan ROSEVELT CA,ROSEVELT
494,nan VIC_AVE_J4/80_STE nan ROSEVELT CA,ROSEVELT
495,nan 50__STE/VIC__AVE_J8 nan ROSEVELT CA,ROSEVELT
496,nan VIC_65_STE/AVE_K12 nan ROSEVELT CA,ROSEVELT
497,nan VIC_AVE_K8/75_STE nan ROSEVELT CA,ROSEVELT
498,nan VIC_AVE_K8/73_STE nan ROSEVELT CA,ROSEVELT
499,407.0 LA_BREA AVE INGLEWOOD CA,INGLEWOOD
500,420.0 MARKET ST INGLEWOOD CA,INGLEWOOD
501,620.0 HYDE_PARK BLVD INGLEWOOD CA,INGLEWOOD
502,nan nan nan INGLEWOOD CA,INGLEWOOD
503,4633.0 MARINE AVE LAWNDALE CA,LAWNDALE
504,nan nan nan LOS_ANGELES CA,LOS_ANGELES
505,nan nan nan LOS_ANGELES CA,LOS_ANGELES
506,1905.0 HARRIMAN LN REDONDO_BEACH CA,REDONDO_BEACH
507,3301.0 HERMOSA AVE HERMOSA_BEACH CA,HERMOSA_BEACH
508,6400.0 CRESCENT_PARK_E nan PLAYA_VISTA CA,PLAYA_VISTA
509,6400.0 CRESCENT_PARK_E nan PLAYA_VISTA CA,PLAYA_VISTA
510,11817.0 MARSHALL ST LOS_ANGELES CA,LOS_ANGELES
511,4571.0 INGLEWOOD BLVD LOS_ANGELES CA,LOS_ANGELES
512,4069.0 ALLA RD LOS_ANGELES CA,LOS_ANGELES
513,11928.0 IDAHO AVE LOS_ANGELES CA,LOS_ANGELES
514,1218.0 9TH ST SANTA_MONICA CA,SANTA_MONICA
515,1638.0 SUNSET AVE SANTA_MONICA CA,SANTA_MONICA
516,135.0 PRIVATEER MALL LOS_ANGELES CA,LOS_ANGELES
517,10126.0 EMPYREAN WAY LOS_ANGELES CA,LOS_ANGELES
518,8712.0 GREGORY WAY LOS_ANGELES CA,LOS_ANGELES
519,10701.0 WILSHIRE BLVD LOS_ANGELES CA,LOS_ANGELES
520,nan nan nan LOS_ANGELES CA,LOS_ANGELES
521,nan nan nan nan nan,nan
522,nan nan nan LOS_ANGELES CA,LOS_ANGELES
523,nan nan nan nan nan,nan
524,nan nan nan nan nan,nan
525,nan nan nan nan nan,nan
526,nan nan nan LOS_ANGELES CA,LOS_ANGELES
527,nan nan nan BEVERLY_HILLS CA,BEVERLY_HILLS
528,nan nan nan TOPANGA CA,TOPANGA
529,nan nan nan TOPANGA CA,TOPANGA
530,nan nan nan AGOURA_HILLS CA,AGOURA_HILLS
531,nan nan nan AGOURA_HILLS CA,AGOURA_HILLS
532,nan nan nan nan nan,nan
533,nan nan nan MALIBU CA,MALIBU
534,5043.0 VERDUN AVE LOS_ANGELES CA,LOS_ANGELES
535,3814.0 MOUNT_VERNON DR LOS_ANGELES CA,LOS_ANGELES
536,469.0 47TH ST LOS_ANGELES CA,LOS_ANGELES
537,1846.0 MARTIN_LUTHER_KING_JR BLVD LOS_ANGELES CA,LOS_ANGELES
538,nan nan nan LOS_ANGELES CA,LOS_ANGELES
539,3050.0 HILLCREST DR LOS_ANGELES CA,LOS_ANGELES
540,2632.0 KENWOOD AVE LOS_ANGELES CA,LOS_ANGELES
541,1947.0 CLAUDINA AVE LOS_ANGELES CA,LOS_ANGELES
542,1814.0 HAUSER BLVD LOS_ANGELES CA,LOS_ANGELES
543,1226.0 MAGNOLIA AVE LOS_ANGELES CA,LOS_ANGELES
544,402.0 42ND PL LOS_ANGELES CA,LOS_ANGELES
545,925.0 43RD ST LOS_ANGELES CA,LOS_ANGELES
546,1365.0 21ST ST LOS_ANGELES CA,LOS_ANGELES
547,1036.0 ALVARADO ST LOS_ANGELES CA,LOS_ANGELES
548,1042.0 ALVARADO ST LOS_ANGELES CA,LOS_ANGELES
549,108.0 2ND ST LOS_ANGELES CA,LOS_ANGELES
550,800.0 1ST ST LOS_ANGELES CA,LOS_ANGELES
551,nan nan nan LOS_ANGELES CA,LOS_ANGELES
552,nan nan nan VERNON CA,VERNON
553,nan nan nan VERNON CA,VERNON
554,nan nan nan VERNON CA,VERNON
555,nan nan nan VERNON CA,VERNON
556,2738.0 CINCINNATI ST LOS_ANGELES CA,LOS_ANGELES
557,nan nan nan LOS_ANGELES CA,LOS_ANGELES
558,nan nan nan LOS_ANGELES CA,LOS_ANGELES
559,nan nan nan LOS_ANGELES CA,LOS_ANGELES
560,nan nan nan LOS_ANGELES CA,LOS_ANGELES
561,618.0 MARIANNA AVE LOS_ANGELES CA,LOS_ANGELES
562,1252.0 VANCOUVER AVE LOS_ANGELES CA,LOS_ANGELES
563,2016.0 9TH ST ALHAMBRA CA,ALHAMBRA
564,2208.0 CATHRYN PL SOUTH_SAN_GABRIEL CA,SOUTH_SAN_GABRIEL
565,3044.0 BURTON AVE ROSEMEAD CA,ROSEMEAD
566,3538.0 SIERRA ST LOS_ANGELES CA,LOS_ANGELES
567,1112.0 FAIR_OAKS AVE SOUTH_PASADENA CA,SOUTH_PASADENA
568,nan nan nan SAN_MARINO CA,SAN_MARINO
569,nan nan nan ALHAMBRA CA,ALHAMBRA
570,nan nan nan SAN_GABRIEL CA,SAN_GABRIEL
571,1000.0 SUNSET BLVD LOS_ANGELES CA,LOS_ANGELES
572,1644.0 GOLDEN_GATE AVE LOS_ANGELES CA,LOS_ANGELES
573,2613.0 HURON ST LOS_ANGELES CA,LOS_ANGELES
574,nan nan nan LOS_ANGELES CA,LOS_ANGELES
575,3039.0 TATUM ST LOS_ANGELES CA,LOS_ANGELES
576,nan nan nan LOS_ANGELES CA,LOS_ANGELES
577,4549.0 ALUMNI AVE LOS_ANGELES CA,LOS_ANGELES
578,1135.0 AVENUE_56 nan LOS_ANGELES CA,LOS_ANGELES
579,5237.0 MERIDIAN ST LOS_ANGELES CA,LOS_ANGELES
580,6139.0 MOUNT_ANGELUS DR LOS_ANGELES CA,LOS_ANGELES
581,220.0 WESTMORELAND AVE LOS_ANGELES CA,LOS_ANGELES
582,601.0 KINGSLEY DR LOS_ANGELES CA,LOS_ANGELES
583,4733.0 ELMWOOD AVE LOS_ANGELES CA,LOS_ANGELES
584,542.0 LA_JOLLA AVE LOS_ANGELES CA,LOS_ANGELES
585,911.0 KINGS RD WEST_HOLLYWOOD CA,WEST_HOLLYWOOD
586,nan nan nan LOS_ANGELES CA,LOS_ANGELES
587,nan nan nan LOS_ANGELES CA,LOS_ANGELES
588,8787.0 SHOREHAM DR WEST_HOLLYWOOD CA,WEST_HOLLYWOOD
589,nan nan nan LOS_ANGELES CA,LOS_ANGELES
590,nan nan nan LOS_ANGELES CA,LOS_ANGELES
591,4411.0 LOS_FELIZ BLVD LOS_ANGELES CA,LOS_ANGELES
592,nan nan nan nan nan,nan
593,nan nan nan GLENDALE CA,GLENDALE
594,nan nan nan GLENDALE CA,GLENDALE
595,3481.0 STANCREST DR GLENDALE CA,GLENDALE
596,nan nan nan GLENDALE CA,GLENDALE
597,248.0 LORAINE ST GLENDALE CA,GLENDALE
598,nan nan nan GLENDALE CA,GLENDALE
599,587.0 SOUTH ST GLENDALE CA,GLENDALE
600,411.0 PIEDMONT AVE GLENDALE CA,GLENDALE
601,nan nan nan nan nan,nan
602,3310.0 CHEVY_CHASE DR GLENDALE CA,GLENDALE
603,589.0 GARFIELD AVE PASADENA CA,PASADENA
604,nan nan nan PASADENA CA,PASADENA
605,170.0 HOLLISTON AVE PASADENA CA,PASADENA
606,nan nan nan PASADENA CA,PASADENA
607,nan nan nan PASADENA CA,PASADENA
608,nan nan nan PASADENA CA,PASADENA
609,nan nan nan ARCADIA CA,ARCADIA
610,nan nan nan ARCADIA CA,ARCADIA
611,265.0 PAMELA RD ARCADIA CA,ARCADIA
612,nan nan nan LA_CANADA_FLINTRIDGE CA,LA_CANADA_FLINTRIDGE
613,569.0 CROSBY ST ALTADENA CA,ALTADENA
614,94.0 TREMONT ST PASADENA CA,PASADENA
615,2108.0 MINORU DR ALTADENA CA,ALTADENA
616,1213.0 62ND ST LOS_ANGELES CA,LOS_ANGELES
617,nan nan nan LOS_ANGELES CA,LOS_ANGELES
618,6906.0 MAKEE AVE LOS_ANGELES CA,LOS_ANGELES
619,nan nan nan LOS_ANGELES CA,LOS_ANGELES
620,1831.0 78TH ST LOS_ANGELES CA,LOS_ANGELES
621,7610.0 BRIGHTON AVE LOS_ANGELES CA,LOS_ANGELES
622,1444.0 76TH PL LOS_ANGELES CA,LOS_ANGELES
623,1000.0 76TH PL LOS_ANGELES CA,LOS_ANGELES
624,1134.0 NADEAU ST LOS_ANGELES CA,LOS_ANGELES
625,845.0 84TH ST LOS_ANGELES CA,LOS_ANGELES
626,415.0 84TH ST LOS_ANGELES CA,LOS_ANGELES
627,9111.0 NORMANDIE AVE LOS_ANGELES CA,LOS_ANGELES
628,723.0 87TH ST LOS_ANGELES CA,LOS_ANGELES
629,810.0 MANCHESTER AVE LOS_ANGELES CA,LOS_ANGELES
630,1227.0 87TH PL LOS_ANGELES CA,LOS_ANGELES
631,1336.0 89TH ST LOS_ANGELES CA,LOS_ANGELES
632,9124.0 BUDLONG AVE LOS_ANGELES CA,LOS_ANGELES
633,nan nan nan LOS_ANGELES CA,LOS_ANGELES
634,610.0 99TH ST LOS_ANGELES CA,LOS_ANGELES
635,1535.0 97TH ST LOS_ANGELES CA,LOS_ANGELES
636,1035.0 93RD ST LOS_ANGELES CA,LOS_ANGELES
637,844.0 103RD ST LOS_ANGELES CA,LOS_ANGELES
638,758.0 105TH ST LOS_ANGELES CA,LOS_ANGELES
639,1916.0 110TH ST LOS_ANGELES CA,LOS_ANGELES
640,10973.0 ANZAC AVE LOS_ANGELES CA,LOS_ANGELES
641,nan nan nan LOS_ANGELES CA,LOS_ANGELES
642,10722.0 ANZAC AVE LOS_ANGELES CA,LOS_ANGELES
643,755.0 111TH PL LOS_ANGELES CA,LOS_ANGELES
644,11414.0 SAN_PEDRO ST LOS_ANGELES CA,LOS_ANGELES
645,18307.0 NORMANDIE AVE LOS_ANGELES CA,LOS_ANGELES
646,nan nan nan GARDENA CA,GARDENA
647,14636.0 BAHAMA AVE COMPTON CA,COMPTON
648,2223.0 HATCHWAY ST COMPTON CA,COMPTON
649,nan nan nan COMPTON CA,COMPTON
650,201.0 HARRIS AVE COMPTON CA,COMPTON
651,5401.0 FERTILE ST LYNWOOD CA,LYNWOOD
652,11307.0 VIRGINIA AVE LYNWOOD CA,LYNWOOD
653,8644.0 SOUTHGATE AVE SOUTH_GATE CA,SOUTH_GATE
654,8168.0 SAN_GABRIEL AVE SOUTH_GATE CA,SOUTH_GATE
655,5678.0 SHULL ST BELL_GARDENS CA,BELL_GARDENS
656,8814.0 IMPERIAL HWY DOWNEY CA,DOWNEY
657,nan nan nan DOWNEY CA,DOWNEY
658,15523.0 LAKEWOOD BLVD PARAMOUNT CA,PARAMOUNT
659,9518.0 FOSTORIA ST DOWNEY CA,DOWNEY
660,nan nan nan VERNON CA,VERNON
661,3919.0 52ND ST MAYWOOD CA,MAYWOOD
662,nan nan nan COMMERCE CA,COMMERCE
663,946.0 HANOVER AVE LOS_ANGELES CA,LOS_ANGELES
664,113.0 21ST ST MONTEBELLO CA,MONTEBELLO
665,9431.0 TOWNLEY DR PICO_RIVERA CA,PICO_RIVERA
666,9559.0 BERT ST PICO_RIVERA CA,PICO_RIVERA
667,nan nan nan nan nan,nan
668,12760.0 CUESTA ST CERRITOS CA,CERRITOS
669,nan nan nan HAWAIIAN_GARDENS CA,HAWAIIAN_GARDENS
670,nan nan nan BELLFLOWER CA,BELLFLOWER
671,nan nan nan LONG_BEACH CA,LONG_BEACH
672,nan nan nan nan nan,nan
673,nan nan nan LONG_BEACH CA,LONG_BEACH
674,107.0 SPRING ST LONG_BEACH CA,LONG_BEACH
675,2254.0 GAVIOTA AVE SIGNAL_HILL CA,SIGNAL_HILL
676,nan nan nan LONG_BEACH CA,LONG_BEACH
677,5280.0 ATHERTON ST LONG_BEACH CA,LONG_BEACH
678,3635.0 WILTON ST LONG_BEACH CA,LONG_BEACH
679,3609.0 2ND ST LONG_BEACH CA,LONG_BEACH
680,259.0 LOMA AVE LONG_BEACH CA,LONG_BEACH
681,1355.0 LOMA AVE LONG_BEACH CA,LONG_BEACH
682,nan nan nan LONG_BEACH CA,LONG_BEACH
683,134.0 15TH ST LONG_BEACH CA,LONG_BEACH
684,728.0 CEDAR AVE LONG_BEACH CA,LONG_BEACH
685,819.0 4TH ST LONG_BEACH CA,LONG_BEACH
686,3265.0 SANTA_FE AVE LONG_BEACH CA,LONG_BEACH
687,nan nan nan CARSON CA,CARSON
688,nan nan nan CARSON CA,CARSON
689,nan nan nan CARSON CA,CARSON
690,nan nan nan nan nan,nan
691,nan nan nan nan nan,nan
692,nan nan nan CARSON CA,CARSON
693,nan nan nan CARSON CA,CARSON
694,nan nan nan CARSON CA,CARSON
695,23832.0 RONAN AVE CARSON CA,CARSON
696,18208.0 CAIRO AVE CARSON CA,CARSON
697,nan nan nan CARSON CA,CARSON
698,21431.0 MONETA AVE CARSON CA,CARSON
699,1003.0 AMAPOLA AVE TORRANCE CA,TORRANCE
700,2030.0 BURNETT ST LONG_BEACH CA,LONG_BEACH
701,849.0 PACIFIC ST CARSON CA,CARSON
702,1223.0 BLINN AVE LOS_ANGELES CA,LOS_ANGELES
703,28602.0 MOUNT_SAWTOOTH DR RANCHO_PALOS_VERDES CA,RANCHO_PALOS_VERDES
704,284.0 18TH ST LOS_ANGELES CA,LOS_ANGELES
705,2222.0 MESA ST LOS_ANGELES CA,LOS_ANGELES
706,2511.0 GAFFEY ST LOS_ANGELES CA,LOS_ANGELES
707,531.0 ESPLANADE nan REDONDO_BEACH CA,REDONDO_BEACH
708,163.0 PASEO_DE_LA_CONCHA nan REDONDO_BEACH CA,REDONDO_BEACH
709,nan nan nan TORRANCE CA,TORRANCE
710,nan nan nan TORRANCE CA,TORRANCE
711,3608.0 PALOS_VERDES DR PALOS_VERDES CA,PALOS_VERDES
712,nan nan nan PALOS_VERDES_ESTATES CA,PALOS_VERDES_ESTATES
713,nan nan nan RANCHO_PALOS_VERDES CA,RANCHO_PALOS_VERDES
714,nan nan nan RANCHO_PALOS_VERDES CA,RANCHO_PALOS_VERDES
715,2235.0 25TH ST LOS_ANGELES CA,LOS_ANGELES
716,nan nan nan RANCHO_PALOS_VERDES CA,RANCHO_PALOS_VERDES
717,11238.0 ORR_AND_DAY RD NORWALK CA,NORWALK
718,nan nan nan DOWNEY CA,DOWNEY
719,10919.0 TELECHRON AVE WHITTIER CA,WHITTIER
720,13404.0 JERSEY AVE NORWALK CA,NORWALK
721,nan nan nan EL_MONTE CA,EL_MONTE
722,nan nan nan EL_MONTE CA,EL_MONTE
723,nan nan nan LA_PUENTE CA,LA_PUENTE
724,5445.0 CARLEY AVE WHITTIER CA,WHITTIER
725,nan nan nan WHITTIER CA,WHITTIER
726,8862.0 CALMOSA AVE WHITTIER CA,WHITTIER
727,14109.0 MCGEE DR WHITTIER CA,WHITTIER
728,nan nan nan WHITTIER CA,WHITTIER
729,8333.0 NORWALK BLVD WHITTIER CA,WHITTIER
730,684.0 UNRUH AVE LA_PUENTE CA,LA_PUENTE
731,16189.0 BAMBOO ST LA_PUENTE CA,LA_PUENTE
732,16713.0 MULVANE ST LA_PUENTE CA,LA_PUENTE
733,15847.0 DUBESOR ST VALINDA CA,VALINDA
734,nan nan nan COVINA CA,COVINA
735,22428.0 SHADY_ELM TER DIAMOND_BAR CA,DIAMOND_BAR
736,nan nan nan POMONA CA,POMONA
737,345.0 12TH ST POMONA CA,POMONA
738,1945.0 BAUDIN ST POMONA CA,POMONA
739,2990.0 PEYTON RD LA_VERNE CA,LA_VERNE
740,4900.0 GRAND AVE COVINA CA,COVINA
741,nan nan nan COVINA CA,COVINA
742,nan nan nan COVINA CA,COVINA
743,1457.0 PIONEER DR WEST_COVINA CA,WEST_COVINA
744,1112.0 TERESA ST WEST_COVINA CA,WEST_COVINA
745,220.0 WILLOW AVE WEST_COVINA CA,WEST_COVINA
746,1633.0 ST_MALO ST WEST_COVINA CA,WEST_COVINA
747,2017.0 MICHELLE ST WEST_COVINA CA,WEST_COVINA
748,14208.0 ROCKENBACH ST BALDWIN_PARK CA,BALDWIN_PARK
749,3524.0 MAINE AVE BALDWIN_PARK CA,BALDWIN_PARK
750,3902.0 TYLER AVE EL_MONTE CA,EL_MONTE
751,406.0 ALAMEDA AVE AZUSA CA,AZUSA
752,nan nan nan AZUSA CA,AZUSA
753,205.0 LOUISE AVE AZUSA CA,AZUSA
754,621.0 SUNSET AVE AZUSA CA,AZUSA
755,1018.0 5TH ST AZUSA CA,AZUSA
756,nan nan nan AZUSA CA,AZUSA
757,1390.0 ELMGROVE DR GLENDORA CA,GLENDORA
758,nan nan nan nan nan,nan
759,1798.0 VIA_ARROYO nan LA_VERNE CA,LA_VERNE
760,2872.0 BASE_LINE RD LA_VERNE CA,LA_VERNE
761,16.0 TANGLEWOOD DR POMONA CA,POMONA
762,nan nan nan WEST_COVINA CA,WEST_COVINA
763,1674.0 CAFFREY LN WEST_COVINA CA,WEST_COVINA
764,16541.0 ARVID ST LA_PUENTE CA,LA_PUENTE
765,nan nan nan WALNUT CA,WALNUT
