OLDESTDELYR,DEFAULTAMT,DEFNUMBER,TAXUPDATED,ID,FIPS,CO3,APN,OWNERNAME,OWNER 1,OWNER 2,CAREOF,S_HSENO,S_HSESUB,S_DIR,STREET,S_SFX,UNIT,CITY,STATE,ZIP,ZIP4,M_HSENO,M_HSESUB,M_DIR,M_STREET,M_SFX,UNIT,M_CITY,M_STATE,M_ZIP,M_ZIP4,LANDVAL,IMPVALUE,OTHERVALUE,TOTALVALUE,EXEMPAMT,EXEMPT,RATIO,TTAX,STATUS,ZONING,COUNTYUSE,USETYPE,TRA,LEGAL,YRDELQ,LOTACRES,LOTSQFT,VESTING,DATE
2013,59633.71,,12/16/19,5,6037,LAX,2359-015-013,LEWIS ALICIA L DECD EST OF,LEWIS ALICIA L DECD EST OF,,C/O MARC P JACOBS,4924,,,VENTURA CANYON,AVE,,LOS ANGELES,CA,91423,1408,11377,,W,OLYMPIC,BLVD,,LOS ANGELES,CA,90064,,"$760,000","$140,000",,"$900,000",,N,15%,,,LAR1,100,RESID. SINGLE FAMILY,13,TRACT # 14726 LOT 13,2014,0.155,"6,775",,2020
2013,12227.26,,12/16/19,15,6037,LAX,3018-011-019,DALE WILCOX,WILCOX DALE ET AL,WILCOX LEE A,,2102,,E,AVENUE Q5,,,PALMDALE,CA,93550,4031,2102,,E,AVENUE Q5,,,PALMDALE,CA,93550,,"$7,226","$33,820",,"$41,046",,N,82%,,,PDR1*,100,RESID. SINGLE FAMILY,15574,TRACT # 20592 LOT 55,2014,0.18,"7,881",,2020
2013,68797.79,,12/16/19,25,6037,LAX,5012-014-003,BIJAN MCGOWAN,MCGOWAN BIJAN,RADLEY LUCKY,,3814,,,MOUNT VERNON,DR,,LOS ANGELES,CA,90008,4812,3814,,,MOUNT VERNON,DR,,LOS ANGELES,CA,90008,,"$774,681","$328,974",,"$1,103,655",,N,29%,,,LCR1*,100,RESID. SINGLE FAMILY,1552,TRACT NO 4961 LOT 21,2014,0.225,"9,843",,2020
2013,9214.56,,12/16/19,43,6037,LAX,6047-020-043,FOLMAR FRANCES DECD EST OF,FOLMAR FRANCES DECD EST OF,,,9124,,S,BUDLONG,AVE,,LOS ANGELES,CA,90044,2018,9124,,S,BUDLONG,AVE,,LOS ANGELES,CA,90044,,"$18,874","$8,101",,"$26,975","$7,000",Y,30%,,,LCR320U*,100,RESID. SINGLE FAMILY,1208,GRIDER&HAMILTON'S SUNNY SIDE # 2 S 40 FT OF N 80 FT OF LOT 60,2014,0.091,"4,004",,2020
2013,3636.33,,12/16/19,46,6037,LAX,6068-001-019,ELISA S GUTIERREZ,GUTIERREZ ELISA S,,,10722,,,ANZAC,AVE,,LOS ANGELES,CA,90059,1304,10722,,,ANZAC,AVE,,LOS ANGELES,CA,90059,,"$5,688","$4,579",,"$10,267","$6,008",Y,44%,,,LAR1,100,RESID. SINGLE FAMILY,460,TRACT NO 5432 LOT 18,2014,0.119,"5,194",,2020
2014,14140.6,,12/16/19,17,6037,LAX,3053-042-490,STEVEN A SAITO,SAITO STEVEN A ET AL,SAITO GEORGE T,,37159,,,28TH ST E,,,PALMDALE,CA,93550,5971,37159,,,28TH ST E,,,PALMDALE,CA,93550,,"$16,852","$60,421",,"$77,273","$7,000",Y,78%,,,PDRPD100*,100,RESID. SINGLE FAMILY,7512,TR=42405 LOT 16,2015,0.097,"4,238",,2020
2014,7034.38,,12/16/19,18,6037,LAX,3102-011-015,ROBERT H OSENGA,OSENGA ROBERT H,,,42315,,,52ND ST W,,,LANCASTER,CA,93536,3662,42315,,,52ND ST W,,,LANCASTER,CA,93536,,"$8,101","$27,002",,"$35,103","$7,000",Y,76%,,,LCR17500*,100,RESID. SINGLE FAMILY,9569,TRACT # 14581 LOT 280,2015,0.275,"12,013",,2020
2014,17144.19,,12/16/19,38,6037,LAX,5852-012-028,GARY C STEPHEN,STEPHEN GARY C,,,2186,,,NEW YORK,DR,,ALTADENA,CA,91001,3432,2186,,,NEW YORK,DR,,ALTADENA,CA,91001,,"$79,799","$13,642",,"$93,441",,N,14%,,,LCR175,100,RESID. SINGLE FAMILY,10430,TRACT # 875 LOT COM AT MOST E COR OF LOT7 BLK E TH S 10 01'30 W 105.38 FT TH N 66 28'30 W 81.94 FT TH N 19 48'03 E 90.10 FT TH S 49 27'30 E 15 FT TH S 85 36'30 E 51.71 FT TO BEG PART OF LOT 7 BLK E,2015,0.158,"6,889",,2020
2014,38308.33,,12/16/19,53,6037,LAX,6151-004-043,DEANDRE ALFRED,ALFRED DEANDRE,,,713,,W,ARBUTUS,ST,,COMPTON,CA,90220,1905,713,,W,ARBUTUS,ST,,COMPTON,CA,90220,,"$107,268","$191,337",,"$298,605",,N,64%,,,COR1*,100,RESID. SINGLE FAMILY,2800,TRACT NO 62O7 LOT 10 BLK 16,2015,0.132,"5,751",,2020
2014,21402.27,,12/16/19,62,6037,LAX,7275-004-024,LUKE M FLAHERTY,FLAHERTY LUKE M,,,1110,,E,APPLETON,ST,,LONG BEACH,CA,90802,3532,1110,,E,APPLETON,ST,,LONG BEACH,CA,90802,,"$194,741","$31,722",,"$226,463",,N,14%,,,LBR3S,100,RESID. SINGLE FAMILY,5500,TRACT # 2182 LOT 3,2015,0.074,"3,233",,2020
2014,6226.42,,12/16/19,64,6037,LAX,7470-028-009,TAKESHI & TOMO TAKAYAMA,TAKAYAMA TAKESHI AND TOMO TRS,TAKAYAMA TRUST,,3721,,S,PATTON,AVE,,LOS ANGELES,CA,90731,6033,3721,,S,PATTON,AVE,,SAN PEDRO,CA,90731,,"$45,025","$16,898",,"$61,923","$7,000",Y,27%,,,LAR1,100,RESID. SINGLE FAMILY,21,TRACT NO 7117 LOT 9 BLK 8,2015,0.194,"8,493",,2020
2014,28482.29,,12/16/19,81,6037,LAX,8562-004-002,INTERNATIONAL CHURCH OF THE FOUR SQUARE GOSPEL,INTERNATIONAL CHURCH OF THE FOUR SQUARE GOSPEL,,,13664,,,PRICHARD,ST,,LA PUENTE,CA,91746,1947,,,,PO BOX 524,,,LA PUENTE,CA,91747,,"$155,218","$133,004",,"$288,222",,N,46%,,,LCA106,100,RESID. SINGLE FAMILY,2218,TRACT # 16614 LOT 62,2015,0.134,"5,842",,2020
2014,6576.21,,12/16/19,85,6037,LAX,8707-014-039,2434 VALHALLA STREET LLC,2434 VALHALLA STREET LLC,,,452,,,JANSU,PL,,POMONA,CA,91768,3208,8816,,,FOOTHILL,BLVD,#103-4,RANCHO CUCAMONGA,CA,91730,,"$15,394","$29,972",,"$45,366",,N,66%,,,POR106,100,RESID. SINGLE FAMILY,7771,TRACT # 19951 LOT 38,2015,0.14,"6,100",,2020
2015,29991.6,,12/16/19,4,6037,LAX,2358-022-026,NANCY TU,TU NANCY,,,12924,,,ADDISON,ST,,LOS ANGELES,CA,91423,2216,12924,,,ADDISON,ST,,SHERMAN OAKS,CA,91423,,"$1,357,511","$898,354",,"$2,255,865",,N,39%,,,LAR1,100,RESID. SINGLE FAMILY,13,PM 67-74 LOT B,2016,0.483,"21,043",,2020
2015,7353.37,,12/16/19,14,6037,LAX,2870-012-039,LENNART & MARY L LAGREEN,LAGREEN LENNART AND MARY L TRS,LAGREEN FAMILY TRUST,,11391,,,ETIWANDA,AVE,,LOS ANGELES,CA,91326,2011,11391,,,ETIWANDA,AVE,,NORTHRIDGE,CA,91326,,"$31,403","$80,856",,"$112,259","$7,000",Y,72%,,,LARS,100,RESID. SINGLE FAMILY,16,TRACT NO 28660 LOT 106,2016,0.173,"7,547",,2020
2015,14211.37,,12/16/19,16,6037,LAX,3023-057-012,EDUARDO P GARCIA,GARCIA EDUARDO P JR,,,37616,,,NEWBURY,PL,,PALMDALE,CA,93552,3937,37616,,,NEWBURY,PL,,PALMDALE,CA,93552,,"$39,625","$118,777",,"$158,402",,N,74%,,,PDA21*,101,RESID. SINGLE FAMILY,6919,TR=45926 LOT 13,2016,0.165,"7,221",,2020
2015,11999.01,,12/16/19,58,6037,LAX,6347-024-011,JESSIE & ROBERT MARRON,MARRON JESSIE JR & ROBERT,,,4720,,,ORANGE,ST,,PICO RIVERA,CA,90660,2258,4720,,,ORANGE,ST,,PICO RIVERA,CA,90660,,"$61,455","$64,773",,"$126,228",,N,51%,,,PRSF*,100,RESID. SINGLE FAMILY,6451,TRACT # 8128 S 40 FT OF LOT 120,2016,0.095,"4,160",,2020
2016,5366.13,,12/16/19,32,6037,LAX,5433-007-016,AIDA BOCCANERA,BOCCANERA AIDA,AIDA BOCCANERA TRUST,,1948,,,MONON,ST,,LOS ANGELES,CA,90027,3202,1948,,,MONON,ST,,LOS ANGELES,CA,90027,,"$52,282","$52,717",,"$104,999","$7,000",Y,50%,,,LAR1,100,RESID. SINGLE FAMILY,13,TRACT NO 5832 LOT 167,2017,0.157,"6,847",,2020
2016,3439.69,,12/16/19,47,6037,LAX,6075-014-010,MADELYN PARKS,PARKS MADELYN,PARKS FAMILY WEALTH TRUST,,618,,W,112TH,ST,,LOS ANGELES,CA,90044,4206,618,,W,112TH,ST,,LOS ANGELES,CA,90044,,"$30,183","$32,082",,"$62,265","$7,000",Y,51%,,,LAR1,100,RESID. SINGLE FAMILY,212,TRACT # 2273 LOT 338,2017,0.122,"5,318",,2020
2016,22853.06,,12/16/19,52,6037,LAX,6143-005-020,DORIAN MURRAY,MURRAY DORIAN,ALBERT J MURRAY TRUST,,1801,,W,ARBUTUS,ST,,COMPTON,CA,90220,1448,717,,S,CALIFORNIA,AVE,,MONROVIA,CA,91016,,"$156,060","$156,060",,"$312,120",,N,50%,,,CORL*,100,RESID. SINGLE FAMILY,2800,TRACT NO 16966 LOT 57,2017,0.117,"5,117",,2020
2016,14478.98,,12/16/19,72,6037,LAX,8358-026-011,CSWF CONSTRUCTION INC,CSWF CONSTRUCTION INC,,,1470,,,ARROYO,AVE,,POMONA,CA,91768,2204,17360,,,COLIMA,RD,#156,ROWLAND HEIGHTS,CA,91748,,"$229,500","$102,000",,"$331,500",,N,30%,,,POR106,100,RESID. SINGLE FAMILY,7790,J E PACKARD'S ORANGE GROVE TRACT LOT ON SE LINE OF ARROYO AVE COM NE THEREON 213 FT FROM NE LINE OF DUDLEY ST TH NE ON SD SE LINE 87 FT WITH A UNIFORM DEPTHOF 150 FT SE PARALLEL WITH NE LINE OF SD ST PART OF LOT 28,2017,0.319,"13,924",,2020
2017,16972.38,,12/16/19,2,6037,LAX,2182-004-009,CATALYST VENTURES 1 LLC,CATALYST VENTURES 1 LLC,,,17807,,,VALLEY VISTA,BLVD,,LOS ANGELES,CA,91316,3714,17807,,,VALLEY VISTA,BLVD,,ENCINO,CA,91316,,"$755,616","$410,404",,"$1,166,020",,N,35%,,,LARE9,100,RESID. SINGLE FAMILY,37,TRACT # 15207 LOT 9,2018,0.192,"8,399",,2020
2017,2165.14,,12/16/19,3,6037,LAX,2269-024-006,STEVE & MARY ANN WANCHSNER,WANCHSNER STEVE AND MARY ANN TRS,WACHSNER FAMILY TRUST,,13732,,,LA MAIDA,ST,,LOS ANGELES,CA,91423,2421,13732,,,LA MAIDA,ST,,SHERMAN OAKS,CA,91423,,"$37,991","$49,200",,"$87,191","$7,000",Y,56%,,,LAR1,100,RESID. SINGLE FAMILY,13,TRACT NO 13454 LOT 81,2018,0.186,"8,117",,2020
2017,5944.68,,12/16/19,8,6037,LAX,2511-009-016,PROFESSOR INVESTMENTS LLC,PROFESSOR INVESTMENTS LLC,,,13243,,,RAVEN,ST,,LOS ANGELES,CA,91342,2429,345,,W,ELK,AVE,#9,GLENDALE,CA,91204,,"$190,332",,,"$190,332",,N,0%,,,LARA,100,RESID. SINGLE FAMILY,16,TRACT # 9596 NE 20 FT OF LOT 74 AND ALL OF LOT 73,2018,0.205,"8,957",,2020
2017,1537.15,,12/16/19,9,6037,LAX,2551-032-008,JOSEPH J ARMENDARIZ,ARMENDARIZ JOSEPH J,,,10902,,,MATHER,AVE,,LOS ANGELES,CA,91040,2120,10902,,,MATHER,AVE,,SUNLAND,CA,91040,,"$89,020","$85,234",,"$174,254",,N,48%,,,LAR1,101,RESID. SINGLE FAMILY,13,TRACT NO 14942 LOT 46,2018,0.188,"8,196",,2020
2017,3992.95,,12/16/19,11,6037,LAX,2610-008-009,SHIRLEY J GREEN,GREEN SHIRLEY J,GREEN TRUST,,16915,,,BIRCHER,ST,,LOS ANGELES,CA,91344,2716,16915,,,BIRCHER,ST,,GRANADA HILLS,CA,91344,,"$43,050","$72,712",,"$115,762","$7,000",Y,62%,,,LARS,100,RESID. SINGLE FAMILY,16,TRACT # 21264 LOT 93,2018,0.225,"9,804",,2020
2017,26667.09,,12/16/19,12,6037,LAX,2676-010-034,GRK PROPERTY LLC,GRK PROPERTY LLC,,,16433,,,GLEDHILL,ST,,LOS ANGELES,CA,91343,2806,16433,,,GLEDHILL,ST,,NORTH HILLS,CA,91343,,"$364,140","$171,666",,"$535,806",,N,32%,,,LARS,100,RESID. SINGLE FAMILY,16,TRACT # 21180 EX OF ST LOT 61,2018,0.147,"6,420",,2020
2017,7202.94,,12/16/19,20,6037,LAX,4216-005-017,CARLOS GUTIERREZ,GUTIERREZ CARLOS,GUTIERREZ DECD TRUST,,11160,,,ORVILLE,ST,,CULVER CITY,CA,90230,5381,,,,PO BOX 160851,,,MIAMI,FL,33116,,"$816,000","$129,030",,"$945,030",,N,13%,,,CCR1YY,100,RESID. SINGLE FAMILY,3170,TRACT NO 18325 LOT 32,2018,0.125,"5,484",,2020
2017,31090.69,,12/16/19,23,6037,LAX,4450-021-043,ALI SADEGHI,SADEGHI ALI CO TR,SADEGHI FAMILY TRUST,,20706,,,SEABOARD,RD,,MALIBU,CA,90265,5356,20706,,,SEABOARD,RD,,MALIBU,CA,90265,,"$674,575","$350,085",,"$1,024,660",,N,34%,,,LCRA40000*,100,RESID. SINGLE FAMILY,10854,"*LAND DESC IN DOC 0361383,040217*POR OF SE 1/4 OF NE 1/4 OF SEC 35 AND NW 1/4 OFSEC 36 T 1S R 17W",2018,0.559,"24,386",,2020
2017,7020.28,,12/16/19,29,6037,LAX,5320-022-005,WARREN H FOSTER,FOSTER WARREN H,FOSTER TRUST,,1831,,,LAUREL,ST,,SOUTH PASADENA,CA,91030,4814,1831,,,LAUREL,ST,,SOUTH PASADENA,CA,91030,,"$103,926","$58,541",,"$162,467","$7,000",Y,36%,,,SPR1E*,101,RESID. SINGLE FAMILY,9030,ONEONTA PARK LOT 5 BLK H,2018,0.401,"17,501",,2020
2017,21446.91,,12/16/19,36,6037,LAX,5567-008-030,DOMUSTRINITY LLC,DOMUSTRINITY LLC,,C/O BRANDO JURIS,2190,,,BEECH KNOLL,RD,,LOS ANGELES,CA,90046,1518,2190,,,BEECH KNOLL,RD,,LOS ANGELES,CA,90046,,"$1,120,635","$476,044",,"$1,596,679",,N,29%,,,LAR1,104,RESID. SINGLE FAMILY,67,TR=6840 LOT 33,2018,0.148,"6,474",,2020
2017,6545.1,,12/16/19,37,6037,LAX,5579-013-001,RICHARD J STILES,STILES RICHARD J,RICHARD J STILES TRUST,,3286,,,BLAIR,DR,,LOS ANGELES,CA,90068,1447,3286,,,BLAIR,DR,,LOS ANGELES,CA,90068,,"$159,576","$118,558",,"$278,134","$7,000",Y,42%,,,LAR1,100,RESID. SINGLE FAMILY,13,TRACT NO 7354 LOT 56,2018,0.102,"4,481",,2020
2017,28064.94,,12/16/19,39,6037,LAX,5857-023-028,FLOYD M WEAVER,WEAVER FLOYD M,FLOYD M WEAVER TRUST,C/O LINDA E PAQUETTE,2112,,,GRAND OAKS,AVE,,ALTADENA,CA,91001,3502,847,,S,GRAND,AVE,,PASADENA,CA,91105,,"$800,700","$102,000",,"$902,700",,N,11%,,,LCR175,100,RESID. SINGLE FAMILY,7617,TRACT NO 7584 LOT 118,2018,0.233,"10,159",,2020
2017,4048.02,,12/16/19,51,6037,LAX,6140-006-007,JEFFERSON & FANNIE J HUNDLEY,HUNDLEY JEFFERSON & FANNIE J,,,913,,E,CLAUDE,ST,,CARSON,CA,90746,1012,1202,,W,127TH,PL,,COMPTON,CA,90222,,"$78,914","$118,375",,"$197,289",,N,60%,,,CARS*,100,RESID. SINGLE FAMILY,3788,TRACT # 22702 LOT 24,2018,0.117,"5,099",,2020
2017,4474.6,,12/16/19,56,6037,LAX,6313-010-021,HILARIO & PETRA ORTIZ,ORTIZ HILARIO & PETRA,,,4540,,E,58TH,ST,,MAYWOOD,CA,90270,2914,4540,,E,58TH,ST,,MAYWOOD,CA,90270,,"$139,143","$59,870",,"$199,013","$7,000",Y,30%,,,MYR3PY,100,RESID. SINGLE FAMILY,656,TRACT # 4105 E 42 FT OF W 82 FT OF LOT 1736,2018,0.152,"6,628",,2020
2017,2524.23,,12/16/19,60,6037,LAX,7186-006-005,ELIZABETH F GIVEEN,GIVEEN ELIZABETH F,ELIZABETH F GIVEEN TRUST,,6218,,E,CONANT,ST,,LONG BEACH,CA,90808,2828,6218,,E,CONANT,ST,,LONG BEACH,CA,90808,,"$35,570","$30,079",,"$65,649","$7,000",Y,45%,,,LBR1N,100,RESID. SINGLE FAMILY,5517,TRACT NO 14261 LOT 85,2018,0.118,"5,153",,2020
2017,17530.67,,12/16/19,61,6037,LAX,7242-032-037,SHERRY LIOU,LIOU SHERRY,SHERRY LIOU TRUST,,5644,,,SPINNAKER BAY,DR,,LONG BEACH,CA,90803,6806,5644,,,SPINNAKER BAY,DR,,LONG BEACH,CA,90803,,"$494,777","$272,120",,"$766,897","$7,000",Y,35%,,,LBPD1,010D,RESID. PUD,5500,TR=46267 LOT 107,2018,0.076,"3,341",,2020
2017,3143.32,,12/16/19,63,6037,LAX,7379-007-010,AKIYOSHI & LOUISE M OTANI,OTANI AKIYOSHI & LOUISE M,,,22722,,,CERISE,AVE,,TORRANCE,CA,90505,2918,22722,,,CERISE,AVE,,TORRANCE,CA,90505,,"$111,194","$75,158",,"$186,352","$7,000",Y,40%,,,TORR-LO,100,RESID. SINGLE FAMILY,9340,TRACT # 18657 LOT 170,2018,0.137,"6,000",,2020
2017,3457.98,,12/16/19,67,6037,LAX,8023-002-010,ROBERT & SANDRA WILLIAMS,WILLIAMS ROBERT AND SANDRA TRS,WILLIAMS FAMILY TRUST,,12028,,,SUMMER,AVE,,NORWALK,CA,90650,2363,12028,,,SUMMER,AVE,,NORWALK,CA,90650,,"$24,900","$38,206",,"$63,106","$7,000",Y,60%,,,NOR105,100,RESID. SINGLE FAMILY,5295,TRACT # 16645 LOT 73,2018,0.123,"5,368",,2020
2017,8512.96,,12/16/19,68,6037,LAX,8032-004-004,H M MORGAN,MORGAN H M,H M MORGAN TRUST,,12027,,,EDDERTON,AVE,,WHITTIER,CA,90604,3044,12027,,,EDDERTON,AVE,,WHITTIER,CA,90604,,"$164,914","$87,393",,"$252,307","$7,000",Y,34%,,,LCRA06,100,RESID. SINGLE FAMILY,6802,TRACT # 17941 LOT 215,2018,0.132,"5,771",,2020
2017,900.47,,12/16/19,71,6037,LAX,8357-014-056,BEULAH D WEDDLE,WEDDLE BEULAH D,,,1176,,,LAUREL,AVE,,POMONA,CA,91768,2903,1176,,,LAUREL,AVE,,POMONA,CA,91768,,"$8,979","$12,714",,"$21,693","$7,000",Y,58%,,,POR2YY,100,RESID. SINGLE FAMILY,7790,CURRIER TRACT W 45 FT OF E 90 FT OF LOT 26 AND W 45 FT OF E 90 FT OF N 40 FT OF LOT 25 BLK C,2018,0.094,"4,096",,2020
2017,1944.98,,12/16/19,73,6037,LAX,8385-005-006,RANDI J RANTA,RANTA RANDI J,,,1152,,W,TUDOR,ST,,SAN DIMAS,CA,91773,3257,1152,,W,TUDOR,ST,,SAN DIMAS,CA,91773,,"$14,476","$37,113",,"$51,589","$7,000",Y,71%,,,SDR171/2,100,RESID. SINGLE FAMILY,5063,TRACT # 25446 LOT 16,2018,0.172,"7,534",,2020
2017,8470.65,,12/16/19,76,6037,LAX,8448-006-026,JAMES O & VIRGINIA L BRADISH,BRADISH JAMES O & VIRGINIA L,,,637,,S,RANCHO SIMI,DR,,COVINA,CA,91724,3359,637,,S,RANCHO SIMI,DR,,COVINA,CA,91724,,"$148,286","$213,924",,"$362,210","$7,000",Y,59%,,,CVR12L,101,RESID. SINGLE FAMILY,2719,TRACT NO 27950 LOT 66,2018,0.463,"20,193",,2020
2017,6724.33,,12/16/19,84,6037,LAX,8702-012-029,FRANK D & WANDA M MELLEN,MELLEN FRANK D & WANDA M,,,23328,,,FOREST CANYON,DR,,DIAMOND BAR,CA,91765,3019,23328,,,FOREST CANYON,DR,,DIAMOND BAR,CA,91765,,"$57,237","$138,740",,"$195,977","$7,000",Y,70%,,,LCR18000*,100,RESID. SINGLE FAMILY,10068,*TR=25096 LOT 17,2018,0.192,"8,390",,2020
2018,38385.88,,12/16/19,1,6037,LAX,2174-029-017,CHATSBORO ONE LLC,CHATSBORO ONE LLC,,,20620,STOPPED HERE,,CHATSBORO,DR,,LOS ANGELES,CA,91364,5654,20620,,,CHATSBORO,DR,,WOODLAND HILLS,CA,91364,,"$1,399,950","$1,399,950",,"$2,799,900",,N,50%,,,LARA,101,RESID. SINGLE FAMILY,37,*TR=33392 LOT 43,2019,0.792,"34,503",,2020
2018,51889.73,,12/16/19,6,6037,LAX,2378-016-019,MATTHIEU TOTA,TOTA MATTHIEU,,,11207,,,LAURIE,DR,,LOS ANGELES,CA,91604,3878,15,,,QUARTER ALLEE DE LA PEPI,,,92150 SURESNES,,,,"$1,428,000","$1,530,000",,"$2,958,000",,N,51%,,,LARE15,100,RESID. SINGLE FAMILY,13,PM 5-74 FOR DESC SEE ASSESSOR'S MAPS POROF LOT A,2019,0.306,"13,365",,2020
2018,14295.54,,12/16/19,10,6037,LAX,2606-019-024,MELDA M HEKIMIAN,HEKIMIAN MELDA M,,,11963,,,SALEM,DR,,LOS ANGELES,CA,91344,2348,11963,,,SALEM,DR,,GRANADA HILLS,CA,91344,,"$462,857","$264,982",,"$727,839",,N,36%,,,LARE11,101,RESID. SINGLE FAMILY,16,TRACT # 23892 LOT 23,2019,0.258,"11,243",,2020
2018,819.86,,12/16/19,13,6037,LAX,2830-028-028,BRANDON JACKSON,JACKSON BRANDON,,C/O EMC CAPITAL INVESTMENTS LLC,24505,,,PEACHLAND,AVE,,SANTA CLARITA,CA,91321,3458,24505,,,PEACHLAND,AVE,,SANTA CLARITA,CA,91321,,"$401,880","$408,000",,"$809,880",,N,50%,,,SCUR2,100,RESID. SINGLE FAMILY,223,*TR=33099 LOT 7,2019,0.446,"19,438",,2020
2018,655.18,,12/16/19,19,6037,LAX,4095-032-011,MARION C & KIYONO S NEWMAN,NEWMAN MARION C AND KIYONO S TRS,NEWMAN FAMILY TRUST,,2804,,,ARTESIA,BLVD,,TORRANCE,CA,90504,2918,2804,,,ARTESIA,BLVD,,TORRANCE,CA,90504,,"$48,323","$25,468",,"$73,791","$7,000",Y,34%,,,TORR-LO,100,RESID. SINGLE FAMILY,9340,TRACT # 16483 LOT 11,2019,0.116,"5,076",,2020
2018,16092.45,,12/16/19,21,6037,LAX,4344-004-027,JEFFREY WHALEN,WHALEN JEFFREY,611 N REXFORD DR TRUST,,611,,N,REXFORD,DR,,BEVERLY HILLS,CA,90210,3311,611,,N,REXFORD,DR,,BEVERLY HILLS,CA,90210,,"$4,892,000","$1,223,000",,"$6,115,000",,N,20%,,,BHR1*,101,RESID. SINGLE FAMILY,2410,BEVERLY HILLS LOT 27 BLK 56,2019,0.303,"13,231",,2020
2018,19542.8,,12/16/19,22,6037,LAX,4411-019-002,RLD PACIFIC PALISADES LLC,RLD PACIFIC PALISADES LLC,,,351,,,ALMA REAL,DR,,LOS ANGELES,CA,90272,4416,351,,,ALMA REAL,DR,,PACIFIC PALISADES,CA,90272,,"$5,000,000","$2,000,000",,"$7,000,000",,N,28%,,,LARE15,101,RESID. SINGLE FAMILY,67,TRACT # 9377 LOT 24 BLK 1,2019,0.342,"14,927",,2020
2018,7090.97,,12/16/19,24,6037,LAX,4472-010-035,MELVIN EDDY,EDDY MELVIN CO TR,ALESANDRINI/EDDY TRUST,,1532,,,DECKER CANYON,RD,,MALIBU,CA,90265,2420,1532,,,DECKER CANYON,RD,,MALIBU,CA,90265,,"$421,604",$102,,"$421,706","$7,000",Y,0%,,,LCA11*,100,RESID. SINGLE FAMILY,8632,SEE ASSESSOR'S MAPS POR OF NE 1/4 OF SW 1/4 OF SEC 16 T 1S R 19W,2019,1.721,"74,988",,2020
2018,3893.64,,12/16/19,26,6037,LAX,5041-030-029,CAROL SAMPSON,SAMPSON CAROL,,,1331,,,EXPOSITION,BLVD,,LOS ANGELES,CA,90018,4530,1331,,,EXPOSITION,BLVD,,LOS ANGELES,CA,90018,,"$25,258","$18,490",,"$43,748",,N,42%,,,LAR4,100,RESID. SINGLE FAMILY,210,DODGE TRACT S 46.3 FT OF N 167.8 FT OF LOT 6 BLK 4,2019,0.051,"2,236",,2020
2018,19359.72,,12/16/19,27,6037,LAX,5269-011-070,RICHARD B GURROLA,GURROLA RICHARD B ET AL,GURROLA ROBERT A,C/O JIM SCHNIEDERS TRUSTEE,600,,N,5TH,ST,,MONTEBELLO,CA,90640,3504,2708,,,FOOTHILL,BLVD,#242,LA CRESCENTA,CA,91214,,"$294,433","$361,018",,"$655,451",,N,55%,,,MNR1*,100,RESID. SINGLE FAMILY,6330,PARCEL MAP AS PER BK 19 PG 98 OF P M LOT 2,2019,0.194,"8,480",,2020
2018,56.05,,12/16/19,28,6037,LAX,5310-004-055,JEROME E GLOVER,GLOVER JEROME E,,,443,,,LA TERRAZA,ST,,SOUTH PASADENA,CA,91030,4142,443,,,LA TERRAZA,ST,,SOUTH PASADENA,CA,91030,,"$70,651","$103,836",,"$174,487","$7,000",Y,59%,,,SPR1*,100,RESID. SINGLE FAMILY,9032,TRACT NO 25588 LOT 398,2019,0.387,"16,868",,2020
2018,9565.47,,12/16/19,30,6037,LAX,5320-031-017,SAMUEL J & SHARSON S MUIR,MUIR SAMUEL J AND SHARSON S TRS,SAMUEL AND SHARSON MUIR TRUST,,1722,,,MILAN,AVE,,SOUTH PASADENA,CA,91030,4825,1722,,,MILAN,AVE,,SOUTH PASADENA,CA,91030,,"$606,969","$701,868",,"$1,308,837","$7,000",Y,53%,,,SPR1E*,101,RESID. SINGLE FAMILY,9030,ONEONTA PARK N 75 FT OF S 330.2 FT OF LOT 5 BLK J,2019,0.557,"24,300",,2020
2018,472.2,,12/16/19,31,6037,LAX,5376-036-049,GENE & WENDY H CHEN,CHEN GENE & WENDY H,CHEN MICHAEL,,6835,,N,VISTA,ST,,SAN GABRIEL,CA,91775,1131,6835,,,VISTA,ST,,SAN GABRIEL,CA,91775,,"$519,130","$129,774",,"$648,904","$7,000",Y,19%,,,LCR1YY,100,RESID. SINGLE FAMILY,8501,TR=21006 LOT 9,2019,0.302,"13,196",,2020
2018,7987.52,,12/16/19,33,6037,LAX,5434-036-015,ERIC & JOANNE M BALLARD,BALLARD ERIC & JOANNE M,,,2961,,,ANGUS,ST,,LOS ANGELES,CA,90039,2632,2961,,,ANGUS,ST,,LOS ANGELES,CA,90039,,"$882,042","$220,505",,"$1,102,547",,N,19%,,,LAR1,100,RESID. SINGLE FAMILY,13,TRACT # 15561 LOT 1,2019,0.24,"10,460",,2020
2018,441.26,,12/16/19,34,6037,LAX,5452-016-020,AMR INC,AMR INC,,,647,,,ISABEL,ST,,LOS ANGELES,CA,90065,1633,647,,,ISABEL,ST,,LOS ANGELES,CA,90065,,"$400,000","$63,000",,"$463,000",,N,13%,,,LAR1,100,RESID. SINGLE FAMILY,4,TRACT # 619 LOT 20,2019,0.117,"5,106",,2020
2018,8456.84,,12/16/19,35,6037,LAX,5464-030-006,STELLA P SIAS,SIAS STELLA P,,,1449,,,KILLARNEY,AVE,,LOS ANGELES,CA,90065,1813,1436,,,KILLARNEY,AVE,,LOS ANGELES,CA,90065,,"$181,521","$67,673",,"$249,194",,N,27%,,,LAR1,100,RESID. SINGLE FAMILY,4,TRACT # 6632 LOT 35,2019,0.123,"5,399",,2020
2018,1612.56,,12/16/19,40,6037,LAX,6026-007-005,PABLO G & INES HERNANDEZ,HERNANDEZ PABLO G & INES,BARBOZA ISMAEL R,,7923,,,LOU DILLON,AVE,,LOS ANGELES,CA,90001,3528,7923,,,LOU DILLON,AVE,,LOS ANGELES,CA,90001,,"$133,643","$45,060",,"$178,703","$7,000",Y,25%,,,LCR2*,100,RESID. SINGLE FAMILY,11983,NADEAU PARK VILLA TRACT LOTS 13 AND LOT 14 BLK 7,2019,0.133,"5,794",,2020
2018,4446.43,,12/16/19,41,6037,LAX,6037-024-049,GAYLES E TOUSSAINT,TOUSSAINT GAYLES E,,,8779,,S,HOBART,BLVD,,LOS ANGELES,CA,90047,3318,8779,,S,HOBART,BLVD,,LOS ANGELES,CA,90047,,"$231,750","$59,586",,"$291,336",,N,20%,,,LAR1,100,RESID. SINGLE FAMILY,307,TRACT NO 622O LOT 25 BLK 3,2019,0.149,"6,496",,2020
2018,560.45,,12/16/19,42,6037,LAX,6044-001-023,VEDA LLC,VEDA LLC,,C/O RAMON CARTZNES,1539,,E,87TH,ST,,LOS ANGELES,CA,90002,1309,16656,,,CALLE ARBOLADA,,,PACIFIC PALISADES,CA,90272,,"$268,000","$67,000",,"$335,000",,N,20%,,,LCR2*,100,RESID. SINGLE FAMILY,1198,PUTNEY PLACE LOT 33,2019,0.13,"5,669",,2020
2018,2627.74,,12/16/19,44,6037,LAX,6056-006-026,DARLA L & DERRICK A PULLIAM,PULLIAM DARLA L & DERRICK A,,,1330,,W,93RD,ST,,LOS ANGELES,CA,90044,1915,1330,,W,93RD,ST,,LOS ANGELES,CA,90044,,"$87,498","$43,741",,"$131,239",,N,33%,,,LCR320U*,100,RESID. SINGLE FAMILY,1208,OLIVITO HEIGHTS*E 50 FT OF LOT 42,2019,0.212,"9,252",,2020
2018,4548.99,,12/16/19,45,6037,LAX,6066-017-038,CECILIO CARRILLO,CARRILLO CECILIO,CHANCHAIAC MARCO A,,10323,,,JUNIPER,ST,,LOS ANGELES,CA,90002,3815,10323,,,JUNIPER,ST,,LOS ANGELES,CA,90002,,"$234,192","$82,008",,"$316,200",,N,25%,,,LAR1,100,RESID. SINGLE FAMILY,460,FORTHMANN TRACT LOTS 398 AND LOT 399,2019,0.149,"6,500",,2020
2018,638.66,,12/16/19,48,6037,LAX,6089-002-016,FRANCES MADURI,MADURI FRANCES,FRANCES MADURI TRUST,,1219,,W,121ST,ST,,LOS ANGELES,CA,90044,1127,1219,,W,121ST,ST,,LOS ANGELES,CA,90044,,"$27,447","$16,937",,"$44,384","$7,000",Y,38%,,,LCA1YY,100,RESID. SINGLE FAMILY,1228,HOWARD LOT 16 BLK A,2019,0.16,"7,001",,2020
2018,1605.8,,12/16/19,49,6037,LAX,6120-023-014,ESTHER MONTEVERDE,MONTEVERDE ESTHER,ESTHER MONTEVERDE TRUST,,16311,,S,DENVER,AVE,,LOS ANGELES,CA,90248,2606,16311,,S,DENVER,AVE,,GARDENA,CA,90248,,"$29,864","$54,993",,"$84,857","$7,000",Y,64%,,,LAR1,100,RESID. SINGLE FAMILY,19,TRACT NO 14153 LOT 14,2019,0.142,"6,190",,2020
2018,11721.27,,12/16/19,50,6037,LAX,6137-034-015,REGINALD K BROWN,BROWN REGINALD K,CHARLES H BROWN DECD TRUST,,14610,,S,CASWELL,AVE,,COMPTON,CA,90220,1112,4810,,,HOLLOW CORNER,RD,#142,CULVER CITY,CA,90230,,"$159,181","$159,181",,"$318,362",,N,50%,,,LCR1*,100,RESID. SINGLE FAMILY,3785,TRACT NO 24567 LOT 16,2019,0.115,"5,019",,2020
2018,1140.92,,12/16/19,54,6037,LAX,6151-007-004,JETTIE K BUTLER,BUTLER JETTIE K,JETTIE KENARD BUTLER TRUST,,628,,W,SCHOOL,ST,,COMPTON,CA,90220,1923,628,,W,SCHOOL,ST,,COMPTON,CA,90220,,"$16,453","$19,968",,"$36,421","$7,000",Y,54%,,,COR1*,100,RESID. SINGLE FAMILY,2800,TRACT NO 62O7 LOT 4 BLK 12,2019,0.131,"5,745",,2020
2018,1417.27,,12/16/19,55,6037,LAX,6153-011-010,DOMINGO HERNANDEZ,HERNANDEZ DOMINGO ET AL,HERNANDEZ BLANCA,C/O JOSE V ROMERO,522,,W,PEACH,ST,,COMPTON,CA,90222,3545,522,,W,PEACH,ST,,COMPTON,CA,90222,,"$117,045","$117,045",,"$234,090",,N,50%,,,CORM*,100,RESID. SINGLE FAMILY,2800,TRACT # 4469 LOT 5 BLK F,2019,0.057,"2,499",,2020
2018,99.5,,12/16/19,57,6037,LAX,6315-030-019,NADIA A DUNCAN,DUNCAN NADIA A,,,6311,,,WOODLAWN,AVE,,BELL,CA,90201,1416,6311,,,WOODLAWN,AVE,,BELL,CA,90201,,"$70,264","$67,420",,"$137,684","$7,000",Y,48%,,,BLR3*,100,RESID. SINGLE FAMILY,516,TRACT # 3766 N 50 FT OF LOT 1546,2019,0.172,"7,528",,2020
2018,1407.82,,12/16/19,59,6037,LAX,7110-027-006,HARRY J MILLER,MILLER HARRY J,,,9707,,,ARKANSAS,ST,,BELLFLOWER,CA,90706,5815,,,,PO BOX 5036,,,LOS ALAMITOS,CA,90721,,"$34,622","$34,406",,"$69,028",,N,49%,,,BFR1*,100,RESID. SINGLE FAMILY,2336,BELL FLOWER ACRES E 59 FT OF W 105 FT OF S 55 FT OF N 280 FT OF LOT 25,2019,0.074,"3,245",,2020
2018,4864.39,,12/16/19,65,6037,LAX,7546-021-011,MARLENE S GOERING,GOERING MARLENE S,,,26127,,,BASSWOOD,AVE,,RANCHO PALOS VERDES,CA,90275,1707,26127,,,BASSWOOD,AVE,,RANCHO PALOS VERD,CA,90275,,"$210,799","$94,932",,"$305,731","$7,000",Y,31%,,,RPRS8000*,100,RESID. SINGLE FAMILY,7099,TRACT # 21169 LOT 66,2019,0.18,"7,852",,2020
2018,178.23,,12/16/19,66,6037,LAX,7585-004-030,KELLEY R SPEARMAN,SPEARMAN KELLEY R CO TR,SPEARMAN TRUST,,28408,,,QUAILHILL,DR,,RANCHO PALOS VERDES,CA,90275,3342,28408,,,QUAILHILL,DR,,RANCHO PALOS VERD,CA,90275,,"$60,637","$93,820",,"$154,457","$7,000",Y,60%,,,RPRS10000*,100,RESID. SINGLE FAMILY,7097,TRACT NO 27858 LOT 14,2019,0.215,"9,395",,2020
2018,2424.84,,12/16/19,69,6037,LAX,8160-018-020,VINITA R CORKERN,CORKERN VINITA R,VINITA R CORKERN TRUST,,14328,,,LA FORGE,ST,,WHITTIER,CA,90603,1851,,,,PO BOX 664,,,SOLVANG,CA,93463,,"$61,749","$92,632",,"$154,381","$7,000",Y,60%,,,WHR16000*,100,RESID. SINGLE FAMILY,3507,TRACT # 14375 LOT 37,2019,0.135,"5,917",,2020
2018,1527.59,,12/16/19,70,6037,LAX,8238-030-039,EILEEN M GREENE,GREENE EILEEN M,GREENE FAMILY TRUST,,1285,,,ANTOINETTE,DR,,LA HABRA,CA,90631,8358,1285,,,ANTOINETTE,DR,,LA HABRA HEIGHTS,CA,90631,,"$27,666","$141,951",,"$169,617","$7,000",Y,83%,,,LCR11L,101,RESID. SINGLE FAMILY,6051,TRACT NO 27596 LOT 13,2019,0.281,"12,257",,2020
2018,146.02,,12/16/19,74,6037,LAX,8403-014-022,FRIEDA HUARD,HUARD FRIEDA,FRIEDA HUARD TRUST,,20358,,E,CALORA,ST,,COVINA,CA,91724,1225,20358,,E,CALORA,ST,,COVINA,CA,91724,,"$37,881","$96,516",,"$134,397","$7,000",Y,71%,,,LCA171/2,100,RESID. SINGLE FAMILY,2701,TRACT # 20164 LOT 16,2019,0.205,"8,965",,2020
2018,1868.97,,12/16/19,75,6037,LAX,8442-011-015,ROSEMARIE TRUSTEE FOLEY,FOLEY ROSEMARIE TRUSTEE,ROSEMARIE FOLEY TRUST,,712,,N,HYACINTH,AVE,,WEST COVINA,CA,91791,1059,712,,N,HYACINTH,AVE,,WEST COVINA,CA,91791,,"$32,058","$65,028",,"$97,086","$7,000",Y,66%,,,WCR19450*,101,RESID. SINGLE FAMILY,3083,TRACT # 20250 LOT 16,2019,0.219,"9,545",,2020
2018,4874.13,,12/16/19,77,6037,LAX,8465-024-015,CHRISTOPHER M HEDRICK,HEDRICK CHRISTOPHER M,,,1023,,N,ORANGE,AVE,,LA PUENTE,CA,91744,1734,1023,,N,ORANGE,AVE,,LA PUENTE,CA,91744,,"$230,877","$75,032",,"$305,909",,N,24%,,,LCA106,100,RESID. SINGLE FAMILY,2223,TRACT # 21751 LOT 45,2019,0.139,"6,071",,2020
2018,1577.53,,12/16/19,78,6037,LAX,8470-023-024,BILLIE R MENEGHEL,MENEGHEL BILLIE R,,,944,,W,GLENMERE,ST,,WEST COVINA,CA,91790,4826,944,,W,GLENMERE,ST,,WEST COVINA,CA,91790,,"$14,476","$65,683",,"$80,159","$7,000",Y,81%,,,WCR1*,100,RESID. SINGLE FAMILY,9495,TRACT NO 26098 LOT 1,2019,0.193,"8,424",,2020
2018,15161.31,,12/16/19,79,6037,LAX,8486-027-009,DAVID REJINO,REJINO DAVID,,,1726,,E,CHARLINDA,ST,,WEST COVINA,CA,91791,2607,1726,,E,CHARLINDA,ST,,WEST COVINA,CA,91791,,"$67,311","$147,327",,"$214,638","$7,000",Y,68%,,,WCR1YY,100,RESID. SINGLE FAMILY,9495,TRACT # 20456 LOT 27,2019,0.208,"9,070",,2020
2018,1327.77,,12/16/19,80,6037,LAX,8489-019-006,ALLAN P BANGS,BANGS ALLAN P ET AL TRS,SCHOLER P BANGS TRUST,,362,,E,MICHELLE,ST,,WEST COVINA,CA,91790,5030,362,,E,MICHELLE,ST,,WEST COVINA,CA,91790,,"$16,898","$47,224",,"$64,122","$7,000",Y,73%,,,WCR1YY,100,RESID. SINGLE FAMILY,9495,TRACT # 21509 LOT 25,2019,0.195,"8,509",,2020
2018,9706.83,,12/16/19,82,6037,LAX,8636-030-007,JOHN R & CONSTANCE WATSON,WATSON JOHN R AND CONSTANCE TRS,WATSON MARK & JENNIFER,,323,,E,SIERRA MADRE,AVE,,GLENDORA,CA,91741,2150,323,,E,SIERRA MADRE,AVE,,GLENDORA,CA,91741,,"$693,691","$760,112",,"$1,453,803",,N,52%,,,"GDE7-40,00",101,RESID. SINGLE FAMILY,4148,TRACT # 2960 LOT COM N 240 FT AND S 89 41'28 W 180 FT FROM SE COR OF LOT 5 TH N 246.85 FT TH S 89 46'50 W TO A PT N 89 46'50 E 360 FT FROM NW COR OF LOT SEE ASSESSOR MAPBOOK FOR MISSING PORTIONLOT 5,2019,1.111,"48,414",,2020
2018,1819.14,,12/16/19,83,6037,LAX,8656-022-010,WILFORD H ANDERSEN,ANDERSEN WILFORD H CO TR,W H AND J A ANDERSEN TRUST,,1165,,E,COMSTOCK,AVE,,GLENDORA,CA,91741,2911,1165,,E,COMSTOCK,AVE,,GLENDORA,CA,91741,,"$26,127","$71,849",,"$97,976","$7,000",Y,73%,,,GDE4,100,RESID. SINGLE FAMILY,4132,TRACT # 20601 LOT 10,2019,0.216,"9,409",,2020
